batter,batter_id,pa,xwoba,xslg,xba,avg_ev,hardhit_rate,batter_score,years_covered,prior_window
Albert Pujols,405395,70.0,0.5181198794077153,1.0070027307702327,0.4544791091275634,87.80467575841915,0.11104926245477317,1.5676327139684991,2,2021-2022
Miguel Cabrera,408234,206.0,0.3032866072912361,0.5060046939940108,0.297599750137903,83.37974914142133,0.07668273522585253,0.02940646236872915,3,2021-2023
Adam Wainwright,425794,13.0,0.07676891334250344,0.27044291609353505,0.25160522696011006,70.0111416781293,0.0921595598349381,-1.0036346564757812,2,2021-2023
Yadier Molina,425877,64.0,0.1837422126745435,0.3366522556390977,0.27448872180451134,77.25318644204093,0.06422305764411028,-0.6814581955739708,2,2021-2022
Kurt Suzuki,435559,68.0,0.3056963615174078,0.338433702749177,0.1982978310132729,79.71162882116265,0.055681450307542894,-0.27296762351534715,2,2021-2022
Nelson Cruz,443558,114.0,0.26718431078905,0.5894760686883449,0.24984779868469129,83.98205128205129,0.10526315789473684,0.10228610956327494,1,2021-2021
David Peralta,444482,237.0,0.36414041341344494,0.5574913955653632,0.36995063415034934,81.52974444005281,0.09130170726769687,0.3523435992765825,4,2021-2024
Manny Piña,444489,28.0,0.32575456349206344,0.861805357142857,0.34338363095238095,86.12222222222222,0.14285714285714285,0.6715177149200545,1,2021-2021
Alcides Escobar,444876,105.0,0.33465102479338843,0.5278005050505051,0.3542979797979798,75.41612903225807,0.028571428571428567,0.0020692782051589947,1,2021-2021
Evan Longoria,446334,128.0,0.3064562215503804,0.61888724116265,0.26869752737637337,85.42191004498287,0.0844811753902663,0.26295140340210504,3,2021-2023
Rich Hill,448179,8.0,0.0,0.325,0.285,28.3,0.0,-1.9302962293584875,1,2021-2021
Charlie Morton,450203,9.0,0.0,0.267,0.255,53.3,0.0,-1.5935506363852772,1,2021-2021
Jon Lester,452657,11.0,0.3458585,0.521826763572633,0.3087393605605791,70.8,0.0,-0.15810969477356646,1,2021-2021
Asdrúbal Cabrera,452678,1.0,0.066,0.061,0.06,76.9,0.0,-1.3658256589569062,1,2021-2021
Daniel Bard,453268,2.0,0.821,1.04,0.8599999999999999,99.9,0.5,3.6596383257962506,1,2021-2021
Max Scherzer,453286,8.0,0.006,0.019,0.011,84.75000000000001,0.0,-1.471379232398731,1,2021-2021
Charlie Blackmon,453568,238.0,0.3598707510297634,0.5141989707534346,0.34034967199461774,81.46979743447767,0.08650651673907486,0.2821305215854444,3,2021-2024
Martín Maldonado,455117,128.0,0.19769105266601097,0.5856896255077468,0.2968338119440144,78.00513510697415,0.04140038899694359,-0.4447422555328876,3,2021-2023
Robinson Chirinos,455139,19.0,0.23283333333333334,0.3666,0.291,82.44444444444444,0.10526315789473684,-0.27114838040137756,1,2022-2022
Johnny Cueto,456501,5.0,0.067,0.061,0.060000000000000005,56.25,0.0,-1.6997452875115533,1,2021-2021
Lorenzo Cain,456715,50.0,0.24358333333333337,0.3968888888888889,0.3328888888888889,82.84736842105262,0.08,-0.11011787808974303,1,2021-2021
Donovan Solano,456781,330.0,0.32349900695556427,0.5488448611638174,0.35480589776578675,83.7321164525816,0.09002246976143805,0.22975915006099157,5,2021-2025
Andrew McCutchen,457705,268.0,0.27037096097031377,0.4334815654057107,0.30418753654574987,82.37220385759052,0.06621548456957228,-0.15408327448113301,4,2021-2025
Justin Turner,457759,273.0,0.27433627050019377,0.46963050950982327,0.28059927698227405,81.75763984068755,0.0793792067641987,-0.1666485505063412,5,2021-2025
Buster Posey,457763,87.0,0.39359083794466404,0.47550639386189253,0.3453375959079284,82.9578947368421,0.08045977011494253,0.35785009007635055,1,2021-2021
J.A. Happ,457918,8.0,0.031,0.068,0.068,97.6,0.125,-0.8060811000340297,1,2021-2021
Joey Votto,458015,100.0,0.3571130222822592,0.41175085906311587,0.1874220400222346,81.32167071984436,0.07529182879377432,-0.04490162766006137,2,2021-2023
Brett Gardner,458731,84.0,0.16729856386999245,0.29369990079365077,0.1795421626984127,82.60344827586206,0.07142857142857142,-0.5509635609072621,1,2021-2021
Elvis Andrus,462101,166.0,0.3052221373308943,0.5539527044000954,0.28873595639719385,81.23264564952844,0.07646283338403813,0.056311540022605924,2,2022-2023
Carlos Santana,467793,365.0,0.40701277873625946,0.6004006052865517,0.359270835563763,84.95951530216144,0.10080147965474721,0.6833135429113196,5,2021-2025
Gerardo Parra,467827,7.0,0.454,0.5740000000000001,0.474,82.53333333333333,0.0,0.5052643054392737,1,2021-2021
Carlos Carrasco,471911,5.0,0.069,0.16649999999999998,0.1535,60.300000000000004,0.0,-1.4649339522915765,1,2021-2021
Brett Anderson,474463,9.0,0.0,0.521826763572633,0.3087393605605791,72.4,0.0,-1.0417118920234245,1,2021-2021
Jordy Mercer,474568,50.0,0.23312878787878788,0.5486190476190477,0.30804761904761907,81.64999999999999,0.08,-0.06491881802308155,1,2021-2021
Brandon Belt,474832,95.0,0.4377436403103017,1.1822756561319157,0.4029879017749467,82.04838709677419,0.07368421052631578,0.9788637971306478,1,2023-2023
Ryan Zimmerman,475582,48.0,0.27087181481481487,0.6035222222222225,0.27174444444444446,82.07142857142857,0.08333333333333333,0.05812305764963374,1,2021-2021
Alex Avila,488671,14.0,0.149,0.22925,0.2135,71.55,0.07142857142857142,-0.7973985079590706,1,2021-2021
Michael Brantley,488726,117.0,0.2927959424766422,0.4013797791419229,0.31486269767131514,85.9225993755992,0.15413358243811304,0.23371298036226784,2,2021-2023
Jason Castro,488771,64.0,0.5407124700854701,0.9134765432098768,0.41024444444444447,78.50000000000001,0.078125,1.0553060504327996,1,2021-2021
Yuli Gurriel,493329,231.0,0.28664343873960824,0.4232248206744294,0.299170963885971,84.22129063091072,0.1095664143152099,0.0740126581226032,4,2021-2024
Miguel Rojas,500743,202.0,0.27067983716549043,0.3703952930859759,0.3008615219395722,77.57202828443491,0.06505923924340054,-0.3591209341853139,5,2021-2025
Eduardo Escobar,500871,170.0,0.28333788219346906,0.5040692858994336,0.35231619602575315,80.9008599095504,0.05050279329608938,-0.10054336813159502,3,2021-2023
Ehire Adrianza,501303,60.0,0.3822729920871784,0.7806789384121997,0.3450311211466719,82.18310320888615,0.09683225341972641,0.5288380199793083,2,2021-2022
Juan Lagares,501571,69.0,0.2686,0.462,0.33816666666666667,78.3952380952381,0.08695652173913043,-0.04619766663489623,1,2021-2021
Abraham Almonte,501659,64.0,0.12334753333333331,0.18775,0.138125,82.64117647058823,0.046875,-1.1480331640701935,1,2022-2022
Khris Davis,501981,36.0,0.31784895833333326,0.9113416666666667,0.3401458333333333,86.65555555555555,0.08333333333333333,0.5500977706432232,1,2021-2021
Kyle Gibson,502043,6.0,0.0245,0.09,0.074,83.4,0.0,-1.334591111647584,1,2021-2021
Tommy Pham,502054,349.0,0.2882434927679342,0.45258365250984495,0.27365730484259543,81.4223801281872,0.06836235570338485,-0.12963533510918504,5,2021-2025
J.D. Martinez,502110,302.0,0.3925395372117581,0.835452050355465,0.43942281802382166,85.6013286696768,0.10967636482510625,0.8785578692932052,4,2021-2024
Paolo Espino,502179,9.0,0.2205,0.538,0.49,87.53333333333335,0.1111111111111111,0.22821423198839702,1,2021-2021
Tyler Ladendorf,502285,6.0,0.077,0.077,0.071,82.15,0.0,-1.2293813353092349,1,2021-2021
Paul Goldschmidt,502671,285.0,0.30699276179564533,0.6355085414399827,0.3287604928077291,84.67515577631461,0.09540025412960608,0.31031679002720053,5,2021-2025
Marwin Gonzalez,503556,58.0,0.242611750348675,0.5833120143454872,0.3207541841004184,83.6921262837581,0.03765690376569037,-0.09239804078560916,2,2021-2022
Yu Darvish,506433,4.0,0.0,0.521826763572633,0.30873936056057916,80.29007674668912,0.0,-0.9131208985851283,1,2021-2021
Sandy León,506702,15.0,0.4611446666666667,0.521826763572633,0.3087393605605791,74.3,0.0,0.20215888242062116,1,2021-2021
Jose Altuve,514888,306.0,0.31178984056188364,0.4609950634225068,0.31195321933464903,78.5019866557584,0.06647550776583035,-0.11111836613635759,5,2021-2025
César Hernández,514917,126.0,0.33626953797190756,0.4445575351617439,0.34170824191279886,80.32565913200722,0.07341772151898734,0.08366476674943209,2,2021-2022
Jean Segura,516416,140.0,0.2437670544213083,0.3397572212697052,0.2698352086012287,76.65234268160756,0.06315187883983425,-0.4673940462958454,2,2021-2022
Starling Marte,516782,160.0,0.2586735263862531,0.4080666774295323,0.24037451995453002,80.5045693928129,0.07755998648191957,-0.28694461939648885,3,2021-2025
Madison Bumgarner,518516,14.0,0.23057233333333335,0.521826763572633,0.3087393605605791,79.5,0.0,-0.31954495635957236,1,2021-2021
Charlie Culberson,518586,24.0,0.27828063831116107,0.510823827368684,0.23297802136031476,86.7430944350759,0.11804384485666104,-0.024507716085564516,2,2021-2022
Travis d'Arnaud,518595,262.0,0.2536075877511622,0.6402233853453594,0.34680205408177667,82.62002700207519,0.06246507295870848,-0.0013721555922679048,4,2021-2024
Josh Donaldson,518626,257.0,0.33679955256039623,0.6647965638444583,0.3276995988698209,85.94036467070235,0.07373641601633724,0.31472238325406543,3,2021-2023
Freddie Freeman,518692,396.0,0.37431447040072435,0.6358928341175144,0.30861783362649314,84.28740392356362,0.07815517437237307,0.4199999207514536,5,2021-2025
Yasmani Grandal,518735,143.0,0.3451912590617964,0.5010278673107644,0.3114896605153576,83.71979060365257,0.08795483061480548,0.32382669087923815,4,2021-2024
Jason Heyward,518792,137.0,0.35654906769052525,0.5919505689573593,0.3878847485186631,84.11259371531976,0.09484660116302386,0.46409102224704646,2,2023-2024
Merrill Kelly,518876,7.0,0.0,0.521826763572633,0.3087393605605791,80.29007674668912,0.0,-0.9131208985851283,1,2021-2021
Pete Kozma,518902,50.0,0.19680975,0.28771428571428576,0.25442857142857145,77.75,0.04,-0.5656677984165775,1,2021-2021
DJ LeMahieu,518934,182.0,0.32681321211461556,0.4923091240116956,0.3061963059557264,82.98378448363748,0.08270749085307143,0.09498339502477784,3,2021-2023
Mike Moustakas,519058,24.0,0.0793,0.19966666666666666,0.0645,83.3,0.08333333333333333,-1.105931169169892,1,2023-2023
Anthony Rizzo,519203,254.0,0.37146261816242604,0.5161006078499258,0.34258941983813423,81.86307857748697,0.0905125408942203,0.3503988670107415,3,2021-2024
Austin Romine,519222,59.0,0.1810057191944699,0.5012446512271477,0.2908369164778525,82.98403144669986,0.09924416694051921,-0.37850769331193346,2,2021-2022
Chris Sale,519242,3.0,0.0,0.521826763572633,0.3087393605605791,73.8,0.0,-1.018894954166748,1,2021-2021
Giancarlo Stanton,519317,376.0,0.38148478609761927,1.0041430785127885,0.4482235234804924,87.04242465804329,0.09609746811345897,1.0030129999483337,5,2021-2025
Stephen Vogt,519390,28.0,0.3146313822393823,0.6436351351351353,0.27316216216216216,89.14,0.14285714285714285,0.5536149971810598,1,2022-2022
Freddy Galvis,520471,62.0,0.2314010625,0.4918222222222222,0.3017888888888889,84.73913043478261,0.11290322580645161,0.011888586675946278,1,2021-2021
Salvador Perez,521692,355.0,0.31531190167483486,0.5778059689750094,0.3051203007209671,86.93884872476167,0.11672239517275837,0.3727987791107364,5,2021-2025
Wilmer Flores,527038,252.0,0.33307604212082625,0.5336149809252067,0.32895254628660375,82.32242092468354,0.08916391252373249,0.16319947130494625,4,2021-2025
Humberto Castellanos,528748,3.0,0.43901999999999997,0.76932,0.3006,72.7,0.3333333333333333,1.1026262168486058,1,2021-2021
Avisaíl García,541645,117.0,0.22773271299283376,0.3331916896143754,0.1752480975133966,80.23379097199991,0.035338734700913636,-0.6099133209977735,2,2021-2022
Christian Bethancourt,542194,79.0,0.21961349012730583,0.33625027279812936,0.25744177708495714,79.65277616382059,0.08125487139516757,-0.5091945055982753,3,2022-2024
Carlos Pérez,542208,13.0,0.24200124999999997,0.17300000000000001,0.1465,85.575,0.0,-0.6560649113219787,1,2023-2023
Marcell Ozuna,542303,342.0,0.36638961305586576,0.7452254816511178,0.3410548148838334,84.22112769667632,0.08274889464857448,0.5005278766978863,4,2022-2025
Jonathan Villar,542340,86.0,0.24293191304347825,0.3992307692307693,0.3187692307692308,86.88095238095238,0.09302325581395349,-0.02553762754193243,1,2021-2021
Rafael Ortega,542364,191.0,0.303006094783715,0.39364098444098916,0.28458622801597966,78.11815197746785,0.0443521113151029,-0.2712314065916779,2,2021-2023
Jesús Aguilar,542583,17.0,0.26325,0.35824999999999996,0.276,76.21428571428571,0.0588235294117647,-0.5169138603054652,1,2022-2022
Jon Berti,542932,224.0,0.3643205290057291,0.4440570768153938,0.27842031572276965,80.69622298998144,0.04310588901472254,-0.005169527024535512,3,2022-2024
Brandon Crawford,543063,160.0,0.3008475247038917,0.4967824496864736,0.3043701761719917,83.91468517965562,0.0932741116751269,0.09522044488637664,3,2021-2023
C.J. Cron,543068,126.0,0.29314712829074635,0.4970473587076725,0.3309683254371965,82.36067714204493,0.09865022496250624,-0.0485050224852858,2,2021-2022
Anthony DeSclafani,543101,6.0,0.4935,0.662,0.504,88.65,0.16666666666666666,1.2048172124866188,1,2021-2021
Alex Dickerson,543105,13.0,0.36096600000000006,0.521826763572633,0.3087393605605791,87.96666666666665,0.07692307692307693,0.3472350393990604,1,2021-2021
Yan Gomes,543228,154.0,0.2463003368191286,0.423424569231343,0.24832442824729434,80.49586504780598,0.06063318044523996,-0.3562355932927684,3,2021-2023
Robbie Grossman,543257,231.0,0.27047647796113633,0.5226203188890458,0.3338207456805045,82.50686482213439,0.045232646834477495,-0.12447127679090242,4,2021-2024
Josh Harrison,543281,114.0,0.29002196448560835,0.4925276795763982,0.29349696496036837,80.59076868495742,0.08835831300104566,-0.04136068645843213,2,2021-2022
Kyle Hendricks,543294,6.0,0.0365,0.055,0.055,70.36666666666666,0.0,-1.5589118506788855,1,2021-2021
Aaron Hicks,543305,140.0,0.20067773877735168,0.24865455878432421,0.13928932284724074,76.1147605083089,0.006598240469208211,-1.072589581388925,2,2022-2023
Kyle Higashioka,543309,227.0,0.2773310533643113,0.6394095554316832,0.38394710218554484,84.12204596882235,0.09339309836669529,0.24352933783722058,5,2021-2025
Eric Hosmer,543333,92.0,0.29116935325271176,0.3850921433886287,0.322125758305248,82.73888162872275,0.11145883485796824,0.09420604819273903,2,2021-2022
James McCann,543510,278.0,0.32564732647924316,0.6540448986506013,0.38805513976510614,82.21294288021966,0.08826599853846955,0.33188888373259795,5,2021-2025
Brad Miller,543543,66.0,0.47192300000000004,0.7924481481481481,0.4604074074074074,87.11111111111111,0.09090909090909091,0.9992893246653484,1,2021-2021
Austin Nola,543592,49.0,0.20751876923076923,0.21872727272727274,0.19772727272727272,81.82105263157894,0.08163265306122447,-0.6628730051941013,1,2022-2022
Anthony Rendon,543685,13.0,0.3160426,1.004,0.926,74.94999999999999,0.0,0.5376668560826476,1,2022-2022
Marcus Semien,543760,443.0,0.33165218801093616,0.518798581284375,0.33225357671674055,83.38494030665471,0.08750139038226243,0.22358476810736888,4,2021-2024
Travis Shaw,543768,26.0,0.26161949999999995,0.613,0.41100000000000003,83.81666666666666,0.038461538461538464,0.08597868401134427,1,2021-2021
George Springer,543807,382.0,0.40246203238847106,0.6677649897660782,0.4049883944424812,82.04798463904393,0.07998398136012816,0.550972634638992,5,2021-2025
Christian Vázquez,543877,229.0,0.24653061861906025,0.38443667253813074,0.26332115254752403,83.02098137025986,0.07268449727587914,-0.26217764310935293,5,2021-2025
Kolten Wong,543939,146.0,0.26743621448570587,0.3680488779419813,0.3055890914066775,75.87360749255001,0.04150702426564495,-0.5021302816791179,3,2021-2023
Didi Gregorius,544369,61.0,0.26105177777777777,0.36943333333333334,0.23292222222222222,85.44782608695652,0.13114754098360656,-0.008679143069470902,1,2021-2021
Leury García,544725,68.0,0.26212984210526313,0.4205714285714285,0.29471428571428576,80.59285714285714,0.08823529411764706,-0.09457821388596889,1,2021-2021
Ildemaro Vargas,545121,278.0,0.3099482316119631,0.4267627806668745,0.3249781164421629,84.4631283547032,0.10602667705189368,0.17678694732990086,5,2021-2025
Randal Grichuk,545341,274.0,0.35694811742531724,0.7251601262104925,0.34490630871595185,86.00274029846048,0.12698240278079512,0.6526930331586491,5,2021-2025
Jake Marisnick,545350,52.0,0.3202238125,0.5644285714285714,0.4271428571428572,80.0375,0.038461538461538464,0.15636150191938397,1,2021-2021
Max Stassi,545358,69.0,0.27713405047619044,0.5599150313971744,0.2969123495552067,80.93017460317462,0.07360248447204969,-0.02995924638921162,2,2021-2022
Mike Trout,545361,160.0,0.5581043618257765,1.3560245399537505,0.4928667034898831,87.64140152773165,0.11059448688143475,1.9505277668414185,2,2022-2025
Odúbel Herrera,546318,69.0,0.24081818181818182,0.41694117647058826,0.305,84.56785714285715,0.11594202898550725,-0.012422123781046485,1,2021-2021
Anthony Alford,546990,52.0,0.23101040336134454,0.3619085714285714,0.1902657142857143,82.21875,0.057692307692307696,-0.361740441724676,1,2021-2021
Rio Ruiz,547004,8.0,0.0315,0.089,0.058,76.73333333333333,0.0,-1.439948017510824,1,2021-2021
Bryce Harper,547180,377.0,0.3236906553559525,0.5987036691386164,0.341882935097124,84.2345123589795,0.0732688893272835,0.24829493209208245,5,2021-2025
Roberto Pérez,547379,38.0,0.22027170000000001,0.3459999999999999,0.24150000000000002,86.53571428571429,0.13157894736842105,-0.10715212707014651,1,2021-2021
José Abreu,547989,209.0,0.35970739377856825,0.6352712528944453,0.3104981041582352,82.79732313318002,0.08313888168697606,0.35435800398832834,3,2021-2023
Elias Díaz,553869,156.0,0.22661086651863266,0.44027290863217644,0.3012050872392291,83.1786061960599,0.1167528124049863,-0.14669733310999047,5,2021-2025
Omar Narváez,553882,120.0,0.2789558882910549,0.4394871431111973,0.2518047311006563,78.73524468464876,0.060529634300126096,-0.3130807628818224,3,2021-2023
Willians Astudillo,553902,20.0,0.24828571428571428,0.364,0.256,84.67272727272727,0.25,0.2488474539872765,1,2021-2021
Eugenio Suárez,553993,466.0,0.3250373531713368,0.7774068338069965,0.3667460247217966,84.72306862296425,0.08582791912077234,0.43223916377822497,5,2021-2025
Zack Wheeler,554430,8.0,0.055,0.142,0.142,41.2,0.0,-1.8418572266055437,1,2021-2021
Gio Urshela,570482,250.0,0.3384808299884738,0.5820359674201556,0.35689036368104116,82.49242372287587,0.08066057049269824,0.3034760937089424,3,2021-2024
Jonathan Schoop,570731,143.0,0.2735951203538188,0.4271836467967516,0.2932346227657541,81.69952012796588,0.10425219941348972,-0.13163846576986724,2,2021-2022
Nolan Arenado,571448,171.0,0.3392485065805828,0.6074064699490772,0.3450487283042546,85.33698641411411,0.16062263357172904,0.6260353985683732,4,2021-2025
Tucker Barnhart,571466,68.0,0.21884582981818185,0.3114384,0.24763360000000004,79.23706666666668,0.05748148148148148,-0.5728704102035258,2,2021-2022
Patrick Corbin,571578,8.0,0.0905,0.139,0.11649999999999999,77.50000000000001,0.0,-1.1820271600490018,1,2021-2021
Kyle Farmer,571657,247.0,0.23213620789928818,0.28807892769622545,0.22224652892788982,79.77475666218184,0.04878494427188014,-0.6184218218790672,5,2021-2025
Billy Hamilton,571740,26.0,0.21656884480000002,0.3066140849461401,0.19279837286498988,74.69824,0.0,-0.8015305445179624,2,2021-2022
Mitch Haniger,571745,201.0,0.3915477843669627,0.9318113636747369,0.40530886724643067,83.32715080504565,0.0727745872218234,0.7827469822090547,3,2021-2024
Enrique Hernández,571771,404.0,0.3750128152640936,0.6255989939394501,0.3664550616211112,85.2441857764467,0.09424083769633508,0.552335778663942,5,2021-2025
Brock Holt,571788,58.0,0.19059361538461536,0.3045,0.22925,81.30434782608695,0.034482758620689655,-0.547350186176877,1,2021-2021
Luke Maile,571912,77.0,0.23631296906870825,0.5284153340421043,0.30896061512438894,82.99502464843548,0.12804213585179802,-0.06803649401738995,4,2022-2025
Deven Marrero,571918,31.0,0.12324528571428572,0.08566666666666665,0.06133333333333333,75.45,0.0,-1.2190782764630501,1,2021-2021
Miles Mikolas,571945,7.0,0.7060000000000001,0.5255,0.4575000000000001,76.86666666666667,0.14285714285714285,1.369421492576079,1,2021-2021
Max Muncy,571970,412.0,0.29500133661028416,0.3898889176479433,0.23106542222759519,83.87703105660896,0.06364609083865254,-0.16118395706713345,5,2021-2025
Wil Myers,571976,116.0,0.40138970958380954,1.1719388879132164,0.49107440300044447,81.91457465644764,0.08671553727874126,1.0929923067937346,2,2021-2022
Tyler Naquin,571980,106.0,0.08272580645161291,0.257008064516129,0.22231451612903225,74.04379032258063,0.017332691381800675,-1.4246058184280073,2,2022-2023
AJ Pollock,572041,126.0,0.40108217121334205,0.7087128089548658,0.34629470086229164,84.63380912632165,0.12954924874791318,0.7894617000027766,2,2021-2022
Kyle Seager,572122,89.0,0.26125948930296755,0.5013894927536232,0.3208804347826087,82.65862068965517,0.06741573033707865,-0.029016690216871546,1,2021-2021
Jon Singleton,572138,70.0,0.2729766719651241,0.20007468812877266,0.12726189134808852,82.7358230633803,0.026232394366197183,-0.6167294932664606,2,2023-2024
Michael A. Taylor,572191,204.0,0.3156952696428533,0.6540690228611903,0.29509307773668403,82.42625171788634,0.09550341363886056,0.210392980744,4,2021-2025
Trayce Thompson,572204,246.0,0.3929136067642007,0.8716929348837613,0.42079896079574697,81.01726687711736,0.05699185830595629,0.5714330776489185,3,2021-2023
Luke Voit,572228,98.0,0.21403842633568843,0.6223428945548025,0.29417358459433346,79.53586064823828,0.07217872827954937,-0.3166611833291885,2,2021-2022
Christian Walker,572233,401.0,0.36808857965667374,0.6402069048319318,0.3478911003376607,85.27085085540793,0.12056104786038047,0.6190954182273107,5,2021-2025
Mike Zunino,572287,55.0,0.2677499375,0.47395833333333326,0.2953138888888889,78.86666666666666,0.05454545454545454,-0.14848827997897304,1,2021-2021
Matt Carpenter,572761,95.0,0.28253208972862,0.5035696842275972,0.3251673257807432,78.31952416487424,0.054495412844036695,-0.1861869565716203,2,2021-2024
Corey Dickerson,572816,129.0,0.3799935198016003,0.6096163786927065,0.3117572835883839,83.40922740431006,0.09006111289803795,0.4228196005706865,2,2021-2022
Dustin Garneau,572863,46.0,0.3239360277777778,0.4873708333333333,0.22281666666666666,78.04285714285714,0.08695652173913043,0.009213458996368398,1,2021-2021
Darin Ruf,573131,63.0,0.45412569444444445,1.2667140625,0.4131359375,80.875,0.12698412698412698,1.2534844488069352,1,2021-2021
Marcus Stroman,573186,2.0,0.1215,0.161,0.1495,63.95,0.0,-1.2751023469434473,1,2021-2021
Mike Yastrzemski,573262,417.0,0.44831400919854164,0.86575124139461,0.4176717138376377,85.54291207933551,0.07898894154818324,1.0019375507937598,5,2021-2025
Willson Contreras,575929,96.0,0.4777643542385048,0.7963347819524482,0.35726267519921434,88.90564541052849,0.11317863397548161,1.1143496766452707,2,2021-2022
Jose Iglesias,578428,237.0,0.3065334338051809,0.4645136081141298,0.3372926001215938,83.55127528899436,0.09570210544631982,0.14945592055009344,4,2021-2025
Juniel Querecuto,578570,32.0,0.32801058974358976,0.5352692307692308,0.35115384615384615,68.7,0.03125,-0.38171606100010835,1,2023-2023
Ronald Torreyes,591720,68.0,0.24138888888888888,0.4073076923076923,0.3436923076923077,75.07619047619048,0.0,-0.4182458550040721,1,2021-2021
Breyvic Valera,591971,6.0,0.0,0.521826763572633,0.3087393605605791,75.9,0.0,-0.9846695473817328,1,2021-2021
Kris Bryant,592178,121.0,0.24481119763922726,0.4359606707293877,0.2567161547688788,82.92712064996775,0.08403898386323692,-0.19515064401323443,2,2021-2023
Mark Canha,592192,214.0,0.28243262753891346,0.4405380070556859,0.2914307551928138,79.59958041015263,0.06816136159070453,-0.14603950261609533,4,2021-2024
Curt Casali,592200,73.0,0.3505696491411043,0.4709165796085305,0.2640666129126497,79.31817242492735,0.09006134969325155,0.10372195193121957,3,2021-2024
Nick Castellanos,592206,339.0,0.3204875587041031,0.5738412467586145,0.3298954203268914,79.77769223941057,0.059947466531096415,0.041693416008532186,5,2021-2025
Delino DeShields,592261,39.0,0.29488685151515154,0.6027424242424242,0.2827727272727273,86.12727272727273,0.07692307692307693,0.18121355803491845,1,2021-2021
Brandon Drury,592273,244.0,0.3247575581487509,0.5397849399494868,0.3662887818659216,83.3609305573742,0.07748243201955393,0.1791509174844519,3,2022-2024
Ben Gamel,592325,124.0,0.3460656115117098,0.6131895224249256,0.33599516889624037,85.22578160954806,0.058218022274721566,0.3538485063980971,2,2021-2022
Kevin Gausman,592332,8.0,0.098,0.211,0.211,51.4,0.0,-1.448513133784456,1,2021-2021
Niko Goodrum,592348,63.0,0.44326389516129033,1.1073102260403596,0.3936337423182427,86.715,0.09523809523809522,1.1055982900775851,1,2021-2021
Jon Gray,592351,3.0,0.0,0.521826763572633,0.3087393605605791,80.29007674668912,0.0,-0.9131208985851285,1,2021-2021
Aaron Judge,592450,453.0,0.5785211450020193,1.3547070464190507,0.5250088934480823,89.56529649216401,0.09482565757934099,2.039572470184487,5,2021-2025
Manny Machado,592518,305.0,0.3098246384581369,0.6548745376470676,0.3430983870732193,84.83807691794553,0.10316335011978682,0.3326855272473213,5,2021-2025
Colin Moran,592567,95.0,0.33030657460317464,0.4357172619047619,0.2900059523809524,80.97941176470589,0.09473684210526316,0.113951066194342,1,2021-2021
Mark Payton,592622,77.0,0.17891028571428572,0.20199999999999999,0.16618181818181818,76.82058823529412,0.01298701298701299,-1.1889884914128257,1,2022-2022
Joc Pederson,592626,261.0,0.3363138388963569,0.5819494601127745,0.3152398524927299,85.6249031086227,0.0846116320667787,0.34379632975319757,5,2021-2025
Henry Ramos,592656,68.0,0.2717208496240602,0.4831184210526316,0.23330921052631576,81.62173913043478,0.04411764705882353,-0.1670759665640246,1,2021-2021
J.T. Realmuto,592663,285.0,0.27593517157876396,0.4812816854182862,0.35786805475133104,84.58294643203735,0.09117198590882802,0.08088261144634767,5,2021-2025
Hunter Renfroe,592669,188.0,0.31314035262279516,0.6366777547200264,0.2963638284436303,84.23503193048407,0.1014647395479678,0.32595174022872664,3,2021-2024
Eddie Rosario,592696,215.0,0.2029876918376305,0.3457030362877707,0.23983791471869603,78.10160904749651,0.0700866432186669,-0.6381180721385095,3,2021-2023
Adrian Sampson,592716,4.0,0.0,0.521826763572633,0.30873936056057916,102.4,0.25,0.051169326730446385,1,2021-2021
Andrelton Simmons,592743,34.0,0.24027272727272725,0.3226,0.2837,82.95714285714287,0.11764705882352941,-0.1263057091505893,1,2021-2021
Drew Smyly,592767,5.0,0.036,0.138,0.11,61.55,0.0,-1.5919125100244114,1,2021-2021
Vince Velasquez,592826,7.0,0.691717,0.118,0.118,39.3,0.0,-0.2377817568914539,1,2021-2021
Taijuan Walker,592836,4.0,0.095,0.125,0.115,79.1,0.0,-1.1560267381377405,1,2021-2021
Trevor Williams,592866,13.0,0.03933333333333334,0.07350000000000001,0.07250000000000001,76.7,0.0,-1.4185704671957298,1,2021-2021
Christian Yelich,592885,354.0,0.3046563850229817,0.47549000660529556,0.27632163733091636,82.29748638084244,0.059036349706307986,-0.07929087627044047,4,2021-2025
Whit Merrifield,593160,210.0,0.26734017934608173,0.40046304857448634,0.2696062397997805,81.07462825909832,0.07195817490494297,-0.20122587120191077,3,2021-2023
Xander Bogaerts,593428,372.0,0.32418892235653823,0.523558713228341,0.325284103447145,83.24511972137935,0.09519797809604044,0.2217397676255765,5,2021-2025
Webster Rivas,593590,26.0,0.322531,0.49274999999999997,0.43975000000000003,78.725,0.038461538461538464,0.09826033505003,1,2021-2021
Hanser Alberto,593643,46.0,0.4887610385931111,0.7620836414466354,0.37625644744236264,81.96319744809689,0.17325367647058826,1.2077038116222025,2,2021-2022
Jorge Polanco,593871,251.0,0.28711311275612766,0.5331465608644338,0.2650605845337738,82.03627912594077,0.08060425004227496,-0.02638709803166857,4,2021-2025
Miguel Sanó,593934,90.0,0.2790188695652174,0.5673076923076923,0.35807692307692307,92.02000000000001,0.1111111111111111,0.3589579061563169,1,2021-2021
Eduardo Rodriguez,593958,7.0,0.048333333333333346,0.1085,0.1055,62.93333333333333,0.14285714285714285,-1.2181179581353958,1,2021-2021
Jandel Gustave,594311,4.0,0.0,0.521826763572633,0.30873936056057916,80.29007674668912,0.0,-0.9131208985851283,1,2021-2021
Wilmer Difo,594694,21.0,0.3242478632478632,0.7487051282051282,0.4066089743589744,79.03636363636363,0.047619047619047616,0.2933915949535763,1,2021-2021
Kole Calhoun,594777,137.0,0.15070042774940953,0.2803613949611993,0.159208755877174,81.36799661123534,0.06805477920626048,-0.8460139980392726,3,2021-2023
Adam Duvall,594807,99.0,0.20896261399414473,0.419887980098718,0.256950103077325,77.97979125218545,0.06312172183034906,-0.49632858834145377,2,2021-2023
Phil Gosselin,594838,84.0,0.3125438596491228,0.5021871345029241,0.323640350877193,80.24285714285715,0.07142857142857142,0.07927348152113028,1,2021-2021
Kevin Kiermaier,595281,140.0,0.3070723784428809,0.39095220300813294,0.27377025939020544,80.61148341115045,0.07583925508453809,-0.1158181084044326,3,2021-2024
Andrew Knapp,595284,45.0,0.16835745454545453,0.4556666666666666,0.39633333333333337,78.93846153846154,0.022222222222222223,-0.40995643293427864,1,2021-2021
Steven Okert,595345,2.0,0.252,0.311,0.277,93.9,0.0,-0.21609448267560138,1,2021-2021
Jorge Alfaro,595751,31.0,0.18455898226676948,0.33367540478026214,0.29329491133384733,82.82929012005728,0.1156515034695451,-0.4058992170260757,2,2022-2025
Jurickson Profar,595777,342.0,0.25930979318675645,0.34347702102988464,0.254849494075929,81.58544514175856,0.05813168037509436,-0.3418633421082113,5,2021-2025
Javier Báez,595879,259.0,0.27915190173747567,0.5425909325748899,0.3179660432012775,80.43067567389137,0.10157216039568984,-0.01416009920042546,4,2021-2025
Jake Cave,595909,269.0,0.24015932122487416,0.46412460351165596,0.2746661549877845,83.07853461709705,0.04808548530721281,-0.29710961918597606,4,2021-2024
Cam Gallagher,595956,86.0,0.2176033375755647,0.32175956092904867,0.2693179128221444,76.91310184247824,0.0532293986636971,-0.6009246984977802,2,2021-2023
Austin Hedges,595978,144.0,0.341886579487296,0.617539710533277,0.37767838504856033,83.06954696403639,0.08943733725800974,0.3354998631589073,4,2021-2025
Francisco Lindor,596019,456.0,0.41696627045473567,0.7348049254205715,0.3548823564374741,85.29220079618332,0.09730524566058242,0.7659256003341284,5,2021-2025
Rougned Odor,596059,60.0,0.27706104105890605,0.41520280504908835,0.24413793828892005,80.66741202346041,0.047043010752688165,-0.2959985846747475,2,2021-2022
Austin Slater,596103,146.0,0.4021011771038357,0.7912026217394101,0.3867254500009997,84.04781875145949,0.08431151241534988,0.7359092028623152,5,2021-2025
Trevor Story,596115,310.0,0.31438095622879575,0.562654805086275,0.3234951203605414,82.36680772161944,0.08679029706451045,0.17223254611841263,4,2021-2025
Garrett Stubbs,596117,124.0,0.22291468757489946,0.37349073140132977,0.26002584702881276,78.8216715079342,0.04453644461171748,-0.6194085782282118,4,2022-2025
Daniel Vogelbach,596129,135.0,0.3397461200859798,0.8582672995046636,0.46929889229684224,80.66582290266062,0.02087371403011779,0.33619287450801,2,2021-2022
Luke Weaver,596133,5.0,0.0,0.521826763572633,0.3087393605605791,80.29007674668912,0.0,-0.9131208985851283,1,2021-2021
Gary Sánchez,596142,256.0,0.3034323934351548,0.7525600948935726,0.35066822480864007,82.44901706137,0.06691176470588235,0.29157140603055004,3,2021-2024
Max Kepler,596146,185.0,0.3141909725586697,0.5828190343098015,0.30243580243115753,84.37101645002646,0.09654768870684609,0.2381459778070499,3,2021-2025
Ji Man Choi,596847,195.0,0.41232802006503266,0.894859679142688,0.46494000260945617,84.13124456951029,0.07306477093206952,0.9306186912094433,3,2021-2023
Jackie Bradley Jr.,598265,92.0,0.23222118850411702,0.4109781952618077,0.330424022936472,83.47169430840775,0.0755998189225894,-0.21062949519814117,2,2021-2022
Tommy La Stella,600303,62.0,0.42092410714285716,0.6241238095238094,0.43102380952380953,78.0851851851852,0.06451612903225806,0.5008824844697861,1,2021-2021
Pedro Severino,600474,67.0,0.2680266240601504,0.4298315789473684,0.33313333333333334,83.25384615384615,0.1044776119402985,0.04501118429284343,1,2021-2021
Jeimer Candelario,600869,211.0,0.2883229721350803,0.46458837068570774,0.29487764081415413,80.02607518809536,0.06334841628959276,-0.21132209249973144,3,2021-2023
Yonathan Daza,602074,105.0,0.2732491232078853,0.288250366568915,0.26049523460410556,71.47754896313364,0.018625192012288787,-0.7272784310283837,2,2021-2022
Erick Castillo,602080,34.0,0.19296855555555556,0.1732857142857143,0.16385714285714287,74.50769230769231,0.058823529411764705,-0.7507941773760423,1,2021-2021
Ramón Urías,602104,163.0,0.2948654628969296,0.5078969916798861,0.3109449610885957,83.28581045279383,0.07890173410404624,0.07029507453262221,3,2023-2025
José Rondon,602922,47.0,0.4124421410658307,0.7492383141762454,0.2896199233716475,85.52666666666667,0.0851063829787234,0.6170930289913652,1,2021-2021
Nick Ahmed,605113,26.0,0.08671428571428572,0.1236,0.1112,78.91111111111111,0.038461538461538464,-1.3935716258363482,1,2024-2024
Brian Anderson,605119,60.0,0.16571181339712918,0.28491956596035545,0.18106689166097062,77.24363038277511,0.040071770334928224,-1.1089643115456058,2,2022-2023
Austin Barnes,605131,110.0,0.27245659043151454,0.33834330055323547,0.20534684562638653,81.73673565937315,0.049822590183323474,-0.4110720777396118,4,2021-2024
Josh Bell,605137,342.0,0.39470094645799564,0.5917598716045459,0.32670326041646575,84.31104953808472,0.08674124335228316,0.4983206584790259,5,2021-2025
Mookie Betts,605141,428.0,0.3306632202513949,0.49438898577550067,0.2925215202553177,83.29221972938964,0.07413480323751047,0.1396421261328353,5,2021-2025
Victor Caratini,605170,297.0,0.2520080837649504,0.4772425785984356,0.31923572842246783,81.73159045023138,0.07482021021574774,-0.19965367356340583,5,2021-2025
J.D. Davis,605204,108.0,0.3466088785541988,0.7448159535313947,0.3099529491995187,81.22795262267344,0.05702199661590524,0.21236851208313093,2,2022-2023
Aramis Garcia,605244,8.0,0.309,0.5979000000000001,0.1632666666666667,89.4,0.125,0.34412841802355976,1,2022-2022
Terrance Gore,605253,19.0,0.22475,0.36000000000000004,0.31775,72.38333333333334,0.0,-0.9311820547308235,1,2022-2022
Adrian Houser,605288,7.0,0.0,0.521826763572633,0.3087393605605791,80.29007674668912,0.0,-0.9131208985851283,1,2021-2021
Jack López,605346,81.0,0.2552057845804989,0.4880357142857143,0.30045068027210886,80.08064516129032,0.07407407407407407,-0.19553950281710386,1,2024-2024
Vimael Machín,605353,22.0,0.1368611111111111,0.4700555555555556,0.20696296296296302,88.85999999999999,0.09090909090909091,-0.4863718556916117,1,2022-2022
Nick Martini,605361,101.0,0.49142763154377267,0.9237704865291325,0.4628537944540408,88.12846127423863,0.08906509312188825,1.1802261515670316,2,2021-2023
Joe Musgrove,605397,1.0,0.003,0.004,0.003,69.6,0.0,-1.7446827835940557,1,2021-2021
Aaron Nola,605400,10.0,0.11,0.252,0.252,74.9,0.0,-0.9662084326803686,1,2021-2021
Joe Panik,605412,24.0,0.3538,0.44299999999999995,0.378,78.39,0.041666666666666664,0.08981504600982995,1,2021-2021
Michael Pérez,605421,54.0,0.14821094275668076,0.23618706047819973,0.20625428973277074,71.78556962025317,0.0,-0.9930159355611891,2,2021-2023
Zach Thompson,605507,6.0,0.0,0.521826763572633,0.3087393605605791,62.900000000000006,0.0,-1.1965411131937298,1,2021-2021
Brandon Woodruff,605540,7.0,0.17650000000000002,0.22250000000000003,0.211,70.425,0.0,-0.923297278546483,1,2021-2021
Bradley Zimmer,605548,111.0,0.23132622885327941,0.50208280404933,0.26370983915247104,80.7582198350278,0.07423748321503933,-0.38476400596201554,2,2021-2022
Harold Castro,605612,118.0,0.29687093488566646,0.4493381094607684,0.3507972029383274,79.7851399040453,0.07702794819359235,-0.09561152031686583,3,2021-2023
Esteban Quiroz,606019,40.0,0.26699609090909093,0.32416666666666666,0.265,67.78999999999999,0.05,-0.8154853495612403,1,2022-2022
Orlando Arcia,606115,297.0,0.23787850322048887,0.32924007072495126,0.23793632385733493,82.06248074500937,0.09971982982255889,-0.318627365195822,5,2021-2025
Raimel Tapia,606132,234.0,0.27391844720690767,0.3776647665741694,0.3052143505559999,81.3228265898989,0.04175553732567678,-0.26761482207749365,3,2021-2023
Aristides Aquino,606157,50.0,0.3331838272564666,0.7926213538800223,0.37453508530544855,84.23006329113923,0.06371308016877636,0.43393800466334065,2,2021-2022
Teoscar Hernández,606192,418.0,0.33552766605660955,0.6888284750230641,0.34991597736672764,84.08301451538472,0.0978130511463845,0.4833711411955012,5,2021-2025
José Peraza,606299,36.0,0.31554340000000003,0.4063333333333334,0.2595,81.13,0.05555555555555555,-0.0666362252730717,1,2021-2021
Ketel Marte,606466,338.0,0.40485808069073914,0.7234950136238238,0.3362273830309213,84.87367934132237,0.1251778093883357,0.81244391636114,4,2021-2025
Eric Haase,606992,166.0,0.3088422192954902,0.8403779871611223,0.3671067617700205,84.7692313590186,0.09936745255894193,0.483874322463126,3,2021-2024
Brandon Nimmo,607043,434.0,0.3154110358690868,0.5492402335196453,0.3371330596265376,84.08753344297,0.10208492667841586,0.28902647592811864,5,2021-2025
Jace Peterson,607054,199.0,0.2491768937387891,0.33324277318470885,0.24082563636984536,78.69639024315457,0.03651917946831018,-0.5706926365453481,3,2021-2023
Colin Rea,607067,8.0,0.0,0.521826763572633,0.30873936056057916,80.29007674668912,0.0,-0.9131208985851283,1,2021-2021
Trea Turner,607208,289.0,0.311423817870994,0.5203185796392585,0.30151148892114993,83.97003369944699,0.10711403205349936,0.19351227575733695,5,2021-2025
Matt Beaty,607461,13.0,0.49670384615384605,0.8277730769230771,0.3630243589743589,74.4,0.07692307692307693,0.7627658748395318,1,2021-2021
Kyle Freeland,607536,8.0,0.0,0.164,0.164,31.3,0.0,-2.1115165909278244,1,2021-2021
Kevin Pillar,607680,167.0,0.22047520198000742,0.3013230995068566,0.21419315092285193,77.65421499912388,0.0525670229542667,-0.6842509832631527,3,2021-2024
Jacob Stallings,607732,182.0,0.27354250675622954,0.4139870961351197,0.31135584013297074,81.03033893395815,0.04533091568449683,-0.27929599691704526,4,2021-2024
José Ramírez,608070,503.0,0.40811159304205125,0.6072781556037862,0.3662453003704454,83.97691704065649,0.11473043724352626,0.6789652025655196,5,2021-2025
Alex Bregman,608324,359.0,0.33269443661189885,0.5129179420270978,0.2947360223596312,85.49798190355605,0.11165008291873964,0.3176598816862677,5,2021-2025
Max Fried,608331,6.0,0.212,0.3365,0.304,67.35,0.16666666666666666,-0.30789874180635024,1,2021-2021
Joey Gallo,608336,210.0,0.24246958954205547,0.5899543559773192,0.2810085992453682,82.5642176130207,0.07534078850706066,-0.08431165986266194,3,2021-2024
Carson Kelly,608348,268.0,0.2817974631155848,0.47292554487315064,0.29375044337313067,80.82837634985088,0.08458197611292072,-0.09346109354587243,5,2021-2025
Corey Knebel,608349,2.0,0.2806935358199231,0.521826763572633,0.30873936056057916,80.29007674668912,0.0,-0.17483940454770194,1,2021-2021
Corey Seager,608369,227.0,0.33504769281857355,0.5806121669186632,0.29770053426709814,83.15823185941686,0.10461245839277224,0.236022502685506,3,2021-2023
Jesse Winker,608385,45.0,0.24663796350472275,0.3774451762284538,0.198107100591716,74.53966555183946,0.036120401337792644,-0.7271060224263599,2,2022-2024
José Godoy,608422,9.0,0.0,0.5236444539856098,0.3119891451870947,49.1,0.0,-2.3280169882679327,1,2022-2022
Tom Murphy,608596,44.0,0.275826,0.2864,0.22480000000000003,80.12857142857142,0.045454545454545456,-0.33348276298994817,1,2021-2021
Travis Jankowski,608671,67.0,0.30561136530829963,0.21463676235936296,0.167991754190843,80.0728630447854,0.026669511414550887,-0.5048369159763634,3,2021-2024
Jack Mayfield,608686,102.0,0.18668142307692304,0.26373684210526316,0.2296315789473684,78.07631578947368,0.029411764705882353,-0.6529212355556118,1,2021-2021
Kevin Plawecki,608700,28.0,0.1623401381427475,0.32024968022512146,0.27632693783576356,85.0154515221284,0.1074443591711435,-0.3654519608993061,2,2021-2022
Rob Refsnyder,608701,69.0,0.21503676124588797,0.26986046685247855,0.18841970933704955,84.78178142449492,0.05992434799920365,-0.5723772436542977,3,2022-2025
Matt Reynolds,608703,24.0,0.1991062857142857,0.2386,0.0918,76.85714285714286,0.0,-1.1963439219457932,1,2022-2022
Joey Meneses,608841,189.0,0.2928525259718228,0.524158257669412,0.29989986810254227,83.42402306316856,0.07505538325210456,0.0003176120891594705,2,2022-2023
Adalberto Mondesi,609275,84.0,0.2968697785714286,0.6133005494505495,0.28388214285714286,77.990625,0.08333333333333333,0.07826919547289449,1,2021-2021
Miguel Andujar,609280,212.0,0.2697578250036893,0.4072853659881281,0.31092728624392596,81.88393930085596,0.10087832601394989,-0.09600429097334279,3,2022-2025
Jason Vosler,613564,36.0,0.4263815858585858,0.7599772727272729,0.38537272727272726,81.9,0.027777777777777776,0.5623387079925997,1,2022-2022
Franmil Reyes,614177,168.0,0.3537547196992307,0.5672374810629456,0.33112611286138216,84.07935198597885,0.08377853326857697,0.319400161535998,2,2021-2022
Luis Torrens,620443,214.0,0.24558215563426922,0.4783181421161625,0.2775760850355215,83.4196814601478,0.07205894259574123,-0.14744226523108328,5,2021-2025
Richie Martin Jr.,621006,49.0,0.19053846153846155,0.35675,0.3195,74.62777777777778,0.04081632653061224,-0.5205676234687912,1,2021-2021
Max Schrock,621011,69.0,0.2808436666666667,0.4149375,0.327625,77.36764705882354,0.057971014492753624,-0.14574420976505217,1,2021-2021
Dansby Swanson,621020,395.0,0.3913668301396406,0.6502972295989068,0.3352330371499874,84.34531114958943,0.09333807070527624,0.5969660037700405,5,2021-2025
Kevin Newman,621028,111.0,0.2610551034333152,0.3336467984056476,0.24888918358848258,82.16846632045377,0.06977605034240236,-0.3044805113069257,3,2021-2024
Chris Taylor,621035,218.0,0.3227197057685429,0.5538599781780086,0.401869877449991,79.45988741311356,0.04533103585393333,0.0704739058303606,5,2021-2025
Carlos Correa,621043,298.0,0.400023209008733,0.595283858690758,0.38380579205536053,86.58246885896276,0.10725537435137139,0.7261360519054461,4,2021-2025
Walker Buehler,621111,19.0,0.0,0.521826763572633,0.3087393605605791,82.67999999999999,0.05263157894736842,-0.7470236745652834,1,2021-2021
Alec Mills,621219,17.0,0.063,0.14550000000000002,0.14550000000000002,64.73333333333333,0.0,-1.4314907338446374,1,2021-2021
A.J. Minter,621345,5.0,0.0,0.521826763572633,0.3087393605605791,80.29007674668912,0.0,-0.9131208985851283,1,2021-2021
Brett Phillips,621433,33.0,0.17234076175040516,0.30216300256182355,0.132289564489988,80.4486493787142,0.06969205834683954,-0.7888780987954155,2,2021-2023
Tyrone Taylor,621438,293.0,0.2590504558682939,0.4295425697260475,0.2878065398817834,80.89031001466991,0.08392617795649036,-0.19508340081191491,5,2021-2025
Byron Buxton,621439,255.0,0.4515010530665271,0.9760666534579135,0.402119918734425,86.86382171901701,0.11507284478037023,1.1762511135340183,3,2021-2025
Lewis Brinson,621446,70.0,0.31187037037037035,0.6795873015873015,0.3856111111111111,82.35909090909091,0.07142857142857142,0.3014982936172396,1,2021-2021
Skye Bolt,621450,17.0,0.2375,0.26725000000000004,0.23574999999999996,81.62857142857142,0.17647058823529413,-0.09795791333455911,1,2021-2021
Steven Duggar,621453,40.0,0.4110347197603122,0.8729944258639912,0.3918996655518395,80.35625,0.075,0.6899129620137585,1,2021-2021
DJ Stewart,621466,63.0,0.1806948888888889,0.28641,0.15255000000000002,82.41875,0.06349206349206349,-0.7145874189748804,1,2023-2023
Taylor Ward,621493,254.0,0.3454524630359904,0.5909350325259224,0.3276091894167663,84.0959101000995,0.09219330855018587,0.36169599435482297,4,2021-2025
Tomás Nido,621512,53.0,0.3028521318681318,0.6177725921868664,0.3397067436077871,80.2315061409179,0.09890109890109891,0.26119245135505553,2,2021-2022
Zach Remillard,621545,31.0,0.20911111111111114,0.36966666666666664,0.33383333333333337,76.92999999999999,0.06451612903225806,-0.5647436592381202,1,2023-2023
Patrick Wisdom,621550,151.0,0.12123147416833918,0.35413618129003427,0.18983592008617034,82.77212531993553,0.0689259645464025,-0.861806927990532,3,2022-2024
Joey Wendle,621563,144.0,0.25637153232198673,0.51948715438356,0.3851020196481608,85.08428443041926,0.0664838930774503,0.0183904673527586,3,2021-2023
Matt Olson,621566,488.0,0.2971310125667777,0.5950981195597133,0.31060838271100294,83.97979105545481,0.08429627917725908,0.1659356208888968,5,2021-2025
Alex Wood,622072,2.0,0.149,0.2605,0.23399999999999999,65.3,0.5,0.17806229121523276,1,2021-2021
Matt Duffy,622110,213.0,0.3909546944155992,0.49228527725799687,0.38050144882847925,85.3813931640292,0.0676672602391249,0.44759029740687806,4,2021-2024
Donovan Walton,622268,8.0,0.1875,0.21800000000000003,0.17649999999999996,85.86666666666667,0.0,-0.8143504405009382,1,2024-2024
Luis Castillo,622491,6.0,0.3555,0.883,0.77,80.2,0.0,0.707047876625392,1,2021-2021
Manuel Margot,622534,267.0,0.3347927454606691,0.5334304482449195,0.3462287163685483,82.21505938077432,0.08361429534726905,0.20238747831292908,4,2021-2024
Pablo Reyes,622569,43.0,0.29678060000000006,0.31985714285714284,0.204,80.62307692307692,0.023255813953488372,-0.4228366744240216,1,2023-2023
Victor Reyes,622682,96.0,0.36825993650793654,0.8463678004535148,0.39366689342403627,75.8742857142857,0.08333333333333333,0.431349763366131,1,2022-2022
Elieser Hernández,622694,2.0,0.10800000000000001,0.173,0.173,35.6,0.0,-1.7425033184320615,1,2021-2021
Jorge Mateo,622761,129.0,0.33852245998053254,0.5264911221563475,0.2689785623916281,77.47476977364457,0.0775789600096073,-0.032606858133307395,3,2022-2025
Tyler Heineman,623168,94.0,0.2534587620869565,0.20387855072463767,0.15835256038647344,78.55710724637682,0.06811594202898551,-0.6682577518906718,4,2022-2025
Andrew Velazquez,623205,15.0,0.20917857142857135,1.2006785714285717,0.368392857142857,91.65,0.06666666666666667,0.5491207594468391,1,2021-2021
Ashton Goudeau,623485,7.0,0.0,0.521826763572633,0.3087393605605791,66.2,0.0,-1.1427583311029923,1,2021-2021
Trent Giambrone,623508,51.0,0.11415384615384615,0.2018888888888889,0.17233333333333334,82.17058823529412,0.0784313725490196,-0.756641558804725,1,2021-2021
David Bote,623520,95.0,0.32441371846237954,0.47152769076264794,0.3036255282683756,86.52118291640835,0.10564147244609016,0.27661088887718804,2,2021-2022
Harold Ramírez,623912,172.0,0.3053526514947704,0.506888975414574,0.31516758560693503,85.9384156677733,0.14080209241499567,0.27734782522163,3,2021-2023
Anthony Santander,623993,346.0,0.2979493099780316,0.5027582872250954,0.3064268920658728,82.00922371284187,0.0808485562757808,0.0005552174560913087,4,2022-2025
Ranger Suarez,624133,11.0,0.360966,0.101,0.101,62.800000000000004,0.0,-0.7528148630700096,1,2021-2021
Pete Alonso,624413,422.0,0.3620862757732002,0.7298214513127869,0.3700175056485147,86.8416430914518,0.11205683265196702,0.6710052856451416,5,2021-2025
Christian Arroyo,624414,81.0,0.34673972972019756,0.5018523810996742,0.40919452287337127,78.58077146781838,0.05078767928521044,0.09194933213588316,2,2021-2022
Cavan Biggio,624415,181.0,0.31244954000266584,0.3688773436871329,0.28592370376331105,82.9879739430656,0.04605563155494757,-0.17758951792868952,3,2021-2023
Nick Ciuffo,624419,14.0,0.364739,0.3765000000000001,0.11949999999999995,80.875,0.07142857142857142,-0.05123035530660372,1,2021-2021
Michael Conforto,624424,314.0,0.3853825310278348,0.6959276445185748,0.35670839743352317,81.95683323351828,0.05811002623768764,0.43223094732374595,4,2021-2025
Adam Frazier,624428,292.0,0.2489758599588408,0.32371970802717936,0.25968266324990463,78.14130055803429,0.029904960939443698,-0.58200601243365,5,2021-2025
Jose Trevino,624431,139.0,0.3149823597337546,0.5373985566727196,0.35318270577959776,79.91282346588368,0.07820555007129538,0.0571858043534428,4,2021-2025
Nick Gordon,624503,140.0,0.30912407964064476,0.47946641123509787,0.28140052628041523,81.81780981505752,0.10834425513324594,0.11157541501917809,2,2021-2022
Reese McGuire,624512,91.0,0.1725479517253102,0.2684333389993767,0.23408765369142726,75.20333066219858,0.009178990311065782,-1.0961896901726127,4,2021-2025
Dom Nuñez,624513,65.0,0.4300600118343195,0.8774450549450551,0.5333461538461538,81.64117647058823,0.046153846153846156,0.8215296132400123,1,2021-2021
Jorge Soler,624585,246.0,0.4244211903953439,0.7590253231852112,0.3857449758099153,82.08493852559393,0.07023022287533676,0.6387143626087031,3,2021-2024
Edmundo Sosa,624641,192.0,0.32304413418900263,0.6151039573299781,0.3209898006397926,80.6116557968839,0.11517444304329551,0.24333086596862996,4,2021-2025
Guillermo Heredia,628338,57.0,0.40214951495143514,0.7006160825331451,0.37418298966490415,84.06998538545852,0.09061015710632078,0.7009797561376044,2,2021-2022
Yadiel Hernandez,628450,39.0,0.316994,0.374,0.2548125,85.60769230769232,0.10256410256410256,0.09510939068544998,1,2021-2021
Andy Ibáñez,628451,242.0,0.3714171285474523,0.49088230556790474,0.35591853317877586,83.4442668484316,0.1040418726373946,0.3800433072023741,4,2021-2025
Julio Urías,628711,8.0,0.0,0.521826763572633,0.30873936056057916,69.7,0.0,-1.0857159864613009,1,2021-2021
Jake Cronenworth,630105,321.0,0.3141502006683921,0.5169144770820344,0.33039661069337484,83.8646378954481,0.09559759869019463,0.22385509825889138,4,2021-2025
Wil Crowe,640444,17.0,0.02066666666666667,0.05999999999999999,0.05999999999999999,68.4,0.0,-1.6243477056669646,1,2021-2021
Austin Meadows,640457,57.0,0.2184823125,0.28991666666666666,0.23024999999999995,86.37272727272727,0.14035087719298245,-0.1457470786578746,1,2021-2021
Óscar Mercado,640458,62.0,0.3005598431372549,0.3925897435897436,0.29359935897435896,76.77619047619048,0.04838709677419355,-0.17408566934155395,1,2021-2021
Brian Navarreto,640459,13.0,0.39558482142857126,0.9590535714285721,0.3328392857142858,85.28571428571429,0.23076923076923078,1.2589820793861886,1,2025-2025
Chad Pinder,640461,138.0,0.3372693971056272,0.7060760121235297,0.35308456134825916,82.80662610214705,0.08424121528310573,0.3408756139197626,2,2021-2022
José Azocar,640492,86.0,0.16889829915932247,0.23074851329993837,0.19974971873242078,79.32314486760686,0.022688918057378583,-0.9852569887392663,2,2022-2023
Jhonny Pereda,640902,41.0,0.156,0.316,0.25633333333333336,85.48333333333333,0.07317073170731707,-0.5439505906667884,1,2024-2024
Tim Anderson,641313,113.0,0.33346002659266927,0.5362757566959242,0.3871784961567964,81.22987811985959,0.12072739518437448,0.2585366691790589,2,2021-2023
Jake Bauers,641343,129.0,0.4049574854862573,0.5616235525266293,0.29324593717501585,81.10548115956678,0.0754122660737447,0.36149569969571627,4,2021-2025
Cody Bellinger,641355,376.0,0.3415529079314293,0.4763396007197544,0.3300788237351249,81.52622327256675,0.06895059502344032,0.1342835155544914,5,2021-2025
Willie Calhoun,641432,78.0,0.2907747764925133,0.46477350427350433,0.25527260458839407,82.88000000000001,0.08974358974358974,0.01963888768634807,1,2021-2021
Daniel Castano,641447,1.0,0.2806935358199231,0.181,0.181,26.899999999999995,0.0,-1.4168566452638838,1,2021-2021
Zack Collins,641470,12.0,0.3458585,0.521826763572633,0.3087393605605791,85.75,0.0,0.08554260591022986,1,2021-2021
J.P. Crawford,641487,402.0,0.28987211961419773,0.4420845200336075,0.29650915878884543,77.74312802406953,0.04626074236606325,-0.2916600760440717,5,2021-2025
Jason Delay,641511,70.0,0.1768050698382622,0.24876091222846317,0.21964111456993984,77.91854786615563,0.05731880625296068,-0.8936013665376221,2,2022-2023
Ben DeLuzio,641512,34.0,0.23791255555555557,0.2605,0.22483333333333333,73.61666666666667,0.02941176470588235,-0.9087349316989118,1,2022-2022
Brandon Dixon,641525,43.0,0.3204,0.6646666666666667,0.5416666666666666,86.33,0.09302325581395349,0.5867970520388195,1,2022-2022
Hunter Dozier,641531,118.0,0.2604969535981896,0.6075556802839114,0.2594417920650188,84.7517945109078,0.07462141944900565,-0.03209366471832641,2,2021-2022
Adam Engel,641553,91.0,0.334917937264151,0.5788223270440251,0.46005031446540884,78.92435677530018,0.0774932614555256,0.25113204564733155,2,2021-2022
Johneshwy Fargas,641561,11.0,0.1928,0.22400000000000003,0.189,73.03333333333333,0.09090909090909091,-0.6369129082791496,1,2021-2021
Jake Fraley,641584,172.0,0.33841993490844613,0.4798021147745402,0.3356299592646484,78.55752617716966,0.1149547118905377,0.18543444548834567,4,2021-2024
Mitch Garver,641598,217.0,0.2689007756064281,0.44289155433131994,0.2475182121198922,86.30333326394079,0.09578061866596012,-0.003676583803070021,4,2021-2025
Luis Guillorme,641645,85.0,0.21627694338375603,0.3756188903813149,0.29974697783747484,83.10709861737396,0.05798074770539512,-0.3849931409436712,3,2021-2023
Garrett Hampson,641658,197.0,0.22653765901875902,0.33620874589456184,0.25160633834583196,80.45516762267651,0.0387504942665085,-0.565977066611672,4,2021-2024
Jonah Heim,641680,276.0,0.25713496906480204,0.4054369903178139,0.28031033884876755,82.30105535478727,0.07405156257914197,-0.23329584732331746,5,2021-2025
Dakota Hudson,641712,4.0,0.0,0.521826763572633,0.30873936056057916,53.10000000000001,0.0,-1.356259678190466,1,2021-2021
Eric Lauer,641778,8.0,0.0,0.521826763572633,0.30873936056057916,70.1,0.0,-1.0791968613593934,1,2021-2021
Charles Leblanc,641779,50.0,0.1428582962962963,0.25831481481481483,0.12920370370370368,83.39230769230768,0.06,-0.962830810900635,1,2022-2022
Tim Locastro,641796,58.0,0.3199776573426574,1.1805136363636368,0.5610454545454544,79.25625,0.051724137931034475,0.6123293020535057,1,2023-2023
Tyler Mahle,641816,10.0,0.0,0.256,0.244,52.325,0.0,-1.6276161276577932,1,2021-2021
Trey Mancini,641820,161.0,0.26399935047328876,0.49018937775136195,0.31382222260063647,86.74903763745442,0.08863903778271669,0.0029146593624979,2,2021-2022
Billy McKinney,641856,55.0,0.3194493927125506,0.47533603238866406,0.28683400809716597,82.5,0.07272727272727272,0.030282464137695957,1,2025-2025
Ryan McMahon,641857,368.0,0.2101345539109352,0.5273290458985438,0.2620160175260371,80.44322338880366,0.051055191696349915,-0.4266648174919822,5,2021-2025
Tyler O'Neill,641933,204.0,0.3359669205396707,0.5759783586202056,0.3380561046782962,85.72226972266137,0.08159926711163461,0.30392399115010876,3,2021-2025
Joshua Palacios,641943,106.0,0.32537882949690977,0.49028835308771895,0.34105806362428315,84.43986099591434,0.0934476085153442,0.2299838548749831,3,2022-2024
Chuckie Robinson,642020,55.0,0.23360386046110754,0.3360342508798392,0.2307837481146305,83.74850678733031,0.06133735545500251,-0.37852589589224483,2,2022-2024
Josh Rogers,642028,7.0,0.144,0.164,0.1585,57.94999999999999,0.0,-1.3033671745453828,1,2021-2021
Dominic Smith,642086,103.0,0.374626676630714,0.6704433074755467,0.3677619477882128,80.20340471525188,0.06836483155299918,0.3165010676986515,2,2021-2023
Rowdy Tellez,642133,182.0,0.3907912443884587,0.9821776217104142,0.42103216218925604,85.95943122605898,0.10215097734521959,0.9167390267317165,4,2021-2025
Matt Thaiss,642136,111.0,0.28543490005018185,0.3065716496107915,0.1823983854169778,80.53290618969957,0.05444737172249403,-0.410499487130941,3,2021-2024
Pat Valaika,642162,91.0,0.227367461430575,0.4178476702508959,0.267831541218638,79.96904761904761,0.05494505494505494,-0.3027847457827841,1,2021-2021
Josh VanMeter,642165,68.0,0.31846153846153846,0.4846363636363636,0.37481818181818183,82.25555555555556,0.08823529411764706,0.20093403970493623,1,2021-2021
Tyler Wade,642180,36.0,0.1732531369987729,0.19969967937299607,0.18061138819617623,76.01815461346634,0.051953449709060684,-0.9654782275628893,2,2021-2024
Eli White,642201,36.0,0.5794845423220973,1.3872185486532638,0.7243293584169214,76.8350811485643,0.0568039950062422,1.757568619484066,2,2024-2025
Weston Wilson,642215,115.0,0.26401115164875294,0.4110970468538036,0.33482030679327973,78.84837722337721,0.07283731608055931,-0.24675418773082364,3,2023-2025
Francisco Mejía,642336,96.0,0.2765327786262076,0.3521846257133266,0.2566683690596077,78.95074295579259,0.07207596029348294,-0.38529051539596915,2,2021-2022
Jose Siri,642350,108.0,0.2037244338070301,0.6113059092592987,0.3086560798582354,78.69814677171597,0.05321837371785342,-0.43655294841652614,3,2021-2024
Magneuris Sierra,642423,54.0,0.14936284615384615,0.19233333333333336,0.17466666666666664,70.4375,0.018518518518518517,-1.00511211452586,1,2021-2021
Luis Barrera,642456,7.0,0.3283333333333333,0.3996666666666666,0.3443333333333334,91.73333333333333,0.14285714285714285,0.42183212466141895,1,2021-2021
Amed Rosario,642708,191.0,0.28793540538814777,0.41676379643272277,0.3055425740973127,81.63179841717528,0.08368781209543186,-0.06038190324028643,5,2021-2025
Willy Adames,642715,424.0,0.3381119794293728,0.5890775999300496,0.3334530483109885,84.79867130250501,0.0887333560942301,0.3342203283537386,5,2021-2025
Kelvin Gutiérrez,642721,87.0,0.3325853838383839,0.6125370370370372,0.31513888888888886,82.58666666666666,0.08045977011494253,0.26765184386756286,1,2021-2021
Sergio Alcántara,642727,165.0,0.2550631254029597,0.45699642230801196,0.2900375337930226,80.36041857118673,0.05472320975114271,-0.2650892977326711,2,2021-2022
Thairo Estrada,642731,143.0,0.3110136046010169,0.4000247768517823,0.2622142254444662,80.74934306503611,0.09435729337391711,-0.09708693807826133,3,2021-2023
Austin Wynns,642851,77.0,0.16159288077279343,0.27606259097525476,0.20502212518195048,84.56819019893256,0.08712830110210024,-0.5960958745562612,3,2021-2023
Andrew Benintendi,643217,219.0,0.37918614964631076,0.5525258024850176,0.30403767944354704,82.78310522993971,0.08979372747488688,0.3554012498494353,3,2021-2024
Garrett Cooper,643265,77.0,0.276959,0.5053782051282051,0.2849794871794871,80.40434782608695,0.03896103896103896,-0.2504566638981643,1,2023-2023
Mauricio Dubón,643289,195.0,0.23952723614916518,0.349986897165545,0.24983666583284458,79.77842173573734,0.04901160966426106,-0.5185483076855986,4,2022-2025
Caleb Hamilton,643348,40.0,0.196784,0.5236444539856098,0.3119891451870947,78.3875,0.025,-0.6543420337354755,1,2022-2022
Danny Jansen,643376,217.0,0.4299114794835355,0.7776611855860147,0.44289635021585066,84.30196294795032,0.07562688064192577,0.823459029737731,4,2021-2025
Tony Kemp,643393,109.0,0.33987324162787463,0.46705905395260855,0.31229299222583673,83.93284446159785,0.07275183326900811,0.0787560291183338,2,2021-2022
Isiah Kiner-Falefa,643396,268.0,0.2825977444374314,0.3895032089679614,0.29283322048756744,84.51203795382104,0.10883308714918759,0.04769794369997015,5,2021-2025
Jeff McNeil,643446,183.0,0.38135047035956127,0.563122438477517,0.3694691161553269,81.20127262461497,0.10726978998384491,0.4859893799729678,4,2021-2025
Frank Schwindel,643524,101.0,0.3271356236602903,0.4779605061605062,0.3211462537462537,81.84864864864865,0.06930693069306931,0.11817607365774098,1,2021-2021
Mike Tauchman,643565,143.0,0.2810646463687788,0.7000852625357108,0.3707970479098939,80.61370051538016,0.035957048566643675,-0.018300833707576285,2,2023-2024
Yu Chang,644374,107.0,0.25704872015137786,0.3842675102002782,0.27797563248380935,81.55646507943904,0.04562891177064406,-0.32117574900073315,2,2021-2022
Sandy Alcantara,645261,5.0,0.0,0.521826763572633,0.3087393605605791,80.29007674668912,0.0,-0.9131208985851283,1,2021-2021
Ozzie Albies,645277,274.0,0.3406490871866089,0.4956763249408133,0.32012235087602403,84.07145782782776,0.08247249045587245,0.24109792320617426,3,2021-2024
Victor Robles,645302,160.0,0.25744144084185316,0.3909532301740813,0.2765365667311412,80.08918821603928,0.05770212765957447,-0.36206210958235324,3,2022-2025
Jose Herrera,645444,6.0,0.689131,0.4813385476850255,0.2983866166925317,70.7,0.0,0.7338541006455678,1,2024-2024
Mike Ford,645801,45.0,0.3578010000000001,0.5715000000000001,0.47450000000000003,79.17999999999999,0.044444444444444446,0.20163025503580712,1,2023-2023
Rafael Devers,646240,365.0,0.36251990118925476,0.6612660554173494,0.334771194619514,84.84148585984228,0.09490919432820054,0.4614628210546531,4,2021-2025
Josh Naylor,647304,231.0,0.38551142327454657,0.5814415451623237,0.394719040037155,85.62256559403859,0.1295396053760366,0.7020819875421898,4,2022-2025
Abraham Toro,647351,170.0,0.29732219248689445,0.543359752870846,0.31859880283153597,79.95660378444077,0.035578921628560946,-0.11915514956843036,2,2021-2022
Aledmys Díaz,649557,110.0,0.25480411863417485,0.3751676553783296,0.30088521646892435,83.84475622691916,0.12257405515832484,-0.10651759097211784,3,2021-2023
Luis Urías,649966,155.0,0.44087147589442083,0.808304661208532,0.4025211411724083,84.75134460634084,0.10387655250282274,1.0372989070606784,3,2021-2024
Lewin Díaz,650331,179.0,0.2143053338472555,0.40225052573106385,0.22108451650376723,83.41980462069053,0.10248779907153911,-0.3453021858145044,2,2021-2022
Luis Arraez,650333,261.0,0.3558114631754265,0.47608662404663993,0.32674130944650726,85.50352951808289,0.11542736467711462,0.4190250725043613,5,2021-2025
Jermaine Palacios,650339,39.0,0.4727334134615384,1.3590112179487182,0.5166680689102564,82.87142857142858,0.1282051282051282,1.6846995183626001,1,2022-2022
Luís Madero,650347,2.0,0.285,0.326,0.285,29.8,0.0,-1.1554864473557367,1,2021-2021
Eloy Jiménez,650391,197.0,0.269659717994627,0.4295843848273461,0.26723616668203193,80.08138382689873,0.04932239328846686,-0.30179880695611905,3,2021-2023
Gleyber Torres,650402,390.0,0.28348531940318006,0.5022968086607142,0.3110472907992267,83.85527673146314,0.06869741186494836,-0.026384070691538333,5,2021-2025
Willi Castro,650489,244.0,0.325181935300381,0.45499955996363844,0.30555334235251763,79.25124109898842,0.08867699642431465,0.026783103993426954,4,2021-2025
Yandy Díaz,650490,188.0,0.30284056355704836,0.4868914110067428,0.2943027190211679,84.568142938831,0.10003783579265986,0.13920566023945338,5,2021-2025
Bryan De La Cruz,650559,355.0,0.3271577821518106,0.6249387774757326,0.345934800094032,82.6023889940507,0.08957646946473763,0.30291823342664603,4,2021-2024
Humberto Mejía,650668,11.0,0.459,0.635,0.47700000000000004,83.4,0.0,0.5812687371702685,1,2021-2021
Luis Rengifo,650859,261.0,0.29992106720474415,0.4381797714711966,0.30925764520394666,79.930934565587,0.07659444613976199,-0.07465856684641141,3,2021-2025
René Pinto,650907,47.0,0.4026566910658391,1.2739259650009758,0.5379959020719138,89.84218402426693,0.1267273340074149,1.457133240717707,2,2022-2023
Yohel Pozo,650968,13.0,0.2225,0.39633333333333337,0.3243333333333333,78.78571428571429,0.07692307692307693,-0.42553913651408826,1,2025-2025
Andruw Monasterio,655316,96.0,0.18375113956386294,0.3844515887850467,0.28609999999999997,84.21970924195224,0.06205607476635515,-0.4682583105740337,3,2023-2025
Carlos Pérez,656024,98.0,0.2301618434794283,0.38239383477571814,0.2213081053225815,82.09886804359544,0.06204067680738335,-0.4757405878310826,2,2022-2023
Riley Adams,656180,117.0,0.14995365756916743,0.3963291544070616,0.2923381092490725,79.68368319242056,0.0649865677369835,-0.6757584147387827,3,2021-2025
Sean Bouchard,656248,167.0,0.44240752010731904,0.8998444982320429,0.4273411266372505,83.87119094413956,0.09087241553202217,0.9411521758432686,2,2022-2023
Bobby Bradley,656252,46.0,0.1628666666666667,0.5191333333333333,0.26730000000000004,80.33846153846154,0.043478260869565216,-0.4181539893452094,1,2021-2021
Matt Chapman,656305,374.0,0.29855326704369123,0.4592681644503279,0.2746141262005844,81.97148267445749,0.07192222981696664,-0.08185229520898928,5,2021-2025
Michael Chavis,656308,52.0,0.23252631578947372,0.39361538461538464,0.3452307692307693,81.69500000000001,0.1346153846153846,-0.017434448832298,1,2021-2021
Austin Davis,656354,4.0,0.691717,0.521826763572633,0.30873936056057916,80.29007674668912,0.0,0.9062364967298484,1,2021-2021
Greg Deichmann,656364,16.0,0.17292925,0.521826763572633,0.30873936056057916,75.8,0.0,-0.5314599798284657,1,2021-2021
Stuart Fairchild,656413,99.0,0.29723561021659367,0.5888075195790127,0.29461637641232014,83.01887792207793,0.06995670995670997,0.030441215994972858,2,2022-2023
Stone Garrett,656448,65.0,0.4687252531356944,0.7849391485604521,0.3494852401294083,83.4643710979138,0.09958885335769756,0.9692717712768488,2,2022-2024
Tristan Gray,656484,42.0,0.35113609090909087,0.5121249999999999,0.40700000000000003,85.4090909090909,0.07142857142857142,0.3507714416536259,1,2025-2025
Dalton Guthrie,656495,37.0,0.24885099999999996,0.1386666666666667,0.10433333333333332,70.96000000000001,0.0,-1.2492448545391086,1,2022-2022
Derek Hill,656537,71.0,0.23317076958952915,0.30754218934276834,0.23145823951967406,83.58730500160824,0.04245738179478931,-0.48561676061998027,2,2024-2025
Sam Hilliard,656541,167.0,0.32838929780741766,1.0779060091098993,0.47355267109802013,83.55647310078308,0.08064680158649445,0.7689850297312991,2,2021-2024
Rhys Hoskins,656555,195.0,0.2454946129112213,0.416904296893155,0.2900251067129477,81.40547208095752,0.06272152874094622,-0.3324488145048788,3,2022-2025
Tanner Houck,656557,8.0,0.0,0.521826763572633,0.30873936056057916,73.7,0.0,-1.0205247354422249,1,2021-2021
Alex Jackson,656577,57.0,0.20438146927427867,0.6188918857794815,0.37043117877640597,90.23520276100088,0.090595340811044,0.00400461670179663,2,2021-2025
Andre Jackson,656578,3.0,0.067,0.076,0.074,80.4,0.0,-1.2822664477510537,1,2021-2021
Connor Joe,656582,71.0,0.5418815515534527,0.6302371574720086,0.44931748474878697,85.23170373421846,0.04071298359327527,0.9982226015353142,2,2023-2024
Mitch Keller,656605,5.0,0.20750000000000002,0.307,0.2875,73.1,0.0,-0.6657270672662492,1,2021-2021
Jordan Luplow,656669,86.0,0.27555619682409166,0.4577947993216506,0.37445166760881854,81.67901423995262,0.04804974561899378,-0.17307880241584261,2,2022-2023
Zach McKinstry,656716,214.0,0.3349269438898317,0.5693341649360715,0.3458960306233818,79.92074125461946,0.06721660114712895,0.10342290568506275,4,2022-2025
Tylor Megill,656731,9.0,0.3391521739130436,1.2448695652173911,0.4356521739130436,102.2,0.1111111111111111,1.264010360549812,1,2021-2021
Cedric Mullins,656775,354.0,0.2777917232795795,0.4598452875588323,0.29272611126143394,81.312443714382,0.08948020897901356,-0.0647670395193859,5,2021-2025
Ryan O'Hearn,656811,245.0,0.3019305959437193,0.5050531447835108,0.31383129195208054,82.24462656839691,0.0964294888260981,0.11272295546052861,5,2021-2025
DJ Peters,656847,55.0,0.34629661835748793,0.6816716833890747,0.25900668896321066,79.47083333333333,0.09090909090909091,0.2799680605763784,1,2021-2021
Emmanuel Rivera,656896,91.0,0.5246372214209005,0.902363556589375,0.3784661686751717,86.63631363520082,0.10237912509593244,1.438651199041648,3,2022-2024
Kyle Schwarber,656941,473.0,0.4025300471730007,0.9380743247399821,0.347229268242196,86.89169702963218,0.101091642968535,0.9480888690726416,5,2021-2025
Pavin Smith,656976,138.0,0.3768610906215183,0.7370652844436573,0.3214391519746596,80.67432089052073,0.05822187254130605,0.3836541928762212,3,2021-2024
Justin Steele,657006,8.0,0.38166666666666665,0.4653333333333334,0.4083333333333334,87.30000000000001,0.125,0.553721004348177,1,2021-2021
Lane Thomas,657041,368.0,0.3026997059189996,0.5227902185923045,0.2782131765097175,80.91517810423754,0.07195767195767196,-0.066861451884978,4,2021-2024
Cole Tucker,657061,65.0,0.33862266061705987,0.4836229885057472,0.27345862068965515,78.46666666666667,0.03076923076923077,-0.03835939343983589,1,2021-2021
Alex Verdugo,657077,251.0,0.23634018175037286,0.4375487710186323,0.2531029182024582,81.8408457094954,0.06546699791848519,-0.3446775516205733,4,2021-2024
Forrest Wall,657088,23.0,0.1082,0.20233333333333334,0.17366666666666666,77.30000000000001,0.043478260869565216,-1.1875444898122631,1,2023-2023
Jacob Webb,657097,5.0,0.0,0.521826763572633,0.3087393605605791,80.29007674668912,0.0,-0.9131208985851283,1,2021-2021
Connor Wong,657136,155.0,0.24814357603576032,0.5194099461204682,0.24895987520732785,81.65970335091681,0.06089514978601997,-0.26047303300700747,4,2022-2025
Eddy Alvarez,657193,122.0,0.32685012198048097,0.43266903914590743,0.32200857327725657,83.10162490477036,0.04868974441928178,-0.03891123520804385,2,2021-2024
Brian O'Keefe,657247,13.0,0.375436,0.985,0.85,79.15,0.0,0.7974482028303964,1,2022-2022
Logan Webb,657277,23.0,0.3675899116279071,0.7587054263565894,0.2793720930232559,69.77777777777777,0.043478260869565216,0.13983160963908928,1,2021-2021
Paul DeJong,657557,207.0,0.21759486156567576,0.44830940154785526,0.2261703889962177,80.81147526145854,0.09651409024271053,-0.3492902242782984,4,2021-2025
Ramón Laureano,657656,175.0,0.27165300846096885,0.550467847421458,0.33026613684084394,79.43636734964232,0.07455510907003444,-0.09998640074121491,3,2023-2025
Gavin Sheets,657757,345.0,0.31405130072952697,0.49034953416331883,0.310238509298234,83.92660608309632,0.10043937091939392,0.1597581216916494,5,2021-2025
Pedro Avila,658648,4.0,0.0,0.521826763572633,0.30873936056057916,80.29007674668912,0.0,-0.9131208985851283,1,2021-2021
Edward Olivares,658668,156.0,0.3177862775947751,0.5772457253575846,0.3591461512160244,83.38243305989783,0.11939328277356444,0.29057452576132353,2,2022-2023
Dinelson Lamet,659275,4.0,0.0,0.521826763572633,0.30873936056057916,80.29007674668912,0.0,-0.9131208985851283,1,2021-2021
Yoán Moncada,660162,277.0,0.3259754553064994,0.7016259400612035,0.3211762877318369,81.04259392665212,0.07768011884129734,0.22492571329284614,4,2021-2025
Shohei Ohtani,660271,392.0,0.45128706276190533,0.9354507784241789,0.4237134389928115,88.36632810341297,0.12440780393180884,1.2956905470954703,4,2021-2025
Yoshi Tsutsugo,660294,106.0,0.2424003850931677,0.3885032967032967,0.2559307692307692,81.71764705882353,0.05660377358490566,-0.26356751540566375,1,2021-2021
Huascar Ynoa,660623,5.0,0.002,0.003,0.003,47.5,0.0,-2.108249336246555,1,2021-2021
Yonny Hernández,660634,63.0,0.15059999999999998,0.362,0.29825,76.41428571428573,0.015873015873015872,-0.6718673775981931,1,2021-2021
Diego Castillo,660636,51.0,0.3955833333333333,0.6115,0.47840000000000005,83.52352941176471,0.0392156862745098,0.504241395132306,1,2022-2022
Vidal Bruján,660644,30.0,0.20104884683098592,0.40866455734406437,0.14391340040241452,84.08788412291932,0.1267605633802817,-0.3552230098002997,2,2022-2024
Dérmis Garcia,660650,64.0,0.10941176470588235,0.29512499999999997,0.23812500000000003,76.14347826086956,0.015625,-1.3209621020315507,1,2022-2022
Ronald Acuña Jr.,660670,240.0,0.3942828928790014,0.7803736850288101,0.3773377376750021,84.73389609104653,0.10751685947694499,0.7237288971284194,3,2022-2025
Keibert Ruiz,660688,168.0,0.353570758601492,0.4936639491985942,0.35528441059899796,81.08230942874447,0.08682935746275477,0.21759114827134815,3,2021-2024
Elehuris Montero,660707,127.0,0.27340522483839613,0.6125271007426661,0.27880095527491083,81.80511875761268,0.0702801461632156,-0.07981196114261176,2,2022-2023
Oscar Gonzalez,660757,86.0,0.4183767767664504,0.7465118855392442,0.41854319462914247,82.88990795691062,0.1290783034257749,0.8429125820067798,2,2022-2023
Sandro Fabian,660758,7.0,0.35409615384615395,0.6646923076923078,0.20638461538461542,81.43333333333334,0.14285714285714285,0.4711260418076929,1,2024-2024
Juan Yepez,660766,228.0,0.2946654475041454,0.5081101307084467,0.3652013618058816,76.72019409623259,0.05103688868789974,-0.1802490810224229,3,2022-2024
Jesús Sánchez,660821,349.0,0.25998802892738726,0.591063011620378,0.38772131258953246,82.39525029131437,0.06506431690334763,-0.002921765080376565,5,2021-2025
Hoy Park,660829,69.0,0.31536284615384613,0.5365,0.45025000000000004,78.58947368421053,0.043478260869565216,0.13175946353265586,1,2021-2021
Leo Rivas,660844,70.0,0.20346885445376472,0.21295306570800876,0.130139205112842,86.24675454363891,0.044937088076692625,-0.674845912936612,2,2024-2025
William Contreras,661388,295.0,0.260438757994445,0.3816722271500278,0.26605797455920926,85.96554165253755,0.07922517677522159,-0.1592787725067688,5,2021-2025
Brian Serven,661531,26.0,0.12316666666666666,0.2869999999999999,0.2723333333333333,69.35555555555555,0.0,-1.4959323565579419,1,2022-2022
Daulton Varsho,662139,318.0,0.2830360612802709,0.5179185943137645,0.3000369272969409,82.53749591618444,0.11317875252301479,0.06222686147267209,4,2021-2025
Jahmai Jones,663330,65.0,0.4230456631858365,0.8193590253981052,0.40296762245515017,85.84148549159636,0.12094335819391253,1.115334194634174,2,2021-2025
Blake Perkins,663368,138.0,0.31951552554809814,0.5401751091996907,0.26034625700062425,79.93473704614317,0.03573043871551334,-0.11613665538217836,3,2023-2025
Lars Nootbaar,663457,418.0,0.35249975827685975,0.5781942870423422,0.2978272057591297,81.78871658830435,0.059844662772172055,0.19707088651064372,5,2021-2025
Brendon Davis,663478,45.0,0.320303173553719,0.6009155844155843,0.34890259740259744,81.57142857142857,0.06666666666666667,0.13272335389035908,1,2022-2022
Tyler Nevin,663527,143.0,0.3609108378040606,0.6888109583873834,0.3629506870136607,81.0249705170057,0.053723772192759964,0.3170834428336749,4,2021-2024
Nico Hoerner,663538,348.0,0.31319499562741193,0.4465527635460869,0.31182277025486677,82.36321403478973,0.07923079789811054,0.025320508032568013,4,2022-2025
Bailey Falter,663559,4.0,0.0,0.521826763572633,0.30873936056057916,80.29007674668912,0.0,-0.9131208985851283,1,2021-2021
Peter Lambert,663567,3.0,0.167,0.168,0.167,95.1,0.3333333333333333,0.17850205570294908,1,2021-2021
Austin Riley,663586,289.0,0.28776385792001874,0.6261587782341701,0.38100403836070884,85.23853033356171,0.09345678245199775,0.24906964503073328,3,2021-2023
Brandon Lockridge,663604,31.0,0.24977832512315268,0.6620689655172417,0.2876982758620689,76.49166666666666,0.12903225806451613,-0.018786638019923085,1,2024-2024
Luken Baker,663609,125.0,0.29912501821369747,0.3695394506136762,0.2846847067991428,82.01236282875512,0.06440677966101695,-0.16467860287690297,2,2023-2024
Trevor Larnach,663616,142.0,0.26003539509116036,0.5043334899226868,0.29505012192869723,88.25260088245659,0.09412572998969426,0.10000965095064734,3,2023-2025
Ryan Mountcastle,663624,318.0,0.3129572905993378,0.6218704178772974,0.3693031663883014,84.93705085463043,0.09815921814213871,0.3646307363377778,5,2021-2025
Ryan McKenna,663630,74.0,0.18266576931838094,0.3388882199804751,0.224379555808656,84.51284945123213,0.11361047835990888,-0.3307233342149171,2,2021-2022
Ke'Bryan Hayes,663647,206.0,0.24785378518390125,0.3419786495360163,0.2614873113670864,83.54760186284777,0.06737208679346371,-0.33336609098896647,3,2022-2025
Kyle Tucker,663656,347.0,0.28083345749138666,0.4516345370904603,0.2753502824966989,85.03169098422009,0.10536865957817676,0.05409677704160856,5,2021-2025
Daz Cameron,663662,105.0,0.22512658287795995,0.3995278283748229,0.26602367941712207,79.90816360324557,0.0540983606557377,-0.38474979928371894,2,2021-2024
Jonathan India,663697,317.0,0.3904750081570183,0.5765634218525207,0.33935314140440376,81.19928957143105,0.0670068676077833,0.332056831924147,5,2021-2025
Joey Bart,663698,194.0,0.2860279867349958,0.6448800002702985,0.3791729734692983,82.82016806722689,0.06750241080038571,0.12873020535963267,3,2022-2025
Cal Raleigh,663728,341.0,0.371091997737837,0.8544569059827396,0.40819190882508066,84.60819022452631,0.09398186314921683,0.7690272304025643,5,2021-2025
Connor Kaiser,663731,17.0,0.0,0.528354992697365,0.3090275603364241,88.35,0.0,-1.0798503833931348,1,2025-2025
Nick Fortes,663743,206.0,0.2761387614553408,0.3972217326557248,0.27580338668699445,80.10604361883145,0.07706003845879922,-0.20346275013613438,5,2021-2025
Reiss Knehr,663753,4.0,0.0,0.521826763572633,0.30873936056057916,86.7,0.0,-0.8086531696302282,1,2021-2021
Trent Grisham,663757,324.0,0.322810980053697,0.6148804018260354,0.36767237316187457,83.62779851594728,0.06260589998696617,0.2245760363946679,5,2021-2025
Jake Woodford,663765,3.0,0.183,0.2415,0.236,48.55,0.0,-1.225936617169349,1,2021-2021
Matt Vierling,663837,290.0,0.3674653899434221,0.6147610793759267,0.3465404799523017,85.8796266063583,0.09899107284348423,0.521324121400344,4,2021-2024
Alfonso Rivas III,663845,59.0,0.3601943798922801,0.614372169359665,0.30989250149611014,78.0937881508079,0.036205864751645715,0.02798750339792312,2,2022-2023
Romy Gonzalez,663853,151.0,0.23308658887522526,0.4684449853744349,0.29789242922453824,84.77215806902586,0.09939759036144578,-0.10763351411034869,3,2022-2025
Tyler Stephenson,663886,250.0,0.3535994408296617,0.7227939747359969,0.35576610475833487,85.8409033262512,0.1052999354977424,0.5949712556345184,4,2021-2025
Luke Williams,663897,11.0,0.02433333333333333,0.063,0.063,69.975,0.0,-1.9777238183340726,1,2023-2023
Brendan Rodgers,663898,322.0,0.3528833750306141,0.6102518120800493,0.33052678191095874,83.82933415943495,0.08881578947368422,0.3789731110448623,4,2021-2024
César Salazar,663967,4.0,0.0,0.48133854768502554,0.2983866166925317,76.5,0.0,-1.4302079542221113,1,2024-2024
Jake Mangum,663968,89.0,0.2695373790334798,0.4688509940561591,0.274230006148801,81.07000000000001,0.056179775280898875,-0.25264792646263967,1,2025-2025
Nathaniel Lowe,663993,535.0,0.3477391510458974,0.6583536894089895,0.3711898394117233,82.90853830288032,0.07234945329924386,0.3875795630641634,5,2021-2025
Ian Happ,664023,478.0,0.331087616324112,0.5203464407065892,0.3109889612758704,83.96508330076335,0.08292097765781976,0.19430827593058908,5,2021-2025
Mark Mathias,664029,23.0,0.3467859047619047,0.6307642857142856,0.2091714285714286,91.6,0.08695652173913043,0.48823564753683946,1,2022-2022
Ty France,664034,291.0,0.27381301340732533,0.4113766439844503,0.26810797830935407,84.86166180096104,0.082546901648664,-0.11293308336876752,4,2021-2024
Brandon Lowe,664040,239.0,0.3405195621376068,0.6926153961256785,0.38771291628625165,81.50859339788467,0.0775565457724632,0.33981972635570046,3,2021-2025
Harrison Bader,664056,265.0,0.15984050487323992,0.3073846655819541,0.19483243159828031,80.8758406769701,0.06593837535014005,-0.7836862409492219,4,2021-2025
Andrew Stevenson,664057,37.0,0.2906020415925338,0.8379393226297902,0.33367088991402366,81.88492243186582,0.08247978436657681,0.29475095611219554,2,2021-2023
David Fletcher,664058,226.0,0.3059537503514147,0.3646879130031421,0.30591348909184185,78.94431486405145,0.05823544113971507,-0.21908367749681135,3,2021-2023
Sam Haggerty,664059,89.0,0.4278087076980152,0.41899181969949917,0.3543807178631052,76.52538068498002,0.03487293637544055,0.11295478745335656,2,2022-2023
Tony Gonsolin,664062,3.0,0.0,0.521826763572633,0.3087393605605791,75.0,0.0,-0.9993375788610251,1,2021-2021
Tanner Anderson,664196,5.0,0.1035,0.23,0.23,67.6,0.0,-1.138629044867077,1,2021-2021
Dylan Moore,664238,214.0,0.3429256347498756,0.42515930662020907,0.319177850174216,83.64477102533547,0.056167247386759586,0.11294161054021866,5,2021-2025
Estevan Florial,664314,93.0,0.24923030158730158,0.5237636363636363,0.3917090909090909,77.34074074074073,0.043010752688172046,-0.3120690081227162,1,2023-2023
Alejo Lopez,664670,33.0,0.2197,0.38171428571428573,0.3372857142857143,74.71000000000001,0.0,-0.8472987593772394,1,2022-2022
Myles Straw,664702,245.0,0.32921427951841864,0.41586302100051836,0.33580512556681075,79.14346786739891,0.059107105428631325,-0.11240030686074994,5,2021-2025
Kyle Isbel,664728,203.0,0.26965890675153825,0.4246935604784453,0.28776449199588733,80.31416383259737,0.06695755652518841,-0.2594901804751339,4,2021-2024
P.J. Higgins,664731,55.0,0.38718600000000003,0.46799999999999997,0.38585714285714284,82.44615384615385,0.03636363636363636,0.23636883450169727,1,2022-2022
Alec Bohm,664761,341.0,0.27694580175811906,0.42254735644526786,0.30385327534042433,84.43574934581153,0.10958572236130179,0.04185657756978457,5,2021-2025
Nathan Lukes,664770,145.0,0.3531260985279983,0.5561712794071644,0.26472625643172043,83.84179810103198,0.09989468933353392,0.3267674598505341,2,2024-2025
LaMonte Wade Jr.,664774,256.0,0.3369687531000775,0.49239944716517053,0.3031465597743403,82.06299941395187,0.08738294102758797,0.18211755102094385,4,2021-2024
Patrick Mazeika,664850,18.0,0.0,0.521826763572633,0.3087393605605791,63.8,0.0,-1.1818730817144378,1,2021-2021
Seby Zavala,664874,19.0,0.2585806,0.3143333333333333,0.15866666666666668,91.1,0.10526315789473685,-0.08061327219267653,1,2023-2023
Danny Mendick,664901,9.0,0.3409676666666667,0.212,0.187,73.76666666666667,0.0,-0.6375981454162623,1,2023-2023
Seth Brown,664913,267.0,0.2608456242355172,0.456067385777072,0.2940838303016828,83.85147886559156,0.10050282070149619,-0.06327923440143851,4,2021-2024
Brett Sullivan,664954,65.0,0.2538845263157895,0.3181538461538462,0.2806153846153846,82.25652173913043,0.07692307692307693,-0.3166340121180774,1,2023-2023
Jake McCarthy,664983,300.0,0.2827741294915487,0.4717101598460121,0.2826581503798551,76.72377415674868,0.04203280609256004,-0.3732135758819381,5,2021-2025
Kody Clemens,665019,169.0,0.2993269429844628,0.622186736641102,0.33606456745006624,84.4617529310838,0.073798705768966,0.18608139964953782,3,2022-2025
Griffin Conine,665052,120.0,0.23689394217812074,0.4956614150937469,0.3477700922235101,81.00374115043353,0.057699375229694955,-0.26094690046471625,2,2024-2025
Tyler Payne,665066,11.0,0.0,0.521826763572633,0.3087393605605791,64.7,0.0,-1.1672050502351456,1,2021-2021
Jared Walsh,665120,122.0,0.29937307126656654,0.5412809124399711,0.2598008940201303,82.87325294032931,0.08401420959147425,0.030738933771705015,2,2021-2023
Ford Proctor,665154,33.0,0.24207440000000002,0.2588888888888889,0.20155555555555557,85.02307692307691,0.06060606060606061,-0.476965422255472,1,2022-2022
Nick Maton,665155,28.0,0.1375714285714286,0.38166666666666665,0.3356666666666666,75.16249999999998,0.0,-1.141416749512688,1,2022-2022
Jeremy Peña,665161,172.0,0.3074509681355457,0.5096317772518305,0.32199193587977315,81.90688975006533,0.07506749107376122,0.03003056584134814,3,2022-2024
Gilberto Celestino,665482,60.0,0.3277632941176471,0.3727,0.256,85.16666666666667,0.06666666666666667,0.004454168920060897,1,2022-2022
Fernando Tatis Jr.,665487,278.0,0.3196935881948608,0.7314829572002941,0.33968585944771956,83.66306957803292,0.08447098976109216,0.42272198702237085,4,2021-2025
Vladimir Guerrero Jr.,665489,448.0,0.31631382967345745,0.5118263086184561,0.29580940829444646,83.43395701957162,0.09559271980226625,0.17608127352802605,5,2021-2025
Cristian Pache,665506,136.0,0.30809834313666884,0.6321944560131626,0.4783256388503265,78.43740559811984,0.035747339194817214,0.055534922888876674,2,2022-2023
Rafael Marchán,665561,25.0,0.16171428571428575,0.3024,0.22599999999999998,83.4875,0.04,-0.7664013673060669,1,2025-2025
Reiver Sanmartin,665665,13.0,0.0,0.521826763572633,0.3087393605605791,81.65,0.0,-0.8909571240418112,1,2021-2021
Juan Soto,665742,457.0,0.3877018513022164,0.7583708100417413,0.36426457314259403,85.92487223637681,0.08672835672587258,0.7030438159781442,5,2021-2025
Leody Taveras,665750,289.0,0.2610201583909189,0.44129052335499214,0.269163230485554,81.08027021648562,0.05436430582629413,-0.29046229435944954,4,2021-2024
Luis De Los Santos,665782,11.0,0.22333333333333336,0.4335,0.35,89.45,0.09090909090909091,0.051999468633250584,1,2024-2024
Edward Cabrera,665795,3.0,0.0,0.521826763572633,0.3087393605605791,64.0,0.0,-1.178613519163484,1,2021-2021
Miguel Amaya,665804,75.0,0.22907025738636358,0.2853512506012506,0.2385249719416386,78.27502040608101,0.027609427609427608,-0.7024920113493048,2,2023-2024
Oswaldo Cabrera,665828,202.0,0.2549554701282755,0.4854633524629752,0.2792442304065074,78.90416945550567,0.06551724137931034,-0.3058540303259865,3,2022-2024
Oneil Cruz,665833,254.0,0.24076101187953045,0.4272667209800828,0.23465229202095791,86.18329955067728,0.08679011650813306,-0.17192518781098942,4,2021-2025
Enmanuel Valdez,665839,78.0,0.3008466764688271,0.710351723128012,0.3235275816913973,84.11673956492774,0.08879104751421757,0.22678750746374984,2,2023-2024
Sebastián Rivero,665861,36.0,0.17636867088607597,0.28502285513361464,0.20492756680731364,84.23662095639945,0.13959212376933897,-0.4269988996096798,3,2021-2025
Jazz Chisholm Jr.,665862,320.0,0.3054249088814717,0.51562798660864,0.30568965221526556,84.40478373878763,0.1008524712349187,0.20149554045000176,4,2021-2025
José Fermín,665877,113.0,0.27944535597676295,0.31314740548854525,0.27777476726301303,75.66877111337263,0.05754674977738201,-0.5083018291550939,3,2023-2025
Esteury Ruiz,665923,53.0,0.284925375,0.29325,0.2654166666666667,67.10555555555555,0.0,-0.8894683345756147,1,2023-2023
Andrés Giménez,665926,304.0,0.2657397704812061,0.3823402217366675,0.28351158003560734,79.8989253369077,0.06249089584850692,-0.34310640947867427,5,2021-2025
Andrés Chaparro,665953,11.0,0.0,0.528354992697365,0.3090275603364241,83.75,0.0,-1.2148416129677622,1,2025-2025
Carlos Narváez,665966,65.0,0.3254387596899225,0.6397093023255814,0.3330639534883721,84.60833333333333,0.07692307692307693,0.28245108296604615,1,2025-2025
Jonathan Aranda,666018,215.0,0.30905620832796354,0.6261216300409379,0.3220756296981793,85.93798556261588,0.10772611200190037,0.31581401237407947,4,2022-2025
Freddy Fermin,666023,127.0,0.16476208411135634,0.3088775674758105,0.18445323374639278,81.45216737606899,0.07027669326090646,-0.7399937491186781,2,2024-2025
Ian Anderson,666120,9.0,0.0,0.521826763572633,0.3087393605605791,80.29007674668912,0.0,-0.9131208985851283,1,2021-2021
Carlos Cortes,666126,53.0,0.26766666666666666,0.4264,0.3156,84.48823529411764,0.07547169811320754,-0.09229399742160657,1,2025-2025
Nolan Jones,666134,203.0,0.4168644907329485,0.7991731455091795,0.46431411113942467,82.22481411060583,0.07512349066959385,0.7530777051243875,2,2023-2024
Alex Kirilloff,666135,64.0,0.4385147149081855,0.6747497795414462,0.3827162610229277,86.19444444444444,0.125,0.8471486331259412,1,2023-2023
Josh Lowe,666139,223.0,0.30153318785486166,0.5924320208004692,0.36905787128704437,79.65599958547611,0.048742052926153336,-0.02766186956084906,3,2023-2025
Tyler Fitzgerald,666149,166.0,0.30086389316084766,0.6885909482251473,0.3013159963371147,81.02321746969578,0.06071742430294799,0.10036590613517724,2,2023-2024
Dominic Fletcher,666150,122.0,0.30390623571546904,0.4152376133055642,0.29832729196288293,83.85628404366481,0.10931768158473956,0.11638524349735334,2,2024-2025
David Hamilton,666152,39.0,0.2382367940379404,0.827869918699187,0.3380081300813009,78.61,0.05128205128205128,-0.13963927994404235,1,2025-2025
Gavin Lux,666158,241.0,0.34560068572459846,0.5917975442104041,0.39736834275092225,85.78944782371951,0.10532666781589382,0.527097455980935,4,2021-2025
Mickey Moniak,666160,102.0,0.3320580089708513,0.6891248674882398,0.36514608447234986,88.16623347013224,0.13315093479252166,0.6299715644238884,3,2023-2025
Ben Rortvedt,666163,110.0,0.269193191863934,0.38771408460667794,0.30053316355404636,81.70340607210626,0.053528225806451606,-0.2662427493643596,3,2023-2025
Blake Sabol,666165,34.0,0.149,0.2578571428571429,0.17257142857142857,76.67333333333333,0.058823529411764705,-1.0033307982550759,1,2023-2023
Jo Adell,666176,237.0,0.2490861730781085,0.576253385839659,0.27659757897479487,83.29198720500426,0.09695763434745522,-0.05208671043929447,3,2022-2025
Will Benson,666181,125.0,0.2575301135348005,0.3784717055081748,0.29531980397777113,81.57063156162778,0.05561920633267368,-0.3289363916152156,4,2022-2025
Bo Bichette,666182,231.0,0.33573502703011204,0.5765403244950562,0.31625093072462496,83.13572756702624,0.12104851330203444,0.26895879278895557,3,2021-2023
Dylan Carlson,666185,213.0,0.3537072978336438,0.5451424629323302,0.3082509839822418,79.55609637399517,0.052077381438249935,0.06921536433737616,4,2021-2025
Grae Kessinger,666197,50.0,0.37013109667639577,0.3941316448545334,0.17085214198286416,86.55874211467847,0.040146878824969395,0.10378001584008854,2,2023-2024
Carter Kieboom,666198,131.0,0.22026122963502442,0.3333234191329475,0.23717417020675133,83.08599963879357,0.09898862199747155,-0.27958606714122847,3,2021-2025
Jesús Luzardo,666200,13.0,0.691717,0.521826763572633,0.3087393605605791,66.3,0.0,0.6782288454874614,1,2021-2021
Taylor Trammell,666211,47.0,0.11886801301684533,0.10102297090352222,0.08117611026033691,88.68122766717713,0.1276161306789178,-0.7796720426701537,2,2022-2025
Colton Welker,666213,33.0,0.38255102040816336,0.6026904761904762,0.44575000000000004,80.77272727272727,0.09090909090909091,0.5045570117867777,1,2021-2021
Bo Naylor,666310,205.0,0.26179898707702043,0.5723352646228399,0.2948961239118316,81.48132055155384,0.06778069846038301,-0.151779609082574,4,2022-2025
Edouard Julien,666397,201.0,0.29591428984872215,0.5933924300658859,0.26065493014184726,81.75698667506033,0.05772741580107019,-0.06773299207336612,3,2023-2025
Jerar Encarnacion,666464,57.0,0.3800275096236738,0.8815777379458684,0.3841368166338053,86.17981905831077,0.12003345880384776,0.9714812353586171,2,2024-2025
Christopher Morel,666624,252.0,0.3167744919553722,0.5345488994993645,0.3314682148702535,84.27645742494829,0.10693047897069953,0.23804152314754407,4,2022-2025
Eguy Rosario,666703,25.0,0.32178059999999997,0.38833333333333336,0.323,79.97999999999999,0.0,-0.2593189445321735,1,2023-2023
Rodolfo Castro,666801,129.0,0.23823399393956024,0.3276523614932189,0.25733158729134226,83.17480455355918,0.05362776025236594,-0.4263102157060757,2,2022-2023
Jake Alu,666906,56.0,0.32956946153846156,0.6183297491039427,0.3306720430107527,87.325,0.07142857142857142,0.3246491588503845,1,2023-2023
Bobby Dalbec,666915,129.0,0.22743298251346408,0.6391822286671233,0.274787189683237,80.25637971615996,0.058745699920613924,-0.2483013813402998,3,2021-2023
Adolis García,666969,450.0,0.3607858409188367,0.7843322841148466,0.36622182635120937,84.05546593069613,0.0822623851344478,0.5702865464831058,5,2021-2025
Lourdes Gurriel Jr.,666971,233.0,0.3392991434902249,0.5286597194491856,0.36676685379456514,85.76617319399193,0.14275371857312097,0.4943584421572165,3,2021-2024
Corey Julks,667452,16.0,0.15945,0.3503958333333334,0.1284583333333333,81.92,0.0625,-0.798784578449525,1,2025-2025
Dane Myers,667472,62.0,0.3577414582738217,0.8012553050397877,0.3651128978779841,84.21666666666667,0.08064516129032258,0.6251984695689462,1,2024-2024
Brent Rooker,667670,377.0,0.27131765306361105,0.5106468684405232,0.3293827649641718,80.29480889479515,0.034568614007866344,-0.23928733236587796,4,2021-2025
Randy Arozarena,668227,473.0,0.27329679319530314,0.5137667528906862,0.3139272986232351,80.62258294905946,0.07254133899470742,-0.11302322921956055,5,2021-2025
Nick Pratto,668472,62.0,0.15371428571428572,0.4575000000000001,0.37633333333333335,82.52352941176471,0.06451612903225806,-0.4686491228340755,1,2023-2023
Tres Barrera,668663,32.0,0.13185714285714287,0.275,0.24475,76.0,0.0,-1.303752842916607,1,2022-2022
Jake Rogers,668670,94.0,0.20998317408519937,0.35944646270578146,0.25160288093937744,81.4810234004117,0.0315401419989077,-0.5849359045314708,3,2023-2025
Zac Gallen,668678,12.0,0.15633333333333332,0.661,0.468,97.2,0.08333333333333333,0.22296228833366322,1,2021-2021
JJ Bleday,668709,249.0,0.26745393938105294,0.462419786205255,0.28282135634644273,84.41220124010073,0.07707279096924874,-0.08533464066980948,4,2022-2025
Spencer Steer,668715,339.0,0.3147890395459479,0.6288865660217471,0.3587794421097121,83.07749366914275,0.07811918756044937,0.22192162213300448,4,2022-2025
Payton Henry,668721,28.0,0.48195957142857143,0.5533333333333333,0.46116666666666667,78.98888888888888,0.07142857142857142,0.6664772346274949,1,2021-2021
Akil Baddoo,668731,275.0,0.36984257456150915,0.44908128414797893,0.2933459993747046,79.39616744112962,0.050144847565181394,0.04235097028680795,3,2021-2023
Cal Mitchell,668751,25.0,0.29125,0.41114285714285714,0.35028571428571426,83.56,0.12,0.11736647577129504,1,2022-2022
Andrew Knizner,668800,197.0,0.3041104974543333,0.4171088338233236,0.30381711232442016,83.43178789998859,0.08189836203275934,-0.00886063833941487,4,2021-2025
Bryan Reynolds,668804,441.0,0.36663590716454225,0.6547815101532811,0.34569232726879395,84.97184251738598,0.09921962095875139,0.5427197798099053,5,2021-2025
Max Kranick,668820,4.0,0.0,0.521826763572633,0.30873936056057916,80.29007674668912,0.0,-0.9131208985851283,1,2021-2021
Kyle McCann,668832,31.0,0.13816157142857144,0.14233333333333334,0.12166666666666667,82.48333333333333,0.0,-1.2031872989729937,1,2024-2024
Conner Capel,668843,60.0,0.2158836923076923,0.25285714285714284,0.21485714285714286,79.44285714285715,0.0,-0.9346124963694793,1,2022-2022
Aaron Schunk,668845,65.0,0.2249922839506173,0.4622245370370371,0.30440972222222223,80.97500000000002,0.061538461538461535,-0.3283271477839426,1,2024-2024
Austin Martin,668885,129.0,0.27616715433672107,0.44045571275522183,0.276134742330948,79.40502263331406,0.06357130970211348,-0.26053813034788936,2,2024-2025
Mark Vientos,668901,252.0,0.26565057042515205,0.5783505730093306,0.31276563630155346,84.97594018718641,0.08662286201534834,0.08119487515625014,4,2022-2025
Royce Lewis,668904,163.0,0.26107996091885183,0.41192755969189,0.3140386842081961,80.49438191966328,0.07933022234422178,-0.21289221672067257,2,2024-2025
Brice Turang,668930,250.0,0.3135469485171755,0.4516903520802996,0.31567169849765714,81.90144767182221,0.05391557770047946,-0.04686753607292268,3,2023-2025
Adley Rutschman,668939,339.0,0.3165320057462946,0.450906259434248,0.2869742386418276,80.02985491271758,0.07868050823680307,-0.04459280962711395,4,2022-2025
Josh Rojas,668942,285.0,0.2896896954186934,0.48296156386186867,0.2908179305681043,81.95189633262949,0.05980462234929711,-0.0869351400972564,4,2021-2024
Ryan Kreidler,668952,60.0,0.2916109117117118,0.40986732186732194,0.2297862407862408,81.68,0.1,-0.11500619840614965,1,2022-2022
Hans Crouse,668968,3.0,0.0,0.521826763572633,0.3087393605605791,80.29007674668912,0.0,-0.9131208985851285,1,2021-2021
Garrett Mitchell,669003,168.0,0.28835738013652124,0.48577000349912547,0.33939527955185217,79.80170971690175,0.04432562952742325,-0.1801069977224529,3,2022-2024
MJ Melendez,669004,232.0,0.2412325190221435,0.36820095715825607,0.23067434874882742,82.38356706014885,0.05461767626613704,-0.44390938984312484,3,2022-2024
Brandon Marsh,669016,369.0,0.35221606065161537,0.7259509630797921,0.4135341829264363,84.44798460828834,0.0889837465112461,0.5497835060941537,5,2021-2025
Kyle Stowers,669065,92.0,0.329828939153288,0.4921694738044908,0.2834505541907102,85.4608504750834,0.08015768725361368,0.20939683849486118,2,2022-2024
Sam Huff,669087,35.0,0.43817660606060616,0.9104575757575759,0.3965636363636363,95.64444444444445,0.17142857142857143,1.619198157985021,1,2022-2022
Shea Langeliers,669127,290.0,0.4094886487087144,0.714528337683258,0.36678138933078214,85.15426474338867,0.10816655164481254,0.799134282216263,4,2022-2025
Luis Campusano,669134,27.0,0.03971428571428571,0.104,0.05725,79.64,0.0,-1.8440301059642525,1,2022-2022
Mason McCoy,669200,27.0,0.34699914285714284,0.377,0.1945,79.64285714285714,0.037037037037037035,-0.22002973180773844,1,2025-2025
Sean Murphy,669221,169.0,0.33127220436837684,0.5342656851817549,0.2830277187492169,83.21057692307693,0.05754864889790647,0.10791124111113859,4,2021-2024
Nick Senzel,669222,29.0,0.2208592592592592,0.6612833333333332,0.30033,77.89999999999999,0.06896551724137931,-0.3110662699760847,1,2023-2023
Austin Wells,669224,203.0,0.3441872574949409,0.6391269648731612,0.3365935756070001,82.46003988306167,0.09750459368146525,0.34890532097968197,3,2023-2025
Justyn-Henry Malloy,669234,58.0,0.16370866011175583,0.19989361702127656,0.11578336557059962,84.87880077369438,0.07388781431334622,-0.7796873922351542,2,2024-2025
Jeremiah Jackson,669236,49.0,0.18995716666666665,0.49733333333333335,0.20446666666666669,89.1875,0.061224489795918366,-0.31426511614794417,1,2025-2025
Tommy Edman,669242,318.0,0.29977045009865716,0.39992502520817086,0.281769918767541,82.5650562477162,0.07094820291275108,-0.10976548175747383,5,2021-2025
Nick Solak,669256,59.0,0.27442893333333335,0.2988,0.26959999999999995,80.16666666666667,0.05084745762711864,-0.27393783839920843,1,2021-2021
Will Smith,669257,304.0,0.38647130098832566,0.639089555801057,0.32718745611536476,80.95065154567543,0.08618970132801429,0.4103617680123395,4,2021-2024
Jack Suwinski,669261,250.0,0.35208472824610737,0.5306648812410457,0.36444890837763044,82.62898251861239,0.058454021985691856,0.217138235671023,3,2022-2025
Santiago Espinal,669289,143.0,0.35690335518916005,0.5083131255862136,0.40036046085142724,81.31137315736424,0.05720045357187854,0.1952260183214336,3,2021-2024
Jose Miranda,669304,74.0,0.2532139939605568,0.39793030731644596,0.1601420695640993,86.02095939005666,0.10981098109810981,-0.13486408658570406,2,2022-2024
Bryce Teodosio,669326,60.0,0.27876212499999997,0.45328999999999997,0.24620500000000003,80.02941176470588,0.06666666666666667,-0.2530850692763036,1,2025-2025
Bubba Thompson,669352,76.0,0.1335,0.23814285714285716,0.15892857142857145,73.31,0.05263157894736842,-1.3057720918946136,1,2022-2022
Nolan Gorman,669357,63.0,0.17325,0.5197999999999999,0.4338,80.192,0.047619047619047616,-0.46634471266140237,1,2025-2025
Xavier Edwards,669364,275.0,0.31057283490093723,0.42619491833538153,0.3189041848042589,78.7131974240677,0.037454777612257927,-0.2203887446609214,3,2023-2025
Bryce Johnson,669369,41.0,0.3372251961297071,0.40411854951185494,0.31973384472338445,79.39720580543933,0.07845188284518828,-0.004574363471484987,2,2022-2025
Keston Hiura,669374,62.0,0.34388432687751724,0.8971576181592041,0.41950918497788836,83.29953358208957,0.11069651741293533,0.6157144783178176,2,2021-2022
Jake Burger,669394,223.0,0.2461211503343513,0.46654708157632346,0.2794487749325938,83.58529710393684,0.10928253395705348,-0.0813901209977525,3,2023-2025
Nick Allen,669397,202.0,0.2512049314227975,0.3300490598266756,0.24984382079272976,80.44619232278698,0.06293238116491855,-0.45111897576270876,4,2022-2025
Trevor Rogers,669432,10.0,0.0,0.521826763572633,0.3087393605605791,80.29007674668912,0.0,-0.9131208985851283,1,2021-2021
Cooper Hummel,669450,30.0,0.6455698126361655,1.4003140522875819,0.6224006535947711,90.69999999999999,0.16666666666666666,2.8156623879328175,1,2022-2022
Casey Schmitt,669477,99.0,0.4579860472010282,0.8946854700733275,0.387573565279815,88.76346631414505,0.13481842441118458,1.2905384243302451,3,2023-2025
Josh Smith,669701,233.0,0.2780794571410191,0.6183089603451918,0.3060909869902976,79.79636014741727,0.06404088995790738,-0.08561713525193428,4,2022-2025
Jared Triolo,669707,282.0,0.22934860605234117,0.47020373275874167,0.30320175140819716,83.93937965994657,0.07166278367417378,-0.2136181603449179,3,2023-2025
Austin Hays,669720,213.0,0.24452366643897616,0.38389887311595616,0.2598963451328836,83.19393259633364,0.07584735719364778,-0.264735339595753,5,2021-2025
Darick Hall,669742,30.0,0.11142857142857143,0.3213333333333333,0.2903333333333334,79.5,0.03333333333333333,-1.0875382862756475,1,2022-2022
Alex Call,669743,120.0,0.2570098405277828,0.371358502726822,0.25265825483391174,82.43045653300331,0.04077838373822509,-0.40808711894359295,3,2022-2025
Michael Toglia,669911,192.0,0.36034295081751877,0.7375464097648009,0.4197792626860922,82.5799407781953,0.06829555490138357,0.5150562551488743,2,2022-2024
Nicky Lopez,670032,189.0,0.26257644100038763,0.30737401990314617,0.20272508254061647,80.43773307261098,0.0314798470138276,-0.47996807645580414,4,2021-2024
Luke Raley,670042,98.0,0.3516820984187741,0.8346793268242703,0.3641027663517734,86.56366756192182,0.08348254252461952,0.6504098531089931,2,2024-2025
Zack Short,670097,56.0,0.3441131298986486,0.5186124155405405,0.14360610923423425,79.34980996621621,0.037162162162162164,-0.11558771428099794,2,2021-2023
Nate Mondou,670148,11.0,0.22958133333333333,0.001,0.001,62.7,0.0,-1.763422703898327,1,2022-2022
Miles Mastrobuoni,670156,91.0,0.22948498112860588,0.3574462590506839,0.30301374094931616,81.98595218940352,0.04312148028962188,-0.48974568312945976,3,2022-2025
John Rave,670231,50.0,0.1544497,0.17119999999999996,0.16,73.82857142857142,0.04,-1.2247555251059867,1,2025-2025
Matt Wallner,670242,136.0,0.33454060406735714,0.732849221983911,0.3147268878432244,84.69309965306854,0.0803923914343821,0.3253166899103236,3,2022-2024
Jose Rojas,670351,62.0,0.39180312942612944,1.149213492063492,0.3408706349206349,84.82,0.04838709677419355,0.8104432748077938,1,2021-2021
Yordan Alvarez,670541,224.0,0.4090524621892413,0.8629404166176098,0.4139316280479842,89.3935393284724,0.12853002070393377,1.111029001695549,3,2021-2023
Isaac Paredes,670623,417.0,0.2745343214130997,0.39268432986889157,0.3072161465790117,83.02622655397207,0.07114955357142856,-0.1315357688127921,5,2021-2025
Mike Brosseau,670712,52.0,0.20128445789473687,0.6152500000000001,0.18575,79.08888888888889,0.038461538461538464,-0.6164866578219597,1,2022-2022
Taylor Walls,670764,158.0,0.21032795309376665,0.3383943813229572,0.21370921400778212,79.42892074544338,0.030058365758754858,-0.739503335323303,3,2022-2024
TJ Friedl,670770,374.0,0.28622600774937057,0.3384657710759316,0.23509843890205398,79.82966626916756,0.05952886247877759,-0.3352602478937208,5,2021-2025
Livan Soto,670869,70.0,0.34505555555555556,0.4820588235294118,0.39699999999999996,76.73103448275862,0.07142857142857142,0.051665576423962044,1,2022-2022
Iván Herrera,671056,197.0,0.4242456135856853,0.7025122815641646,0.4117490110687843,84.41077355458165,0.0948646895819822,0.8068553864016319,3,2023-2025
Buddy Kennedy,671083,26.0,0.17566213740458017,0.5037777133976035,0.27407520064422747,75.04065061907217,0.03435114503816794,-0.7994234849530706,2,2022-2024
Darren Baker,671117,4.0,0.427,0.514,0.46099999999999997,97.49999999999999,0.25,1.6898136470996543,1,2024-2024
Triston Casas,671213,164.0,0.2959404096985519,0.518407297265057,0.2934152701959563,85.3164582341742,0.11413612565445025,0.23587841797350853,2,2022-2024
Heliot Ramos,671218,150.0,0.3314535409937599,0.5868531956125946,0.3029256670765217,83.92927538001051,0.11347357309809243,0.371190333091329,3,2023-2025
Drew Waters,671221,133.0,0.30428402131072413,1.0045888405132903,0.44085025206232814,79.68259536064302,0.06167343197590678,0.4094179928339556,2,2022-2023
Luis García Jr.,671277,329.0,0.336810723348671,0.6155827416250738,0.3083965568371471,84.3376288082086,0.11477543935777826,0.4230474023712884,5,2021-2025
Johnathan Rodríguez,671286,24.0,0.6844165098039218,1.0669960784313726,0.5504431372549019,91.66666666666667,0.125,2.376750142879098,1,2025-2025
Tyler Freeman,671289,48.0,0.4501618881118882,0.9189112100021194,0.3567937380801017,85.29444444444444,0.14583333333333334,1.0544161495212305,1,2023-2023
George Valera,671655,55.0,0.234648705400982,0.46952127659574466,0.2489734042553191,83.51666666666667,0.05454545454545454,-0.328274472555295,1,2025-2025
Lawrence Butler,671732,211.0,0.22408677381632613,0.3557109490418028,0.2867335566699265,81.98189409341214,0.056134126802471956,-0.438054719595531,3,2023-2025
Michael Harris II,671739,285.0,0.4295241561483379,0.708421639859348,0.36825196071428334,84.16518102044566,0.1424882629107981,0.9227585911152266,4,2022-2025
Patrick Bailey,672275,134.0,0.3306347907294143,0.5550191234422882,0.3362618716625643,86.17487534547865,0.10812269497166502,0.4621876026641306,3,2023-2025
Michael Siani,672279,158.0,0.22659687342343487,0.25908321466714135,0.20831692773228908,77.89192003147777,0.03497686009255963,-0.789139867848468,3,2022-2024
Jarred Kelenic,672284,262.0,0.3114904230705464,0.5879744863618959,0.3635569097443664,79.38957412272323,0.046606589693044216,0.002342637556349793,4,2021-2024
Gabriel Arias,672356,190.0,0.23155330179356778,0.4212545010377847,0.2760149758189003,78.77515926737011,0.06164974450859381,-0.46723860705222503,3,2022-2025
Alejandro Kirk,672386,286.0,0.40733761725977286,0.7186791845745863,0.38806918722564,84.9635217209189,0.13523939187656,0.8507333510467485,5,2021-2025
Jordan Diaz,672478,120.0,0.22524684490431687,0.3330274143302181,0.25347310488058156,81.70096650055862,0.0825777653787139,-0.4338321903728555,2,2022-2023
Gabriel Moreno,672515,302.0,0.33998203389031384,0.515382814884608,0.35771656709110766,83.41466738162718,0.06839276990718125,0.21577892985778094,4,2022-2025
Gustavo Campero,672569,80.0,0.2967015753176043,0.421076354679803,0.3092044334975369,77.67666666666668,0.025,-0.33865722115258295,1,2024-2024
Maikel Garcia,672580,270.0,0.2547119033796826,0.33787639609026376,0.27143282069308966,82.06609060550137,0.061472888654539065,-0.3487638287092657,3,2023-2025
Otto Lopez,672640,206.0,0.3084849395509476,0.4313313411767712,0.31780939232518335,83.90319692993238,0.09404460795585193,0.11429372562928439,3,2022-2025
Steward Berroa,672642,16.0,0.27675,0.45333333333333337,0.39033333333333337,80.675,0.0,-0.29234902663992224,1,2024-2024
Geraldo Perdomo,672695,430.0,0.29965150830150916,0.44943762927411285,0.3086894858546967,80.56050402468162,0.05523619897877261,-0.1476917467831815,5,2021-2025
Oswald Peraza,672724,189.0,0.23044619000731886,0.3496084615861219,0.2784780920017057,82.48740374476908,0.06339052050014539,-0.3976559316457277,3,2022-2025
Alexander Canario,672744,75.0,0.20334727153828278,0.7634016051364365,0.3955987693953986,75.90873194221508,0.0850936329588015,-0.24959031066796267,2,2023-2025
Wenceel Pérez,672761,237.0,0.2965299323454167,0.5124521203897039,0.29883811338739796,82.63895778529375,0.041055993987222844,-0.08618075343573688,2,2024-2025
Tucupita Marcano,672779,5.0,0.26,0.306,0.271,98.2,0.2,0.5452870367146962,1,2022-2022
Lenyn Sosa,672820,213.0,0.3734377909578832,0.6590316665355777,0.3911090448170616,84.06719905400766,0.12220909960069737,0.6592925020891839,3,2023-2025
Israel Pineda,672832,6.0,0.20733333333333331,0.40299999999999997,0.3305,88.2,0.0,-0.4885952001661644,1,2022-2022
Joan Adon,672851,8.0,0.0,0.521826763572633,0.30873936056057916,80.29007674668912,0.0,-0.9131208985851283,1,2021-2021
Yainer Diaz,673237,143.0,0.26759248589263696,0.5523648611354736,0.327502921139486,82.54237770067287,0.10941258632730656,0.08942734650879154,3,2023-2025
Luis Robert Jr.,673357,133.0,0.35318125153023655,0.7348065840126863,0.36720682624307616,84.04844575132022,0.10081613058089293,0.4451275691161759,2,2021-2024
Ha-Seong Kim,673490,309.0,0.2459655871408942,0.3479822943501087,0.2554143523981136,80.79259916340911,0.060258451165839506,-0.39986083536249234,4,2021-2025
Seiya Suzuki,673548,349.0,0.4010767295181985,0.6908369392840457,0.3711336223984341,83.57379601930137,0.09069249096917995,0.6327339716210391,4,2022-2025
Josh Jung,673962,271.0,0.2924343868784622,0.5198591547891477,0.3194962650132265,80.95475257144771,0.07287164539149663,-0.044777770951187415,3,2022-2025
Brian Miller,675649,23.0,0.24662499999999998,0.3895,0.34783333333333327,73.34166666666667,0.043478260869565216,-0.33743076066655536,1,2021-2021
Spencer Strider,675911,4.0,0.0,0.272,0.252,66.30000000000001,0.25,-0.7766515988917464,1,2021-2021
Bob Seymour,676044,77.0,0.2157643529411765,0.353,0.314,76.38636363636364,0.025974025974025976,-0.7202343153051354,1,2025-2025
Jordan Westburg,676059,239.0,0.3027011879195629,0.5592464138837897,0.3227430768933879,80.63030119632768,0.0723511654377196,0.018603599128214434,3,2023-2025
Jacob Amaya,676070,78.0,0.18,0.3405833333333333,0.27375,79.17142857142856,0.0641025641025641,-0.6593780178552532,1,2024-2024
Zach DeLoach,676113,86.0,0.3902894551948052,0.5088476190476191,0.3564779220779221,81.0875,0.08139534883720931,0.3888196889171597,1,2024-2024
Ryan Noda,676116,111.0,0.25389178656462585,0.5376604823747682,0.3253209647495362,81.49166666666666,0.036036036036036036,-0.237445404659815,1,2023-2023
Cory Abbott,676265,9.0,0.12066666666666666,0.20750000000000002,0.2,68.4,0.0,-1.1243473200573366,1,2021-2021
Jonny DeLuca,676356,61.0,0.3510454,0.4372625,0.30127738095238094,79.39583333333333,0.09836065573770493,0.14725031828755936,1,2024-2024
Nelson Velázquez,676369,120.0,0.38774582333072305,0.9189594314946948,0.46299539400717216,83.4201820627522,0.07469160905517148,0.7907944617442809,2,2022-2023
Ernie Clement,676391,167.0,0.3020563832230134,0.43552909763078174,0.28229152485980963,81.13945212218735,0.0758562128502689,-0.08037881677189156,3,2022-2025
Hunter Feduccia,676439,84.0,0.22515641269841272,0.4610982142857143,0.3233080357142857,77.6423076923077,0.03571428571428571,-0.5353305796475326,1,2025-2025
Alec Burleson,676475,202.0,0.331053151859576,0.47427157149973964,0.3277190533518292,86.08983174275741,0.10232012513034412,0.3263372813103704,3,2022-2025
José Barrero,676480,133.0,0.2175370007448928,0.3369105758357409,0.17367407376557156,79.59332412537982,0.05819697437480704,-0.6547298736294899,2,2021-2022
Eric Wagaman,676572,155.0,0.33696692217557045,0.5478629829946889,0.39689154444606867,85.64565520723978,0.11109486917117381,0.49189806239375905,2,2024-2025
José Caballero,676609,100.0,0.25526384309410965,0.3284356599167026,0.250189717075973,75.9817718466783,0.029502369668246445,-0.6551245529126276,3,2023-2025
Mark Contreras,676628,41.0,0.30128355263157897,0.8188866541353382,0.31949332706766914,81.72941176470589,0.12195121951219513,0.394345912167851,1,2022-2022
Luis Vázquez,676679,16.0,0.1786,0.524,0.47250000000000003,73.93333333333334,0.0625,-0.5096581088027443,1,2024-2024
Jake Meyers,676694,177.0,0.2861832520622638,0.519727192720034,0.28963904548699954,81.36827626778123,0.04575862991704576,-0.1569930529275273,4,2021-2025
Alan Trejo,676701,83.0,0.3292138290750103,0.39399573712255775,0.31126980461811726,82.01528138330981,0.023880007894217483,-0.16437026077670847,2,2022-2023
Jared Young,676724,13.0,0.007665254237288135,0.2261405753528873,0.13266004400256193,85.1054586241276,0.06679960119641076,-1.2922770678188256,2,2023-2025
Irving Lopez,676761,23.0,0.16360000000000002,0.2122,0.171,86.3625,0.043478260869565216,-0.7304668754058681,1,2023-2023
Chas McCormick,676801,160.0,0.2590970404204491,0.376016237405107,0.28900066620657927,81.50619281788973,0.06110144927536231,-0.24630236959005206,3,2021-2023
Carson McCusker,676812,53.0,0.14543912121212121,0.4607777777777778,0.2382222222222222,83.5625,0.07547169811320754,-0.5855731337191916,1,2025-2025
Chandler Seagle,676882,1.0,0.302,0.365,0.326,99.3,1.0,2.5590824367373064,1,2023-2023
Davis Schneider,676914,143.0,0.27472160454527433,0.3461416944738341,0.24793326279807926,80.35429571920172,0.020265321071050703,-0.4762154860769892,3,2023-2025
Matthew Batten,676946,80.0,0.24315050000000002,0.39057142857142857,0.3347142857142857,77.46875,0.0125,-0.5444918263182006,1,2023-2023
Heston Kjerstad,677008,69.0,0.26503055851194873,0.5049297425474255,0.2843686314363144,85.96070460704607,0.09161213563355144,0.06693684739985747,2,2023-2024
Wander Franco,677551,151.0,0.3008346255976967,0.4498124377417199,0.2559827896530189,83.8404137487637,0.11807434838342114,0.14128232496248685,2,2021-2022
Brayan Rocchio,677587,196.0,0.2694477938048378,0.5035544554455446,0.3214552075988087,80.16326662563975,0.06538275778797392,-0.1753315581472887,3,2023-2025
José Tena,677588,112.0,0.19334037836076848,0.3296163572160838,0.2466241728712112,77.93317860804193,0.03565326346964346,-0.7818613203459073,2,2023-2024
Everson Pereira,677592,68.0,0.18303181265120014,0.35425200169455623,0.28936445668290617,85.1597331073925,0.09934335945774199,-0.3782458861085762,2,2023-2025
Julio Rodríguez,677594,265.0,0.36611944655960804,0.6743924037659131,0.3913583970031254,87.32012341899475,0.13837099811676082,0.7976431099064407,4,2022-2025
Ronny Mauricio,677595,151.0,0.25592734340917606,0.4320376118850241,0.3217091777056092,87.63177221320115,0.07708742842492095,-0.02125828877951409,2,2023-2025
Ezequiel Duran,677649,107.0,0.24025710523668156,0.35860761805792307,0.24385677793861021,82.91705298581779,0.08056042031523643,-0.3273078138133352,3,2023-2025
Wilyer Abreu,677800,197.0,0.25477981451372944,0.3547818678800052,0.25520069679039553,84.35045263094958,0.0985123140392549,-0.15927247627755373,3,2023-2025
Leo Jiménez,677870,23.0,0.4294375,0.57934375,0.4105625,86.13333333333334,0.17391304347826086,1.0926968417971386,1,2024-2024
Blaze Alexander,677942,70.0,0.363677513283208,0.8457384085213033,0.45583051378446116,85.52105263157895,0.08571428571428572,0.7212366192401094,1,2025-2025
Alek Thomas,677950,135.0,0.25225258617673235,0.40763643136084693,0.3227058280824515,82.82139393939393,0.09986013986013986,-0.16709115042560907,3,2023-2025
Bobby Witt Jr.,677951,386.0,0.34194577531454984,0.46628779149761734,0.3147210416770734,83.38498609277208,0.09959469290192954,0.221745503112932,4,2022-2025
Jordan Groshans,677954,73.0,0.2534215,0.32069230769230767,0.2776153846153846,74.83,0.05479452054794521,-0.6351033925733206,1,2022-2022
Ryan Weathers,677960,2.0,0.679,0.823,0.712,107.20000000000002,0.5,3.108511913141829,1,2021-2021
Parker Meadows,678009,285.0,0.30047808752602584,0.5077250883793707,0.2903809682907169,82.1262018524995,0.0530694947404725,-0.07755628130899225,3,2023-2025
Ji Hwan Bae,678225,111.0,0.2286435143272546,0.33887996926016706,0.28164728118639143,79.31981114461058,0.050886885722593776,-0.5132781415543174,2,2022-2023
Miguel Vargas,678246,222.0,0.30445241151421193,0.4733777948335423,0.28950457200500485,82.60410691424252,0.06991481404529398,-0.0285564130204822,3,2022-2025
Jorge Barrosa,678489,70.0,0.28519957142857144,0.43374166666666664,0.3035833333333333,85.24583333333334,0.07142857142857142,-0.0271604026888148,1,2025-2025
Osleivis Basabe,678545,24.0,0.10640000000000001,0.16166666666666668,0.15700000000000003,78.85,0.08333333333333333,-1.0981850139712714,1,2023-2023
Curtis Mead,678554,115.0,0.24758089272834327,0.398821641485033,0.31236551745891555,77.15199711434656,0.03698388165157872,-0.5307297704787275,2,2023-2025
Ezequiel Tovar,678662,297.0,0.2323910343581943,0.48613931162546276,0.29731819646723173,80.62988177439189,0.061983292213132486,-0.31236450312082686,4,2022-2025
Jhonkensy Noel,678877,72.0,0.23461199128970867,0.6982118357487923,0.2848457253696384,89.22259259259259,0.07004830917874397,0.09829656845916596,2,2024-2025
Ceddanne Rafaela,678882,188.0,0.26010944557202087,0.40747737479041873,0.277166626708202,78.63678034615128,0.06042201490200989,-0.3650933865809672,3,2023-2025
Liover Peguero,678894,122.0,0.23322274413357402,0.40435997937080964,0.3229278623001547,82.83621201865223,0.08066335740072202,-0.23740667532634468,2,2023-2024
Johan Rojas,679032,67.0,0.29238757488332623,0.4443159949087824,0.36245328807806537,79.11086197737474,0.08845990666100978,-0.08741209821596932,2,2023-2024
Spencer Torkelson,679529,380.0,0.3225106729503553,0.6477485444340028,0.3511599351980493,81.53390889365035,0.0541171551033209,0.14474628037115173,4,2022-2025
Terrin Vavra,679631,58.0,0.28763051583710414,0.4766089743589743,0.21986858974358972,81.92380952380952,0.05172413793103448,-0.2430962349671566,1,2022-2022
Justin Foscue,679822,32.0,0.09012500000000001,0.18860000000000002,0.125,82.21111111111111,0.03125,-1.2330115702170557,1,2024-2024
Nick Loftin,679845,56.0,0.2859285714285714,0.5004,0.41209999999999997,82.4047619047619,0.03571428571428571,-0.055766768682148936,1,2023-2023
Dairon Blanco,680118,33.0,0.4175044091710759,0.6140607035607037,0.37389297630964297,79.97808327808329,0.15658515658515657,0.66099634382324,2,2023-2024
Max Schuemann,680474,88.0,0.4031979271811624,0.5633882780143499,0.3550657557020358,87.54644595910419,0.09215189873417722,0.6913880179293402,2,2024-2025
Matt McLain,680574,95.0,0.2216187619047619,0.4286,0.316,81.1875,0.042105263157894736,-0.4526450212533545,1,2025-2025
DaShawn Keirsey Jr.,680577,15.0,0.1895169892473119,0.4045652636968766,0.1797752995391705,71.73917050691244,0.0629800307219662,-0.8788916792079896,2,2024-2025
Josiah Gray,680686,4.0,0.0,0.521826763572633,0.30873936056057916,73.9,0.0,-1.017265172891271,1,2021-2021
Richie Palacios,680700,213.0,0.356476716743888,0.4746211475686579,0.3568928931206256,79.38105358947777,0.04565192549422924,0.03311181440288648,3,2023-2025
Jonathan Ornelas,680716,48.0,0.1968181818181818,0.43083333333333335,0.37666666666666665,83.03888888888889,0.10416666666666669,-0.18053707465227858,1,2024-2024
Addison Barger,680718,158.0,0.3281661446038296,0.4905810672591964,0.2995214263040948,82.822349584798,0.06506189821182944,0.07760939798001393,2,2024-2025
Adrian Del Castillo,680728,44.0,0.5421001729323308,1.0973828320802006,0.46378101503759406,81.03636363636363,0.06818181818181818,1.338281452772292,1,2025-2025
Michael Helman,680737,67.0,0.16278080316397933,0.21130894432613326,0.17016382719805295,73.40967447520536,0.06084575600851841,-1.1045515756965512,2,2024-2025
Steven Kwan,680757,269.0,0.3016202152436713,0.40485630393519345,0.3000885963846219,80.65665903489099,0.03672927524830367,-0.22081145418139117,4,2022-2025
Jarren Duran,680776,165.0,0.2582013835804794,0.41730396718354734,0.2747568629332152,79.83641000326557,0.06731167933655839,-0.306994068146008,3,2022-2025
Ryan Jeffers,680777,323.0,0.3169145662556008,0.5395343671816164,0.3360645490351868,83.81609147980969,0.08353033884948778,0.16993193409106652,5,2021-2025
Henry Davis,680779,132.0,0.31126273312243563,0.6106459936630851,0.3177207664262428,88.23113413375552,0.12131018927135433,0.4186199356534209,2,2023-2025
Peyton Burdick,680814,30.0,0.7730703125,1.5775232142857143,0.5505089285714285,90.67777777777778,0.16666666666666666,3.3608008793685644,1,2022-2022
Ryan Fitzgerald,680837,50.0,0.36734924747474745,0.6509147727272727,0.2552670454545455,80.46875,0.06,0.19388544894479678,1,2025-2025
Willie MacIver,680862,34.0,0.249812125,0.3048,0.2682,87.52000000000001,0.08823529411764706,-0.1517668600726573,1,2025-2025
Zack Gelof,680869,182.0,0.2320274016219556,0.5050620706871174,0.30773031280202967,79.96991912147898,0.054563121309514906,-0.34583457896599645,2,2023-2024
Owen Miller,680911,90.0,0.35006784409709596,0.8449564833567016,0.4064982603728514,81.60616210398108,0.08702290076335878,0.556818411360209,2,2021-2022
Brendan Donovan,680977,230.0,0.37413933351399975,0.611515296240596,0.36097121167518953,86.02976593994241,0.12183213206231108,0.6832669763642879,3,2022-2025
Bryson Stott,681082,309.0,0.2741263151909592,0.4601056735613318,0.30033370305483825,80.39162742060668,0.055043191587030006,-0.22878903379757323,4,2022-2025
Jonah Bride,681146,163.0,0.31254645326940045,0.5523285155580544,0.28903183343560307,86.19312224704755,0.07452282157676349,0.22579307853671884,2,2022-2024
Colton Cowser,681297,191.0,0.30156433890053996,0.77278936825084,0.3099719396238625,81.49200213796829,0.04610130904951623,0.11921891078498047,2,2024-2025
Logan O'Hoppe,681351,261.0,0.32806564637192437,0.46423188573771906,0.3164633594348039,83.1797207341067,0.0674074074074074,0.08478085609804398,4,2022-2025
Connor Norby,681393,205.0,0.314018484475527,0.6017603396872612,0.34521956470818327,80.41953389367973,0.06309354873922061,0.08864405967487138,2,2024-2025
Brooks Baldwin,681460,76.0,0.39904128612337464,1.050122139293927,0.3816537714234496,82.42222222222223,0.10526315789473684,0.896034951083815,1,2025-2025
Kerry Carpenter,681481,233.0,0.25719526895542755,0.5112436060049229,0.3076690973073348,83.82233060443767,0.07325512245228956,-0.06273202897429428,3,2023-2025
Mickey Gasper,681508,30.0,0.18844728571428573,0.2773333333333334,0.23866666666666664,91.81666666666666,0.1,-0.189280978668602,1,2024-2024
James Outman,681546,200.0,0.24698325444568964,0.5434059432631807,0.24437159132896466,80.4544081552511,0.055661832767664295,-0.32393245437229146,3,2023-2025
David Villar,681584,52.0,0.315714125,0.5238535353535353,0.2662424242424242,85.175,0.11538461538461539,0.25021806676080927,1,2022-2022
Andy Pages,681624,169.0,0.3278986796076196,0.8029770986721207,0.3462090866978786,81.56884634435556,0.060347027302883396,0.3117767447982389,2,2024-2025
Heriberto Hernández,681715,78.0,0.31652568421052635,0.48352500000000004,0.2646,82.23200000000001,0.0641025641025641,-0.02832908564003122,1,2025-2025
David Fry,681807,17.0,0.10647833130822196,0.19290279465370594,0.16071324422843256,84.58991494532198,0.060753341433778855,-0.9799617467157131,2,2024-2025
Alex Vesia,681911,6.0,0.691717,0.521826763572633,0.3087393605605791,80.29007674668912,0.0,0.9062364967298484,1,2021-2021
Nate Eaton,681987,67.0,0.29749395189330796,0.4634024816653538,0.24640928914698856,80.40470574429384,0.0692757534862798,-0.1780143833365941,2,2022-2025
David Hensley,682073,19.0,0.6736972753623188,1.102086956521739,0.48332608695652163,88.88,0.10526315789473684,2.302551937378544,1,2022-2022
Daniel Schneemann,682177,78.0,0.1700820964581189,0.20721224598726598,0.1637224064966259,81.5095009340806,0.05337603416066186,-0.8786931474025087,2,2024-2025
Logan Porter,682515,46.0,0.22520525,0.5061066666666666,0.27797333333333335,79.99333333333334,0.043478260869565216,-0.4227793139295294,1,2023-2023
Marco Luciano,682617,55.0,0.174629,0.17425,0.1285,83.32727272727273,0.054545454545454536,-0.8283828857115113,1,2023-2023
Noelvi Marte,682622,203.0,0.31542639864847266,0.5985854918123874,0.3639614586636,83.40327005415698,0.08806408852515707,0.2381278685711866,3,2023-2025
Francisco Alvarez,682626,248.0,0.3863404650126335,0.8664571471823822,0.3787693715796768,84.89661290483434,0.08385905523926758,0.7275617248182692,4,2022-2025
Kevin Alcántara,682634,33.0,0.32233418079096043,0.39919122724419337,0.34305555555555556,83.37782485875707,0.12217514124293785,0.23728829221225262,2,2024-2025
Luis Matos,682641,35.0,0.3597753130165289,0.3643657024793388,0.253896694214876,83.7588429752066,0.11074380165289256,0.14353205776987424,2,2023-2024
Warming Bernabel,682653,31.0,0.1269,0.199,0.16112500000000002,79.46666666666667,0.03225806451612903,-1.1587113451019864,1,2025-2025
Angel Martínez,682657,81.0,0.18302665460809645,0.2520075366063738,0.14008742463393625,78.88099913867354,0.010594315245478035,-1.014189324290457,2,2024-2025
Agustín Ramírez,682663,88.0,0.2010712857142857,0.32457142857142857,0.25807142857142856,83.61818181818182,0.07954545454545454,-0.457552887130574,1,2025-2025
Luisangel Acuña,682668,60.0,0.19210296242774572,0.2269609826589596,0.18967413294797686,82.84606936416183,0.05433526011560694,-0.7069751652434156,2,2024-2025
Jonatan Clase,682729,73.0,0.30007664285714286,0.49088888888888893,0.2325833333333333,80.11,0.0547945205479452,-0.1624691621780679,1,2024-2024
Elly De La Cruz,682829,263.0,0.35707242757326746,0.7258804288812232,0.37313346292421223,85.77134108562275,0.10254782845226224,0.5910590053743215,3,2023-2025
Endy Rodríguez,682848,48.0,0.420175375,0.5559999999999999,0.45794444444444443,87.53888888888889,0.10416666666666667,0.7663398892170911,1,2023-2023
Bryan Ramos,682868,82.0,0.3296454474021493,0.5519389880952381,0.33284989648033125,83.4148148148148,0.12195121951219512,0.4034463400853481,1,2024-2024
CJ Abrams,682928,236.0,0.2105120577717271,0.36568912135056403,0.2439386656768005,82.52942202708712,0.0568998972720009,-0.523080792474985,3,2022-2025
Riley Greene,682985,260.0,0.38270057801839563,0.8390907082370853,0.4040185573759275,86.29430271519986,0.12308467741935485,0.9393220906713673,3,2022-2025
Corbin Carroll,682998,346.0,0.3289339694508924,0.43879187755258164,0.2968014463090366,82.91137078428591,0.06472095780897372,0.044754049797823076,4,2022-2025
Gunnar Henderson,683002,343.0,0.3178460230548393,0.5374498038003113,0.3231109172574931,83.65015431764206,0.10878112712975097,0.268271719275367,4,2022-2025
Anthony Volpe,683011,268.0,0.24033431575950776,0.43904734480737423,0.2530945161931013,81.65871408230586,0.059841067743776635,-0.35796416943965315,3,2023-2025
Michael Stefanic,683021,111.0,0.2464716081786978,0.3295540337939899,0.21306851242021385,77.1820828410321,0.028174167581412363,-0.6668588148644792,3,2022-2024
Nasim Nuñez,683083,136.0,0.26537962223347944,0.4863793284655383,0.39999314083416304,77.45152000063219,0.030202456023896446,-0.3403246527424871,2,2024-2025
Brett Baty,683146,117.0,0.2538276226567632,0.4565079670124673,0.30277429959217117,82.19440861548637,0.0721919054115507,-0.19803860582441207,2,2023-2025
Cody Freeman,683227,76.0,0.19833333333333336,0.38863636363636367,0.3399090909090909,74.72,0.013157894736842105,-0.8226648292143549,1,2025-2025
Andrew Vaughn,683734,313.0,0.2600086274363448,0.43540205738731935,0.2882564456836089,85.97923160420558,0.09181439670343822,-0.035599058787219834,5,2021-2025
Michael Busch,683737,155.0,0.4124961892936024,0.6492264541325911,0.267716165432478,84.45033858203476,0.0794729542302358,0.5434011135010601,2,2024-2025
Christian Koss,683766,44.0,0.3641272954545455,0.4876484374999999,0.2633203125,80.05,0.06818181818181818,0.08750899322097401,1,2025-2025
Will Robertson,683770,27.0,0.15401000000000004,0.35103333333333325,0.177052380952381,82.5875,0.07407407407407407,-0.7192225232673475,1,2025-2025
Sal Frelick,686217,164.0,0.1921229663179815,0.25047717341499126,0.20047105186691852,78.3259749489043,0.03370623274734854,-0.8630310393944759,3,2023-2025
Drew Millas,686452,64.0,0.36494184165302784,0.4488952536824878,0.37302945990180036,79.13881342062193,0.03355155482815057,0.04292998100170369,2,2023-2024
Vinnie Pasquantino,686469,183.0,0.2783033425356107,0.47501927474151784,0.27413761223468164,83.25603077606758,0.08851872246696035,-0.04564078443138536,2,2022-2025
Tyler Tolbert,686475,19.0,0.11100000000000003,0.18433333333333335,0.17466666666666666,83.33333333333333,0.05263157894736842,-1.0346516562958195,1,2025-2025
Logan Driscoll,686482,36.0,0.345266375,0.45,0.3713333333333333,82.02352941176471,0.1111111111111111,0.3268338404607672,1,2024-2024
Cam Eden,686490,24.0,0.26287777777777777,0.6438666666666667,0.30054166666666665,77.4,0.041666666666666664,-0.26803991152542483,1,2023-2023
Dominic Canzone,686527,82.0,0.356841802304752,0.7689498560659023,0.35649644334501596,79.95988260814087,0.07655990812811024,0.3740702264430564,2,2023-2025
Andre Lipcius,686531,18.0,0.64922575,0.8293333333333334,0.6193333333333333,86.7,0.11111111111111112,1.8255558135917183,1,2023-2023
Isaac Collins,686555,69.0,0.2673740894143512,0.5471226806374153,0.43076708142326997,82.28708578912901,0.05959397511460379,0.008365964750846269,2,2024-2025
Dylan Crews,686611,147.0,0.3107715833098146,0.4286344166593379,0.2959188799265526,82.741349749202,0.060000000000000005,-0.028274070571340747,2,2024-2025
Brenton Doyle,686668,198.0,0.24590438679786802,0.48894855846173196,0.2723411380621959,83.79981588803267,0.08290282902829028,-0.15349859295682552,3,2023-2025
Korey Lee,686676,58.0,0.2790547034284816,0.3907995034767859,0.27531628753412196,87.3657697473894,0.09827115559599636,0.054037375232311176,2,2023-2024
Michael Massey,686681,251.0,0.32800950719806155,0.5243235798488141,0.33850786970161106,79.9508767606179,0.08348486469141084,0.10013248952539344,4,2022-2025
Nick Sogard,686765,76.0,0.19336044750593825,0.33689170805441593,0.23975788166702663,80.90395091053048,0.0757125890736342,-0.5565218240476827,2,2024-2025
Pedro Pagés,686780,105.0,0.24443837990289558,0.6048137269198843,0.3671747517181553,82.42313648946892,0.053350683148991544,-0.06095736875121036,2,2024-2025
Brooks Lee,686797,151.0,0.21778883021140055,0.3219285709422444,0.2040239291302544,82.80175103411179,0.08269591571655363,-0.45134951916216176,2,2024-2025
Will Brennan,686823,120.0,0.4074675598162788,0.5259042443428992,0.38702667699739357,80.36666400585513,0.09406900116294095,0.45864581265862353,3,2022-2024
Joey Wiemer,686894,16.0,0.27399999999999997,1.002,0.871,85.1,0.0625,0.791711412041333,1,2025-2025
Drake Baldwin,686948,83.0,0.2781999152148665,0.5350820176393728,0.2541461781358885,82.68846153846154,0.07228915662650602,-0.09439784769728846,1,2025-2025
Vaughn Grissom,687093,102.0,0.4368935430823549,0.7650514820592826,0.49887981519260766,81.49325945451614,0.08164326573062923,0.8958563286879262,2,2022-2024
Dalton Rushing,687221,55.0,0.3885861607142857,0.8042710227272726,0.3804539772727273,87.56666666666665,0.12727272727272726,0.9051157286358805,1,2025-2025
Darell Hernaiz,687231,93.0,0.23867590062774055,0.3547867817739909,0.30151050371402044,77.9835154631812,0.07497678737233054,-0.44051951077356255,2,2024-2025
Zach Neto,687263,128.0,0.29291688889940914,0.5010233615620348,0.24833416780109838,82.5473770895177,0.06069054256916148,-0.12812448634526644,2,2023-2024
Victor Scott II,687363,75.0,0.3539039557399723,0.5476680497925311,0.45786473029045643,79.51825726141078,0.05034578146611341,0.19798463118834908,2,2024-2025
Joey Ortiz,687401,131.0,0.248527733962529,0.41780648930284786,0.31858547124994147,81.4172359979192,0.07577596670712675,-0.2287717975944027,2,2024-2025
Spencer Horwitz,687462,143.0,0.34832220248502493,0.5192299443664573,0.32160376734738794,85.67398170905122,0.08614632656178402,0.3398176211173566,2,2024-2025
Cam Devanney,687478,15.0,0.4601656666666667,0.826,0.754,86.3,0.0,1.0495679742731325,1,2025-2025
Colby Thomas,687515,56.0,0.22510692857142858,0.6424,0.4824,82.17692307692307,0.03571428571428571,-0.13723852418911486,1,2025-2025
Grant McCray,687529,85.0,0.18599966379709637,0.2869766494705403,0.2565348900352973,80.82436378446424,0.04941623676350801,-0.7031641460589984,2,2024-2025
Drew Gilbert,687551,49.0,0.27223216666666666,0.29275,0.235,78.65,0.061224489795918366,-0.45687850970064214,1,2025-2025
Jordan Beck,687597,112.0,0.2377160043733388,0.7150645462622435,0.31864803362402533,78.02016993706438,0.0632301131095865,-0.21628727582397259,2,2024-2025
Dylan Beavers,687637,104.0,0.3033598035982009,0.6669700670498084,0.2968943965517241,80.68709677419355,0.028846153846153848,-0.0731897926925802,1,2025-2025
Troy Johnston,687859,43.0,0.2811360909090909,0.365125,0.3205,84.53999999999999,0.06976744186046512,-0.10133795594187865,1,2025-2025
Christian Encarnacion-Strand,687952,97.0,0.27061706194483404,0.6810619399641578,0.28908221326164873,82.59655172413794,0.05154639175257732,-0.0461264600813487,1,2023-2023
Dustin Harris,687957,23.0,0.36822068472906405,0.7397672413793104,0.39748275862068966,93.28571428571429,0.17391304347826086,1.2352358745643908,1,2024-2024
Graham Pauley,688363,28.0,0.2959994,0.2978571428571429,0.2377142857142857,76.27777777777776,0.03571428571428571,-0.5188669529212464,1,2025-2025
Blaine Crim,688760,89.0,0.30091662274509806,0.7641650326797386,0.44293464052287584,86.11818181818181,0.06741573033707865,0.39419763145541986,1,2025-2025
Brett Wisely,689172,96.0,0.3572047365583968,0.46592788719957,0.3910497005298319,79.46469018560096,0.04722414190278738,0.09562795177271473,2,2024-2025
Jacob Melton,689200,18.0,0.38962425,0.5545,0.446,87.8,0.1111111111111111,0.7436423535960153,1,2025-2025
Liam Hicks,689414,37.0,0.32975354545454544,0.3705,0.30910000000000004,76.0625,0.08108108108108109,-0.1516233039228227,1,2025-2025
Ryan Ritter,690022,67.0,0.29410505882352944,0.3986363636363636,0.32872727272727276,83.73684210526316,0.07462686567164178,-0.03370790679329376,1,2025-2025
Jace Jung,690291,27.0,0.2974524,0.0865,0.07250000000000001,77.95,0.037037037037037035,-0.7753642972728702,1,2024-2024
Braxton Fulford,690924,27.0,0.13021385714285716,0.11,0.10150000000000002,70.325,0.0,-1.6319386034586885,1,2025-2025
Petey Halpin,690984,13.0,0.34249900000000005,0.1805,0.16749999999999998,68.325,0.0,-0.8475353308760483,1,2025-2025
Robert Hassell III,690987,41.0,0.13133333333333333,0.3066,0.2262,84.65714285714286,0.04878048780487805,-0.8065179159717012,1,2025-2025
Colt Keith,690993,45.0,0.18779487179487178,0.3099358974358974,0.22219871794871796,87.74375,0.1111111111111111,-0.2745393899420257,1,2024-2024
Drew Romo,691011,20.0,0.255,0.39075,0.329,80.6,0.0,-0.47534233344326504,1,2024-2024
Tyler Soderstrom,691016,204.0,0.29985237075515014,0.5674912028365279,0.28386869162615386,85.35559932801576,0.10133379525376754,0.22620370533110937,3,2023-2025
Kyle Teel,691019,90.0,0.2363765,0.33949999999999997,0.26158333333333333,80.47419354838709,0.05555555555555555,-0.48970283584762747,1,2025-2025
Jordan Walker,691023,234.0,0.3202217223728013,0.5879749525670657,0.34133261189754666,85.85699314203757,0.11053917745541517,0.37820132508687976,3,2023-2025
Masyn Winn,691026,207.0,0.2919890870374068,0.5090175001904574,0.2806842666470401,78.99681789289686,0.06438812083973375,-0.1446002812478809,2,2023-2024
Jasson Domínguez,691176,91.0,0.3101740476190476,0.35213636363636364,0.23936363636363636,75.89615384615385,0.07692307692307693,-0.3003457244771388,1,2024-2024
Junior Caminero,691406,282.0,0.27808891585592577,0.3932167870773177,0.23905353555511363,83.20804292657235,0.09732696497402381,-0.1027243153699371,3,2023-2025
Javier Sanoja,691594,50.0,0.1309592650636897,0.12484109775296981,0.1101095606125662,80.696279537456,0.042936882782310004,-1.1787847622049696,2,2024-2025
Pete Crow-Armstrong,691718,160.0,0.3931696093517954,0.6987894094940081,0.3362963560252111,77.9751172795548,0.10910118711136234,0.46668282741454403,3,2023-2025
Kyle Karros,691720,97.0,0.27695180952380954,0.33645454545454545,0.29,85.38636363636365,0.05154639175257732,-0.19523570856293457,1,2025-2025
Coby Mayo,691723,58.0,0.43308042232277527,0.7671165384615385,0.31981,81.84285714285714,0.10344827586206896,0.7376247242322559,1,2025-2025
Max Muncy,691777,26.0,0.2509281428571429,0.4166666666666667,0.3736666666666667,81.21666666666667,0.038461538461538464,-0.3205714150771257,1,2025-2025
Brady House,691781,43.0,0.15394970000000002,0.18133333333333332,0.1381666666666667,83.87857142857142,0.06976744186046512,-0.8488821764405289,1,2025-2025
Jordan Lawlar,691783,51.0,0.21153856943891763,0.3969712163416899,0.3215236768802229,77.03955431754876,0.023212627669452184,-0.6582913987439386,2,2023-2025
CJ Kayfus,692216,37.0,0.3954126363636364,0.6910078125,0.3822484375,84.45714285714287,0.16216216216216217,0.869269405953496,1,2025-2025
Yanquiel Fernández,692585,63.0,0.27454492753623183,0.666024154589372,0.42328019323671495,86.15238095238095,0.12698412698412698,0.4058779615926491,1,2025-2025
Nick Gonzales,693304,258.0,0.2934901691192437,0.46108629830300824,0.290811803887002,80.60412531800108,0.0841773576412334,-0.06407686994769861,3,2023-2025
Dillon Dingler,693307,109.0,0.3451865886651958,0.6605714285714287,0.47822821290678436,85.08122616849325,0.09131274131274132,0.5732600368711286,2,2024-2025
Jackson Chourio,694192,192.0,0.33606130180670346,0.6879841080408161,0.37606980714357774,80.94750246890015,0.09288873766587276,0.35271624620014447,2,2024-2025
Denzer Guzman,694203,59.0,0.1859375,0.442375,0.399875,80.59285714285714,0.05084745762711865,-0.48437435461902695,1,2025-2025
Moisés Ballesteros,694208,39.0,0.27812475,0.47400000000000003,0.4145714285714286,89.86363636363636,0.10256410256410256,0.3062812271185272,1,2025-2025
Samuel Basallo,694212,59.0,0.1135052,0.07900000000000001,0.056,80.99375,0.03389830508474576,-1.3305455043395025,1,2025-2025
Niko Kavadas,694359,70.0,0.5066766599834552,1.2974621669278996,0.5202522966736329,83.68235294117646,0.07142857142857142,1.6338976026508418,1,2024-2024
Blake Dunn,694362,10.0,0.0,0.48133854768502554,0.2983866166925317,94.5,0.0,-0.849530986958473,1,2024-2024
Tim Tawa,694374,80.0,0.18944940000000002,0.1495,0.13325,85.67692307692307,0.0625,-0.7227597886300045,1,2025-2025
Shay Whitcomb,694376,9.0,0.19025,0.23275,0.19325,90.95,0.1111111111111111,-0.2522395750869695,1,2024-2024
Nick Yorke,694377,166.0,0.30598262435156887,0.6136057502801608,0.3018840874408294,85.4352102584829,0.10362280234416622,0.3287363711835806,2,2024-2025
Nolan Schanuel,694384,119.0,0.31418654689282116,0.5153532334430685,0.2847037438760336,81.24569479551494,0.055123468792533534,-0.05315828295555174,3,2023-2025
Joey Loperfido,694388,64.0,0.15429004232904026,0.2732399723374827,0.2393400603545832,77.85470442420652,0.015465861938890985,-1.0321807275381936,2,2024-2025
Evan Carter,694497,81.0,0.28710749122807017,0.534037037037037,0.33681481481481484,82.21052631578948,0.06172839506172839,-0.042892361682095516,1,2023-2023
Wyatt Langford,694671,116.0,0.34524688727262803,0.5565436944775889,0.30302103299395405,86.23289146644574,0.07829328914664457,0.3813333925571636,2,2024-2025
Brice Matthews,694728,26.0,0.3246515151515152,0.8258,0.3247318181818182,81.42499999999998,0.07692307692307693,0.3110597760240635,1,2025-2025
Will Wagner,695238,14.0,0.38112425,0.34500000000000003,0.29333333333333333,74.25,0.0,-0.3149596134007527,1,2025-2025
Billy Cook,695257,50.0,0.30507341269841265,0.7398638888888889,0.28054833333333334,87.08235294117648,0.12,0.5399191697435879,1,2024-2024
Thomas Saggese,695336,142.0,0.28406976129959427,0.5256336638721193,0.3900678701261733,83.63178814781831,0.08005510485228838,0.09740208243343806,2,2024-2025
Brett Harris,695391,89.0,0.22575946828609983,0.444034188034188,0.2943760683760684,80.70454545454545,0.07865168539325842,-0.34436999543852775,1,2025-2025
Jac Caglianone,695506,43.0,0.1861497,0.3012,0.24820000000000003,76.86,0.023255813953488372,-0.9109220211752251,1,2025-2025
James Wood,695578,197.0,0.4141778983913911,0.9508249280677178,0.44656042939771495,88.50136029490668,0.10365645289896346,1.1503290538659359,2,2024-2025
Carter Jensen,695600,98.0,0.3767650867768595,0.6429175757575758,0.3271463636363636,83.96666666666667,0.07142857142857142,0.42146580743042955,1,2025-2025
Colson Montgomery,695657,98.0,0.47662814075815396,1.1035621734666718,0.45838400189959494,86.78823529411765,0.14285714285714285,1.516144592464801,1,2025-2025
Harry Ford,695670,19.0,0.36215625000000007,1.2426093749999998,0.5189374999999999,92.02000000000001,0.15789473684210525,1.470771777233076,1,2025-2025
Christian Moore,695681,110.0,0.2756084347826087,0.4715384615384615,0.39384615384615385,84.9076923076923,0.07272727272727272,0.03809194091927316,1,2025-2025
Daylen Lile,695734,63.0,0.38767683572567785,0.6359617676767677,0.3967676262626263,82.93333333333332,0.09523809523809523,0.5592627279773098,1,2025-2025
Alejandro Osuna,696030,78.0,0.28987979365079364,0.5238585164835166,0.295885989010989,82.42592592592592,0.05128205128205128,-0.100199296979118,1,2025-2025
Hunter Goodman,696100,139.0,0.189429988758716,0.41521074228038307,0.21427355328624584,81.81034201858537,0.062155232693652404,-0.569447965495453,3,2023-2025
Jacob Young,696285,209.0,0.31265151118515105,0.5506334356601126,0.39818974968434084,81.10241190588175,0.09159856546534187,0.18238237870467816,3,2023-2025
Jimmy Crooks,699625,48.0,0.361085020242915,0.892638157894737,0.5014736842105263,82.77000000000001,0.08333333333333333,0.6964287771363488,1,2025-2025
Trey Sweeney,700242,97.0,0.18878923325246905,0.15595468725627826,0.12331426454531275,80.22483900438978,0.03837154890032756,-0.9534446736582328,2,2024-2025
Carson Williams,700246,81.0,0.13839457894736842,0.29225,0.24349999999999997,83.12222222222222,0.07407407407407407,-0.7422879629711692,1,2025-2025
Ben Rice,700250,104.0,0.4137412560107095,0.6890205844471886,0.3152350852231576,84.52932512901944,0.09745930924970227,0.6695173492658569,2,2024-2025
Edgar Quero,700337,84.0,0.20113988,0.29359999999999997,0.25070000000000003,84.32068965517242,0.11904761904761904,-0.33990867539915465,1,2025-2025
Kyle Manzardo,700932,144.0,0.24202315098609123,0.5761871238564173,0.3088126955371521,81.37709303243116,0.0886171497584541,-0.10960024469946103,2,2024-2025
Zach Dezenzo,701305,42.0,0.4232,1.0443492063492066,0.5391825396825397,77.14,0.09523809523809523,1.0236251996652177,1,2024-2024
Cam Smith,701358,61.0,0.14673492857142856,0.1748888888888889,0.14200000000000002,75.7625,0.03278688524590164,-1.2304528309659577,1,2025-2025
Sal Stewart,701398,37.0,0.2252926829268293,0.5539349593495936,0.26300406504065044,84.84615384615384,0.10810810810810811,-0.08022494841919656,1,2025-2025
Jackson Merrill,701538,127.0,0.4005438856054263,0.6683791713428736,0.35993718951866477,84.39261977201207,0.14055338652181293,0.8122919956283118,2,2024-2025
Nathan Church,701675,19.0,0.10549999999999998,0.23400000000000004,0.2095,80.26,0.10526315789473684,-0.9121389173312149,1,2025-2025
Nick Kurtz,701762,94.0,0.4224964074967825,0.9888801709873138,0.4032629619415333,92.98947368421052,0.0851063829787234,1.198834059150883,1,2025-2025
Cole Young,702284,42.0,0.2606612828282828,0.42683333333333323,0.21853030303030302,81.36,0.023809523809523808,-0.45505986116041663,1,2025-2025
Caleb Durbin,702332,54.0,0.232598625,0.224,0.19774999999999998,79.20555555555556,0.037037037037037035,-0.7353863239797291,1,2025-2025
Trey Lipscomb,702358,10.0,0.0325,0.079,0.071,70.75,0.0,-2.0396635177611397,1,2024-2024
Jackson Holliday,702616,115.0,0.330814578761887,0.3289253790215006,0.25821352620280463,83.04730005631554,0.08316240909938467,0.007970987824280247,2,2024-2025
Chandler Simpson,802415,68.0,0.3094736842105263,0.37444444444444447,0.32505555555555554,82.11851851851851,0.07352941176470588,-0.05166334031562432,1,2025-2025
Rafael Flores Jr.,804668,47.0,0.218227,0.40580000000000005,0.3678,84.00833333333334,0.0425531914893617,-0.3518755764303245,1,2025-2025
Otto Kemp,805249,42.0,0.39280268650861333,1.0880143058161351,0.367704033771107,82.60000000000001,0.07142857142857142,0.7873548957491868,1,2025-2025
Jakob Marsee,805300,88.0,0.287839989769821,0.4447894071691176,0.22700321691176473,78.17058823529412,0.056818181818181816,-0.3298480002424733,1,2025-2025
Chase Meidroth,805367,92.0,0.21051851851851852,0.30917391304347824,0.2624347826086956,81.64594594594595,0.09782608695652174,-0.43194084677553,1,2025-2025
Nacho Alvarez Jr.,805373,71.0,0.1735935625,0.31366666666666665,0.179,78.35833333333333,0.056338028169014086,-0.8563694812082051,1,2025-2025
Jacob Wilson,805779,128.0,0.29803491027315077,0.3185260460245805,0.2563484192368258,82.86887636109749,0.06706181202370871,-0.17239462884478504,2,2024-2025
Bryce Eldridge,805811,61.0,0.2934165717171717,0.7088333333333333,0.2729747474747475,82.26470588235294,0.04918032786885246,0.012125941127651016,1,2025-2025
Zach Cole,805904,102.0,0.19975771253071253,0.4756162162162162,0.21788918918918918,75.01904761904763,0.0196078431372549,-0.8316902280429026,1,2025-2025
Luke Keaschall,807712,10.0,0.4537485,0.203,0.203,59.5,0.0,-0.6741400005216756,1,2025-2025
Matt Shaw,807713,80.0,0.3076974770797963,0.8044536290322581,0.4899415322580645,87.89,0.0875,0.60225186898928,1,2025-2025
Masataka Yoshida,807799,175.0,0.32348091695144315,0.4934432893060459,0.32755983859847626,82.19028518062461,0.1002101837412706,0.17150625369593797,3,2023-2025
Hyeseong Kim,808975,32.0,0.23752436647173492,0.6825403508771929,0.32451228070175436,78.35555555555555,0.0625,-0.22867215371209304,1,2025-2025
Jung Hoo Lee,808982,77.0,0.2967515789473684,0.48987733333333333,0.37232266666666664,79.73870967741935,0.05194805194805195,-0.11153523690787369,1,2025-2025
