pitcher,pitcher_id,p_throws,bf,games,avg_bf_per_game,xwoba_allowed,xslg_allowed,avg_ev_allowed,hardhit_allowed_rate,k_rate,bb_rate,pitcher_score,years_covered,prior_window
Adam Wainwright,425794,R,186.0,2.0,27.0,0.35959385696995316,0.569993337912088,81.92277136752138,0.06630143112701253,0.04338103756708408,0.02169051878354204,-0.2634588415835143,2,2021-2022
Zack Greinke,425844,R,269.0,4.0,27.0,0.3202905555946733,0.48687967178451524,83.16487605420555,0.08037721708718462,0.04071946040469648,0.015925555833125157,-0.15370229871505872,3,2021-2023
Ervin Santana,429722,R,72.0,2.0,27.0,0.35388470944741535,0.6467465564738292,86.2,0.1111111111111111,0.05555555555555555,0.027777777777777776,-0.2840468246163994,1,2021-2021
Scott Kazmir,431148,L,23.0,1.0,23.0,0.39790566666666666,0.2855,80.71428571428571,0.043478260869565216,0.0,0.08695652173913043,-0.42153928777291916,1,2021-2021
Yusmeiro Petit,433589,R,38.0,2.0,19.0,0.5046666666666666,0.6528888888888889,81.5,0.13157894736842105,0.0,0.0,-0.9147402561175931,1,2021-2021
Justin Verlander,434378,R,358.0,4.0,27.0,0.23321682224508353,0.42705504213800227,81.56825290390229,0.06634846607884574,0.07232383589594113,0.01293448954310282,0.3771500914667504,4,2022-2025
Aníbal Sánchez,434671,R,88.0,1.0,27.0,0.27934888636363636,0.4509553571428571,80.9423076923077,0.07954545454545454,0.06818181818181818,0.03409090909090909,0.09908875559931861,1,2022-2022
Kenley Jansen,445276,R,98.0,8.0,12.709752946875504,0.05841873889875666,0.18332787017600521,72.75826638099129,0.024382367188761505,0.1521072178265784,0.0,1.815979147863102,3,2021-2025
Jesse Chavez,445926,R,139.0,7.0,19.626958982807416,0.32190365884498057,0.5545650086596544,82.4533163932889,0.08617412241794448,0.056900266125966284,0.015333924724369532,-0.12382282003739435,3,2021-2023
Ross Detwiler,446321,L,27.0,2.0,13.5,0.4605880625,1.03464,81.23846153846154,0.14814814814814814,0.07407407407407407,0.037037037037037035,-0.6963686544763853,1,2021-2021
Corey Kluber,446372,R,161.0,2.0,26.999999999999996,0.3219319650197536,0.49367613297996665,78.48052042305163,0.07479758385811593,0.03881249196761342,0.012466263976352653,-0.01101132682268837,2,2021-2022
Rich Hill,448179,L,193.0,3.0,26.999999999999996,0.2649121146641693,0.5395495173117898,77.41737050981988,0.03836369186933957,0.07967843695939757,0.01862216342729215,0.42633458452041156,3,2021-2023
Sean Doolittle,448281,L,22.0,1.0,22.0,0.0035000000000000005,0.010499999999999999,78.2,0.0,0.09090909090909091,0.0,1.69686624007186,1,2021-2021
Charlie Morton,450203,R,319.0,5.0,26.511210285835727,0.3135392398932719,0.5853035573888213,81.5275475098698,0.07554988842843482,0.062426947189459146,0.02146424396982255,-0.046664164825758955,4,2021-2025
Jon Lester,452657,L,88.0,1.0,27.0,0.41760787209302325,0.6238226744186046,80.75925925925925,0.07954545454545454,0.045454545454545456,0.045454545454545456,-0.3954313884249384,1,2021-2021
Ian Kennedy,453178,R,39.0,3.0,13.358108108108107,0.2083364774690104,0.3353606418918919,79.91148648648648,0.05461711711711711,0.07882882882882881,0.02421171171171171,0.5875212055566584,2,2021-2022
Andrew Miller,453192,L,49.0,2.0,24.5,0.32441768831168827,0.9174857142857142,78.71000000000001,0.061224489795918366,0.1020408163265306,0.061224489795918366,0.07176286911694818,1,2021-2021
Tony Watson,453265,L,9.0,1.0,9.0,0.5270499999999998,0.9283777777777775,85.15,0.1111111111111111,0.0,0.0,-1.1543525594234876,1,2021-2021
Daniel Bard,453268,R,122.0,5.0,23.93687230989957,0.20871154059802785,0.2675878367607205,77.89164089484034,0.05834528933524629,0.10043041606886657,0.03507093894468357,0.7466747505157173,3,2021-2023
Blake Parker,453284,R,41.0,2.0,20.5,0.2909041666666667,0.931166666666667,81.52142857142857,0.07317073170731707,0.12195121951219512,0.0,0.32199899765178025,1,2021-2021
Max Scherzer,453286,R,284.0,3.0,26.999999999999996,0.3750237290365107,0.6382422413633363,83.3204343179158,0.14507544581618653,0.048724279835390946,0.0,-0.46795352332112,3,2021-2025
Mark Melancon,453343,R,41.0,3.0,13.730082085948817,0.38803900911578365,0.783180628594004,84.98421857395782,0.07822308063737325,0.04683727667793336,0.0,-0.5606593590554921,2,2021-2022
Chris Martin,455119,R,104.0,8.0,16.89188018319099,0.34023184894995256,0.5567251291844683,81.89884626158788,0.04344597103601932,0.07575194949870034,0.032677311548458966,-0.03776045137264042,4,2021-2025
David Price,456034,L,33.0,2.0,16.5,0.5196328942307693,0.7198736263736264,94.15555555555557,0.15151515151515152,0.0,0.030303030303030304,-1.3430523434455497,1,2021-2021
Johnny Cueto,456501,R,219.0,3.0,27.0,0.36625897649446104,0.7239043341208363,82.2992978649776,0.11145586674287579,0.050053074222258506,0.00898179145913285,-0.44410185984641365,3,2021-2023
Matt Bush,456713,R,33.0,3.0,11.023184868822453,0.2933932236159203,0.6167801874757334,89.12635753508236,0.15802318486882247,0.059182428309945086,0.0,-0.3319855570243683,2,2021-2022
J.A. Happ,457918,L,97.0,1.0,27.0,0.28519647724409625,0.5947398734152751,82.65151515151516,0.09278350515463918,0.07216494845360824,0.0,0.19790162640379988,1,2021-2021
Justin Wilson,458677,L,82.0,5.0,16.35777610818933,0.4599166218061278,0.7645561309214202,81.42921060573953,0.07407963936889557,0.033809166040571,0.033809166040571,-0.8200582854186632,3,2021-2025
Lance Lynn,458681,R,260.0,3.0,26.999999999999996,0.24072252591490464,0.3517441075833696,80.82790786335504,0.05130721244830728,0.04976519240204668,0.02558351440386907,0.31408683888115424,3,2021-2023
Tyler Clippard,461325,R,46.0,3.0,15.333333333333334,0.33522420085470084,0.5644432234432235,86.31,0.08695652173913043,0.06521739130434782,0.043478260869565216,-0.13146351783395632,1,2021-2021
Jhoulys Chacín,468504,R,55.0,2.0,27.0,0.36955542857142853,0.42035,87.21176470588235,0.12727272727272726,0.01818181818181818,0.05454545454545454,-0.5143058400881879,1,2021-2021
Carlos Carrasco,471911,R,166.0,2.0,27.0,0.3906832093815554,0.733602987699025,82.85526296980774,0.10993577635058557,0.04747512907694246,0.01763002140788314,-0.4696742645993058,2,2021-2022
Fernando Abad,472551,L,11.0,1.0,11.0,0.619,0.7959999999999999,79.21666666666665,0.18181818181818182,0.0,0.0,-1.3805023601371846,1,2021-2021
Luis García,472610,R,155.0,11.0,14.589471896756661,0.3590369937359771,0.5471280051946495,80.65527645275989,0.07407030056036677,0.03138053998981151,0.029954151808456442,-0.3006765280591397,5,2021-2025
Brett Anderson,474463,L,69.0,2.0,27.0,0.3721648021978022,0.6315723076923077,88.21923076923076,0.08695652173913043,0.028985507246376812,0.014492753623188406,-0.43549605528587504,1,2021-2021
David Phelps,475479,R,28.0,2.0,14.0,0.2667447142857143,0.28159999999999996,86.0,0.07142857142857142,0.03571428571428571,0.03571428571428571,0.044377613293930765,1,2022-2022
Lucas Luetge,476595,L,102.0,3.0,25.65685279187817,0.3512172914043994,0.5752405101522842,81.3888025647876,0.07654822335025381,0.05685279187817258,0.021928934010152282,-0.14889782742614155,2,2021-2022
Clayton Kershaw,477132,L,378.0,6.0,26.999999999999996,0.23636540495269692,0.4030959267344318,85.00916355734992,0.08785470183926583,0.06627500671965596,0.015205621472180625,0.22483125481831473,4,2021-2025
Wade Miley,489119,L,101.0,2.0,25.52972318862502,0.3168482842946571,0.47187684404597396,78.11075004862029,0.08531235819089397,0.020269248222659207,0.010134624111329604,-0.18204143594130967,2,2022-2023
Sergio Romo,489265,R,74.0,3.0,24.666666666666668,0.20000551960784313,0.3725024509803921,76.55555555555556,0.013513513513513514,0.06756756756756757,0.013513513513513514,0.7766042539772096,1,2021-2021
Craig Stammen,489334,R,111.0,3.0,25.0412147505423,0.3678264008570364,0.6446350766535826,83.34902386117136,0.0818872017353579,0.052603036876355744,0.029284164859002166,-0.3482759480317329,2,2021-2022
Kirby Yates,489446,R,63.0,4.0,15.723152920962198,0.393765831981036,0.5062647179948726,77.45970386524509,0.078393470790378,0.03200171821305842,0.04639175257731959,-0.41927430794386294,2,2023-2024
Adam Ottavino,493603,R,193.0,11.0,18.24211360778525,0.24560003661855978,0.37606150985228115,84.35984031515747,0.06388387731671312,0.07397080531408888,0.03591930457602099,0.3093566466709507,4,2021-2024
Deolis Guerra,500610,R,14.0,1.0,14.000000000000002,0.7979427037037037,3.387388888888891,87.60000000000001,0.07142857142857142,0.07142857142857142,0.07142857142857142,-2.9618630077016275,1,2021-2021
Miguel Rojas,500743,R,12.0,1.0,12.0,0.3059806,0.27725,77.53999999999999,0.08333333333333333,0.0,0.08333333333333333,-0.2993040683139562,1,2023-2023
Jose Quintana,500779,L,226.0,3.0,27.0,0.31452445528471895,0.5994537286091148,79.81151869509742,0.06950336910406789,0.06694534564512104,0.017781382580484152,0.017125412227102718,3,2022-2024
Michael Pineda,501381,R,85.0,1.0,27.0,0.35529676717948716,0.5779379217273954,87.30540540540541,0.12941176470588237,0.058823529411764705,0.011764705882352941,-0.2583828399953717,1,2021-2021
Jose Alvarez,501625,L,35.0,4.0,8.75,0.2313,0.30366666666666664,82.66428571428571,0.11428571428571428,0.02857142857142857,0.0,0.2505695640690859,1,2021-2021
Joe Smith,501925,R,3.0,1.0,8.0,0.79,1.033,100.6,0.3333333333333333,0.0,0.0,-2.71186200319754,1,2021-2021
Kyle Gibson,502043,R,337.0,4.0,27.0,0.38199080291757037,0.7997284675936679,84.08560369734569,0.09229109454688114,0.06865437426441742,0.026971361318163987,-0.48082148598678914,4,2021-2024
Zach McAllister,502083,R,33.0,2.0,16.5,0.5866633915343915,1.0288148148148146,81.90625,0.060606060606060615,0.030303030303030307,0.030303030303030307,-1.3900604777789416,1,2023-2023
David Robertson,502085,R,191.0,12.0,16.153248993674524,0.2716820741701773,0.4099972477997869,81.74176226053963,0.07914031052328924,0.07303047728579644,0.02875215641173088,0.24881195164665051,5,2021-2025
Alex Cobb,502171,R,246.0,3.0,27.0,0.3057739496609966,0.5607613075754286,86.70743968208912,0.09200492004920048,0.06633866338663386,0.007052070520705207,-0.08920066787274385,2,2021-2022
Paolo Espino,502179,R,66.0,2.0,27.0,0.5143190150142699,0.8528935854510954,87.42531062980906,0.1620689655172414,0.0,0.04733542319749216,-1.4761519696770329,2,2021-2022
Brad Boxberger,502202,R,71.0,6.0,12.497806416232518,0.311497736858659,0.6865321698737076,78.66753063079965,0.04140389361118727,0.06800109679188372,0.0,0.10112374906593741,2,2021-2022
Chase Anderson,502624,R,134.0,3.0,26.35158501440922,0.3552437752781876,0.4117851917534915,80.25981317698499,0.06123919308357348,0.03218059558117194,0.04851104707012488,-0.24647287247533298,2,2022-2023
Derek Holland,502706,L,8.0,1.0,8.0,0.27397733333333335,0.034499999999999996,91.65,0.0,0.0,0.125,-0.13742358156814566,1,2021-2021
Wily Peralta,503449,R,96.0,1.0,26.999999999999996,0.3972143307600404,0.5621098053181387,86.70555555555556,0.13541666666666666,0.03125,0.041666666666666664,-0.5803066323385115,1,2021-2021
Yu Darvish,506433,R,331.0,4.0,26.999999999999996,0.39298097035704777,0.738514085313966,85.08310185185186,0.08429723098492814,0.05739572379950929,0.03474412898703119,-0.5646524255311279,4,2021-2025
Sandy León,506702,R,5.0,1.0,8.0,0.8199423076923078,1.470673076923077,102.5,0.4,0.0,0.0,-3.171105936114895,1,2021-2021
Alex Colomé,517008,R,49.0,3.0,16.333333333333332,0.35939546666666666,0.4803333333333333,88.38095238095238,0.12244897959183673,0.04081632653061224,0.02040816326530612,-0.34107601582120695,1,2021-2021
Scott Alexander,518397,L,68.0,5.0,13.464808558558559,0.20432662349849853,0.3374927551333801,80.95028716216217,0.05194256756756756,0.0460304054054054,0.017314189189189186,0.4742809630079065,2,2022-2024
Ryan Brasier,518489,R,162.0,9.0,18.84240196078431,0.24968954709422658,0.37235737472766883,85.03461038961038,0.06067538126361655,0.07233115468409586,0.03148148148148148,0.2679646442496308,4,2021-2024
Madison Bumgarner,518516,L,79.0,1.0,27.0,0.3572349005729693,0.6715322725418197,85.49677419354839,0.11392405063291139,0.05063291139240506,0.0,-0.26299123297621035,1,2021-2021
Steve Cishek,518553,R,78.0,5.0,15.661904761904763,0.2716941528571428,0.33156571428571424,73.88707482993198,0.05631868131868133,0.050274725274725277,0.03543956043956044,0.3591257775913443,2,2021-2022
Fernando Cruz,518585,R,155.0,8.0,19.708526865072542,0.4110450412528421,0.6495032656661921,82.5877858330671,0.09702391192155516,0.04885601238603131,0.03991054532943403,-0.6453267949627407,4,2022-2025
Jake Diekman,518617,L,103.0,7.0,14.641629364368846,0.33726811131975587,0.5973611882025267,85.82071560728143,0.08880931065353626,0.048701880035810205,0.029364368845120857,-0.3268077083571858,3,2021-2023
Greg Holland,518813,R,52.0,2.0,26.0,0.23239427860696515,0.3748968792401629,77.00909090909092,0.057692307692307696,0.019230769230769232,0.0,0.37645672794371876,1,2021-2021
Merrill Kelly,518876,R,457.0,5.0,27.0,0.35923876428674983,0.6303260622659423,83.57823165308217,0.11893634749846034,0.059739883346013115,0.024453863710466255,-0.3972939096079138,4,2021-2024
Craig Kimbrel,518886,R,123.0,8.0,15.90763987748587,0.15549478280560225,0.46243604811052147,82.10941484209245,0.05111945127475087,0.12229843406237864,0.013976963892843275,0.8952036094678453,4,2021-2025
T.J. McFarland,519008,L,66.0,7.0,9.219534050179213,0.2712882190305513,0.5721627496159754,80.54978820462692,0.03383162863886703,0.09834775767112511,0.032782585890375034,0.5091022721304963,2,2021-2024
Matt Moore,519043,L,86.0,5.0,17.611240535818286,0.2741859107407473,0.4454897161284756,84.33016889924285,0.0860027179188507,0.067947971267715,0.0364977674238012,0.018820352559098412,2,2022-2023
Drew Pomeranz,519141,L,40.0,3.0,13.333333333333334,0.1659497,0.26725,80.20769230769231,0.025,0.125,0.025,1.1034569422790772,1,2025-2025
Ryan Pressly,519151,R,149.0,8.0,19.5042689434365,0.27262708302522687,0.367011806923647,81.99253292002744,0.057097118463180364,0.04194236926360726,0.032017075773746004,0.11022730897202032,4,2021-2024
Chris Sale,519242,L,314.0,4.0,27.0,0.2998592377117117,0.6258837684031632,80.2768031731636,0.07033446437227338,0.07721764420746485,0.02127968977217644,0.10911663236020691,3,2021-2025
Will Smith,519293,L,86.0,6.0,14.789348710990502,0.26609345182147115,0.4968056309362279,86.53841587516962,0.1282225237449118,0.09068294889190412,0.024875621890547265,0.06296520397839024,3,2021-2023
Hunter Strickland,519326,R,110.0,6.0,19.12063867534004,0.3625290664883608,0.5486316653482531,81.78798344175044,0.05233589591957421,0.038290952099349504,0.0322294500295683,-0.37262249704057665,3,2021-2024
Liam Hendriks,521230,R,74.0,4.0,21.80082821266364,0.23805601698524112,0.44849372161367884,86.40973054463569,0.028853860539674054,0.1295752070531659,0.04328079080951108,0.4862936482535102,2,2021-2022
Joe Kelly,523260,R,100.0,7.0,15.112736406619385,0.23899093010638298,0.3893053486997636,74.29734866394442,0.02482269503546099,0.10319148936170214,0.03475177304964539,0.7682411239115834,4,2021-2024
Martín Pérez,527048,L,197.0,4.0,26.395218002812936,0.38929412784477524,0.5725220950093627,84.8259649945304,0.0925925925925926,0.04860134395999375,0.0425066416627598,-0.5500162206202142,4,2021-2024
Julio Teheran,527054,R,52.0,1.0,27.0,0.19093786982248523,0.3934017094017095,78.71052631578948,0.09615384615384616,0.07692307692307693,0.0,0.5639263309895504,1,2023-2023
Humberto Castellanos,528748,R,88.0,1.0,27.0,0.2776427659688674,0.4401646903820816,83.22258064516129,0.10227272727272728,0.045454545454545456,0.011363636363636364,0.11095771803204676,1,2021-2021
Erasmo Ramírez,541640,R,103.0,4.0,22.3643216080402,0.3573889886403411,0.7605212122251666,83.57576119232526,0.09060929648241206,0.0675251256281407,0.0,-0.32785791120415114,2,2022-2023
José Cisnero,542585,R,84.0,5.0,17.066673310743475,0.24546941868556002,0.4196881602551326,79.38724337253339,0.06976280645804266,0.0964719952162647,0.024117998804066176,0.4566201975601727,2,2022-2023
Tyler Anderson,542881,L,255.0,4.0,27.0,0.33020794419997435,0.5683852271601045,79.99551649017056,0.0695801425930816,0.0521520992870346,0.02733034063902826,-0.143007254776298,3,2021-2024
Shawn Armstrong,542888,R,102.0,6.0,18.86346626125599,0.2754399704236042,0.4217413121292017,82.88350290414377,0.05461349549760262,0.04151561220909835,0.027365220442053556,0.03822552444208814,3,2022-2025
Anthony Bass,542914,R,72.0,6.0,14.066024759284732,0.42824737438517463,0.7448217734846055,81.21619155867663,0.08005502063273728,0.029711141678129292,0.029711141678129292,-0.704781736078414,2,2021-2022
Richard Bleier,542947,L,63.0,7.0,9.985079468050602,0.24698198331023505,0.41960811783092034,82.28836476530282,0.1083360363282517,0.06292572169964321,0.0,0.24652103595579167,2,2021-2022
Gerrit Cole,543037,R,405.0,4.0,26.999999999999996,0.3049813873663239,0.6289601991765809,84.94051151745433,0.08429639700883752,0.059543327868196896,0.0032790818570800173,-0.12027844657915075,4,2021-2024
Danny Coulombe,543056,L,130.0,7.0,19.16958264099306,0.39011294434814753,0.5737078679326238,84.05332298268962,0.09744892972338969,0.02942038901378164,0.027563288046134296,-0.621570544079744,4,2021-2025
Anthony DeSclafani,543101,R,71.0,1.0,27.0,0.38310407239819,0.6523579487179486,79.05199999999999,0.07042253521126761,0.04225352112676056,0.0,-0.1722314307320365,1,2021-2021
Nathan Eovaldi,543135,R,416.0,5.0,27.0,0.3038040174714914,0.5593976389597277,81.8556649456837,0.09159724737413981,0.06649764578051431,0.02759869612459254,-0.02482740723559339,4,2021-2024
Anthony Gose,543238,L,37.0,3.0,12.333333333333334,0.13852411111111113,0.1032,78.75,0.02702702702702703,0.08108108108108109,0.02702702702702703,1.0695084629567604,1,2021-2021
Sonny Gray,543243,R,240.0,3.0,27.0,0.34061343266346206,0.6618748202928514,83.23185966299576,0.08366603020308974,0.0709367586645837,0.022912688769310886,-0.17346606395793612,3,2021-2025
Preston Guilmet,543258,R,14.0,1.0,14.000000000000002,0.8362499999999999,1.8020888888888889,87.64000000000001,0.14285714285714285,0.07142857142857142,0.0,-2.283355292166485,1,2021-2021
Brad Hand,543272,L,78.0,6.0,12.935458665416473,0.3812839859868541,0.6856400257391272,74.75499486188656,0.03586497890295359,0.0616502578527895,0.03586497890295359,-0.11535466635356,2,2021-2023
Kyle Hendricks,543294,R,340.0,4.0,27.0,0.28058290062768515,0.5266588321760631,79.79711014581338,0.07988476661346207,0.0511153501771324,0.01588352084712111,0.08838188555126274,4,2021-2025
Daniel Hudson,543339,R,59.0,4.0,14.458217270194986,0.264460933792699,0.5294457059082245,85.33191086350973,0.10445682451253481,0.10445682451253481,0.022841225626740944,0.3162945429650799,2,2021-2024
Jay Jackson,543351,R,41.0,2.0,20.500000000000004,0.25724233333333335,0.256625,80.60624999999999,0.04878048780487805,0.04878048780487805,0.04878048780487805,0.23972263607960456,1,2023-2023
Jordan Lyles,543475,R,277.0,3.0,27.0,0.3125412940071471,0.6053222204315636,81.135528133682,0.08499300606141344,0.065942849530407,0.013788050356357825,-0.04211338307764043,3,2021-2023
Trevor May,543507,R,119.0,7.0,17.06528356296059,0.1392815776994553,0.2637064842999039,78.00219416075248,0.049823774431272026,0.074975969240628,0.008651073373918617,0.9376094324646732,3,2021-2023
Scott McGough,543518,R,55.0,3.0,22.29103088946781,0.2636066003951277,0.5813135047105646,81.55840714551543,0.08634164495720133,0.0744324525493115,0.0,0.194077709122072,2,2024-2025
Collin McHugh,543521,R,45.0,4.0,11.214681440443213,0.17970268577622545,0.4267344734834798,85.51120344721451,0.08956602031394274,0.06971375807940904,0.0,0.4246090328651162,2,2021-2022
Sean Nolin,543594,L,60.0,2.0,27.0,0.33730424999999997,0.3303888888888889,81.764,0.06666666666666667,0.0,0.05,-0.2385165107381933,1,2021-2021
Jake Odorizzi,543606,R,141.0,2.0,27.0,0.29508414199242955,0.5698022711716274,83.24957424195061,0.06126914660831509,0.07396061269146609,0.014150255288110869,0.09590051715397654,2,2021-2022
Bryan Shaw,543766,R,117.0,9.0,13.498202396804261,0.3100095518493604,0.38574709738448276,83.08890013315579,0.07501109631602308,0.02263648468708389,0.042461902648320754,-0.21675866818668246,2,2021-2023
Michael Tonkin,543859,R,147.0,6.0,22.42134747311345,0.26150132975575696,0.3862131751595219,79.41506420875356,0.05077738833468141,0.0638986249662982,0.025433629909229802,0.35099528315333567,3,2023-2025
Nick Vincent,543883,R,31.0,2.0,15.5,0.19326654545454547,0.262,78.95833333333333,0.06451612903225806,0.0967741935483871,0.03225806451612903,0.8207217973316292,1,2021-2021
Albert Suárez,544150,R,71.0,1.0,27.0,0.2764208761755486,0.47936681541582155,83.12916666666666,0.11267605633802816,0.05633802816901408,0.01408450704225352,0.0077818518070747935,1,2024-2024
Manny Banuelos,544365,L,77.0,3.0,25.666666666666668,0.28653894444444444,0.3993333333333334,76.092,0.03896103896103896,0.07792207792207792,0.03896103896103896,0.32594738877227314,1,2022-2022
Jeurys Familia,544727,R,32.0,2.0,16.0,0.2815714285714286,0.626,85.6,0.0625,0.09375,0.0,0.2962862885107706,1,2021-2021
Ildemaro Vargas,545121,R,6.0,1.0,8.0,0.24816666666666665,0.38366666666666666,76.26666666666667,0.16666666666666666,0.0,0.0,-0.00594741299743233,1,2022-2022
Louis Head,545343,R,35.0,2.0,17.5,0.3492352941176471,0.8315980392156863,87.67272727272727,0.0857142857142857,0.0857142857142857,0.0,-0.13460018105386504,1,2021-2021
Cody Poteet,547001,R,57.0,1.0,27.0,0.34336649999999996,0.5831666666666667,84.72631578947369,0.08771929824561403,0.05263157894736842,0.017543859649122806,-0.29984990168571946,1,2024-2024
Michael Lorenzen,547179,R,342.0,8.0,26.78210961737332,0.29570687338674306,0.5844681190562419,82.83370813355023,0.0704860392967942,0.07813857290589452,0.01997931747673216,0.08198578331992314,5,2021-2025
Michael Kelly,547184,R,43.0,3.0,14.333333333333334,0.5753100773584906,1.2738819407008088,90.13076923076923,0.09302325581395349,0.046511627906976744,0.023255813953488372,-1.6576571565243763,1,2025-2025
Kwang Hyun Kim,547942,L,29.0,1.0,27.0,0.31856283928571427,0.3919693877551021,82.96666666666667,0.06896551724137931,0.0,0.034482758620689655,-0.20526847420186364,1,2021-2021
Hyun Jin Ryu,547943,L,220.0,3.0,27.0,0.36850423497434664,0.6162180885717107,85.86976092641015,0.12056406425102727,0.046413896152409415,0.012047067612999625,-0.4303390325859442,2,2021-2023
Aroldis Chapman,547973,L,168.0,11.0,15.685347985347988,0.20547337945996863,0.30481059340659344,79.99610179281038,0.03578021978021978,0.08167032967032967,0.023912087912087918,0.7012136250808031,5,2021-2025
Brooks Raley,548384,L,131.0,9.0,14.677876598110062,0.2892962540337666,0.6456965465823166,81.15972854814879,0.08638132295719844,0.09227348526959422,0.02423568649249583,0.15527918320253734,4,2021-2025
Ross Stripling,548389,R,181.0,4.0,25.2083216456288,0.19111678300051202,0.26738898297637503,83.35962904906391,0.07068723702664798,0.027676484338475922,0.00766713417484806,0.35484599454337934,4,2021-2024
Andrew Kittredge,552640,R,126.0,11.0,11.4612806155487,0.2439559215050748,0.4894346077527648,80.49098188407412,0.09781739229802308,0.10387384298937265,0.0,0.5183997682674291,4,2021-2025
Yimi García,554340,R,62.0,7.0,10.159603246167718,0.1991598608785263,0.3342045486424206,77.08249173429515,0.0583107905019537,0.09197475202885481,0.0,0.8493616537783866,3,2021-2023
Zack Wheeler,554430,R,333.0,4.0,26.999999999999996,0.2591460239572245,0.5249706917892256,80.96274689137685,0.06401712312107798,0.09320426132217736,0.013328793111835387,0.3922381893637273,4,2021-2024
Tyler Matzek,554431,L,75.0,4.0,19.453488372093023,0.36560857142857145,0.44223467230443975,87.44837209302325,0.15170362358031367,0.02325581395348837,0.05543537047052461,-0.6235655896762873,2,2021-2022
Joely Rodríguez,570257,L,64.0,3.0,20.52995391705069,0.3029763256841907,0.46360809743252146,84.45194206714943,0.07077024358130347,0.06385780118499011,0.014154048716260697,0.0985428408876639,2,2021-2022
José Ureña,570632,R,377.0,7.0,26.999999999999996,0.33377806340217386,0.5191343382056861,83.20319066395919,0.09604134946710474,0.03469829313246254,0.021836685631861526,-0.31648639381551813,4,2021-2025
Hansel Robles,570663,R,53.0,4.0,13.25,0.26047507142857146,0.2598888888888889,90.96153846153848,0.07547169811320754,0.03773584905660377,0.05660377358490566,0.010676219388858377,1,2021-2021
Luis Cessa,570666,R,116.0,3.0,27.0,0.2889163644261416,0.47166015088201174,85.52342054110359,0.11044354126170701,0.06096483477646227,0.01714083760381693,-0.008754699741387784,2,2021-2022
Andrew Bellatti,571479,R,38.0,2.0,19.0,0.2236401335051547,0.232979381443299,80.51151202749142,0.0,0.10526315789473684,0.05263157894736842,0.7439219391865565,2,2021-2022
Matthew Boyd,571510,L,151.0,3.0,27.0,0.2790742593684873,0.4492404571848007,83.77093368262194,0.07118084227910819,0.05152766308835673,0.025433526011560695,0.0036192223688318787,2,2022-2025
Rex Brothers,571521,L,20.0,1.0,20.0,0.53642925,0.5766666666666667,78.275,0.05,0.0,0.05,-0.8761672351646128,1,2021-2021
Patrick Corbin,571578,L,517.0,6.0,27.0,0.3411346873129304,0.5247632722356519,81.35493852968361,0.0827160826352789,0.04387642416570151,0.03102863145419775,-0.23894158787340677,5,2021-2025
Buck Farmer,571656,R,123.0,8.0,15.74511710835562,0.23837021992843582,0.32013476433607724,78.29652298750769,0.05592025285679553,0.04595185995623633,0.024677850717238027,0.3652767009123648,3,2022-2024
Kyle Farmer,571657,R,11.0,1.0,11.0,0.2934,0.3274,77.38333333333334,0.18181818181818182,0.0,0.0,-0.2598245843778111,1,2024-2024
Dylan Floro,571670,R,116.0,7.0,17.190721649484534,0.31198500007209284,0.6087513723390011,78.98620520373098,0.036437966583718444,0.07465339495200853,0.019196587273373623,0.12773655482820623,2,2021-2022
Mychal Givens,571710,R,39.0,2.0,19.4448,0.3595625391304348,0.7025978573913043,83.95563714285714,0.08053333333333333,0.02293333333333333,0.0,-0.356516522102858,2,2021-2022
Andrew Heaney,571760,L,305.0,5.0,26.999999999999996,0.28661645662148866,0.48965893225377066,80.18159482969618,0.0631333157106353,0.04810996563573882,0.010309278350515462,0.05856694258818556,4,2022-2025
Drew Hutchison,571800,R,166.0,3.0,27.0,0.3172517272656614,0.5349892447324167,83.07294926297149,0.10820940635956956,0.0430419538145327,0.01825655906178213,-0.20769499210625367,2,2021-2022
Matt Koch,571863,R,67.0,3.0,22.333333333333332,0.26794037254901965,0.473689393939394,79.67083333333333,0.05970149253731344,0.07462686567164178,0.01492537313432836,0.29295843976197233,1,2023-2023
Ian Krol,571871,L,24.0,1.0,24.0,0.05775,0.1255,69.88181818181819,0.0,0.08333333333333333,0.0,1.5997737242472538,1,2021-2021
Derek Law,571882,R,136.0,7.0,19.445214105793447,0.29069676424094326,0.5090057360435827,78.89847416478854,0.04554995801847187,0.0743073047858942,0.022879932829554993,0.25081757501254787,2,2022-2024
Aaron Loup,571901,L,31.0,3.0,10.336575875486382,0.2658490428015564,0.41365914396887155,88.26953307392996,0.19584954604409854,0.05577172503242542,0.03501945525291829,-0.1568389730868721,2,2021-2022
Steven Matz,571927,L,188.0,7.0,21.25699269552824,0.2540151819984169,0.39992116619418383,79.34673467102512,0.06369143060751827,0.044984856582932484,0.003830393728843756,0.3234528049044651,4,2021-2025
Miles Mikolas,571945,R,489.0,6.0,27.0,0.367379606915815,0.7446744354687306,83.00480059056635,0.09548774740810555,0.0579347313854854,0.012988925541941563,-0.40766855992668993,5,2021-2025
Shelby Miller,571946,R,106.0,5.0,23.655125362442433,0.24020145599854692,0.3374255518194542,84.78897890727158,0.08800955142418557,0.03718232986525669,0.03496503496503497,0.06836072858248939,3,2021-2023
Hoby Milner,571948,L,231.0,12.0,19.648119278890356,0.3845711693427041,0.7445309716154852,80.27549466362873,0.08981892313227005,0.058340328576567936,0.02014630051564936,-0.4082780438051094,5,2021-2025
Garrett Richards,572070,R,62.0,3.0,20.666666666666668,0.3252948125,0.4216923076923077,78.628,0.04838709677419355,0.03225806451612903,0.03225806451612903,0.0470307491016516,1,2021-2021
Sam Selman,572125,L,75.0,4.0,19.15152389193347,0.34853889417202355,0.5401848733902382,81.60392544672904,0.08710700894144793,0.05595615806172483,0.05595615806172483,-0.2828672348358894,2,2021-2022
Ryan Tepera,572193,R,71.0,4.0,17.696381674934344,0.258546557663003,0.29457531368543916,75.751392536394,0.037642252699153785,0.07236650131310186,0.05660927925299096,0.5057913385150812,2,2021-2022
Drew VerHagen,572403,R,22.0,2.0,11.0,0.15380833333333332,0.33660999999999996,87.81666666666666,0.13636363636363635,0.045454545454545456,0.0,0.2518343028625697,1,2023-2023
Shane Greene,572888,R,33.0,1.0,26.999999999999996,0.32322575,0.347,82.5,0.030303030303030307,0.060606060606060615,0.060606060606060615,0.02227112498135278,1,2023-2023
Pierce Johnson,572955,R,155.0,9.0,17.951223854027596,0.36487583637384724,0.8024660923559456,83.07971659567254,0.09959946595460614,0.0735202492211838,0.012105028927458834,-0.38502063980986523,5,2021-2025
Dallas Keuchel,572971,L,139.0,3.0,27.0,0.40383073987375734,0.6574710404630856,78.45185484947937,0.07522591245159019,0.05222391738058913,0.04436099049407347,-0.41320878969916036,2,2021-2023
Joe Mantiply,573009,L,106.0,10.0,12.715748474140701,0.2425260374643025,0.4839270999612873,82.59801383343788,0.07693543205910698,0.07243816254416961,0.0224863475746868,0.31703757839940794,4,2021-2024
AJ Ramos,573109,R,23.0,2.0,11.5,0.0546,0.143,83.25714285714285,0.08695652173913043,0.08695652173913043,0.0,1.202930128647059,1,2021-2021
Taylor Rogers,573124,L,146.0,8.0,18.466883535548913,0.32954972488764506,0.5146600814389113,83.30691975234376,0.12229646562335152,0.05213645155618076,0.020749076841920167,-0.27123902307313513,4,2022-2025
Marcus Stroman,573186,R,263.0,4.0,26.999999999999996,0.38082527458560056,0.60591828151683,86.47601699277668,0.1332272437937619,0.04875875238701463,0.012348822406110755,-0.5888303615029338,4,2021-2024
Caleb Thielbar,573204,L,168.0,13.0,13.133459400607416,0.34044891431257646,0.6612216268454901,81.55278794480255,0.09377686092487539,0.06678700361010831,0.019339865910263022,-0.1978385190998569,5,2021-2025
Juan Minaya,573668,R,49.0,2.0,24.5,0.2090796666666667,0.21183333333333332,81.49545454545455,0.08163265306122448,0.04081632653061224,0.02040816326530612,0.4618057764229327,1,2021-2021
Yusei Kikuchi,579328,L,287.0,5.0,26.60105092966855,0.2594698170958217,0.5525009195310756,83.93024576739842,0.08398455043564179,0.0829964969011048,0.014192041677894547,0.18849376485974173,4,2022-2025
Jason Adam,592094,R,61.0,4.0,15.516791526737276,0.20711391995013798,0.31898340222164817,79.21516553067185,0.07465771118574012,0.05450787910100749,0.0,0.5277205687561278,2,2021-2024
Cam Bedrosian,592135,R,6.0,1.0,8.0,0.13,0.10499999999999998,83.95,0.0,0.0,0.0,0.6917468751693027,1,2021-2021
Cam Booser,592155,L,32.0,3.0,10.666666666666666,0.5018078011351909,0.8503936475174867,92.88181818181819,0.15625,0.0,0.03125,-1.6560015749924912,1,2025-2025
Dylan Covey,592229,R,20.0,1.0,20.0,0.403,1.056,84.39999999999998,0.05,0.1,0.0,-0.37100544238888555,1,2023-2023
José De León,592254,R,101.0,1.0,27.0,0.28248319505494507,0.4514615384615384,76.86756756756756,0.04950495049504951,0.07920792079207921,0.0297029702970297,0.3570023671852316,1,2025-2025
Mike Foltynewicz,592314,R,62.0,2.0,27.0,0.276477036525974,0.4330308441558442,79.1904761904762,0.06451612903225806,0.04838709677419355,0.016129032258064516,0.2681492090676388,1,2021-2021
Kevin Gausman,592332,R,503.0,6.0,26.999999999999996,0.2857111173799874,0.4596101997091671,82.33174903501346,0.08229838075774248,0.05795734423308703,0.01894356233296651,0.06270031630394987,5,2021-2025
Chi Chi González,592346,R,103.0,2.0,27.0,0.35107050498983805,0.5762376684568921,84.80778122393662,0.11123853211009174,0.03918195718654434,0.030963302752293576,-0.4302658943000623,2,2021-2022
Jon Gray,592351,R,155.0,2.0,27.0,0.3133570241612593,0.7084021138431493,82.8642978497478,0.0844173082028139,0.061454738518715156,0.0,-0.04763053129418058,2,2021-2022
Heath Hembree,592390,R,46.0,3.0,15.333333333333334,0.34168937962962964,0.5936172839506173,86.31666666666666,0.15217391304347827,0.043478260869565216,0.021739130434782608,-0.341937161342209,1,2021-2021
Luke Jackson,592426,R,101.0,7.0,18.59861562838796,0.23661869051042012,0.436042942912966,76.28619492569737,0.05904428321240931,0.07818363772829623,0.012509382036527395,0.5833725888868645,3,2021-2025
Tommy Kahnle,592454,R,110.0,8.0,14.030261764260857,0.3637861995169506,0.7188366173855463,87.44104072958363,0.11665910122560146,0.05061280072628234,0.0206536541080345,-0.5995049827785047,3,2022-2025
Robbie Ray,592662,L,183.0,2.0,27.0,0.43109598343332745,0.833258117465876,85.31457340967525,0.09940787975404237,0.03803233887497153,0.03313595991801412,-0.7616911773058732,2,2021-2022
Adrian Sampson,592716,R,237.0,3.0,27.0,0.29297958651335976,0.5867006153707448,81.24207561484859,0.05848944646944139,0.062134440959565995,0.029244723234720695,0.07150797519094138,2,2021-2022
Aaron Sanchez,592717,R,33.0,1.0,27.0,0.4759333333333334,0.7052666666666666,88.40833333333335,0.18181818181818182,0.0,0.0,-1.2775075731492982,1,2022-2022
Chasen Shreve,592741,L,42.0,3.0,14.0,0.28211631818181815,0.6585381944444447,78.67272727272727,0.047619047619047616,0.09523809523809523,0.023809523809523808,0.39853190205692196,1,2021-2021
Caleb Smith,592761,L,133.0,5.0,24.23091076356946,0.2723908605799633,0.6353784817514864,84.86689884785562,0.06945722171113154,0.08264336093222938,0.023152407237043853,0.06542011571470507,2,2021-2022
Drew Smyly,592767,L,215.0,8.0,21.669760247486465,0.3059728860537974,0.3801826970400056,80.17174112621072,0.05792730085073473,0.05174013921113689,0.03890177880897138,0.07164988988667122,4,2021-2024
Ryne Stanek,592773,R,148.0,10.0,15.443888032871081,0.33666866798195566,0.604608644125489,83.34795570441369,0.059899845916795064,0.0520030816640986,0.02311248073959938,-0.20729132658755364,5,2021-2025
Brock Stewart,592779,R,39.0,3.0,13.0,0.1965,0.46775,77.61538461538461,0.02564102564102564,0.10256410256410256,0.0,0.845507636571147,1,2023-2023
Noah Syndergaard,592789,R,103.0,3.0,24.051730660109705,0.28665317968602233,0.4605608252947481,86.14200653120217,0.13050879515793457,0.04690750898430112,0.02042746358993758,-0.12279580503905672,2,2021-2022
Jameson Taillon,592791,R,486.0,7.0,27.0,0.2915393941732761,0.45135994077516,81.28359092061457,0.08486245397671147,0.054120393929415984,0.022330649265124076,0.029479172258052955,5,2021-2025
Vince Velasquez,592826,R,142.0,3.0,27.0,0.31010532574758826,0.7123704033351347,90.12836197021764,0.10178597357339916,0.09075068970524175,0.0297662262233193,-0.18124365868059975,2,2021-2022
Konner Wade,592831,R,85.0,2.0,27.0,0.3627978114512472,0.6732204405571752,87.49600000000001,0.10588235294117647,0.058823529411764705,0.011764705882352941,-0.29061914262904526,1,2021-2021
Taijuan Walker,592836,R,394.0,6.0,26.999999999999996,0.2882120409070122,0.40944504429754985,83.34088811051822,0.07614369051274177,0.05902671169788149,0.042600552655818226,-0.01232889498096954,5,2021-2025
Zack Weiss,592848,R,36.0,3.0,12.0,0.2771675675675676,0.5405675675675676,78.39285714285714,0.05555555555555555,0.08333333333333333,0.0,0.2824548508678025,1,2022-2022
Rowan Wick,592858,R,69.0,6.0,11.766544117647058,0.29017402509337065,0.6229112017463235,83.08041258169933,0.0395220588235294,0.1090686274509804,0.02634803921568627,0.27356403508833227,2,2021-2022
Trevor Williams,592866,R,379.0,5.0,27.0,0.2642308607160466,0.40475744106940104,80.52629419957537,0.05762665574218217,0.06714006099503847,0.020528927124584644,0.33670841115110384,4,2021-2024
Richard Rodríguez,593144,R,28.0,2.0,14.000000000000002,0.5273411458333334,0.7990911458333333,86.16923076923077,0.14285714285714285,0.0,0.0,-1.1679513867445293,1,2021-2021
Domingo Germán,593334,R,164.0,3.0,26.999999999999996,0.30086963292774954,0.5802105956188685,80.11868682282605,0.06855597365945437,0.08501881467544684,0.02916274694261524,0.08922765773044898,2,2021-2022
Frankie Montas,593423,R,200.0,3.0,26.859764933183058,0.34770754409996246,0.7710651801937688,85.50881387723253,0.07398164546771857,0.06923200772822412,0.03526002254065368,-0.36968648465949633,3,2021-2024
Héctor Neris,593576,R,185.0,11.0,17.60232216067349,0.30404957126105747,0.5529428895011762,78.7455579440745,0.06234156417237819,0.08928739085531875,0.04009013238193597,0.23556235599328215,4,2021-2024
Alberto Baldonado,593604,L,23.0,2.0,11.5,0.5334892333333334,1.0892430555555555,79.7,0.043478260869565216,0.043478260869565216,0.043478260869565216,-0.9019444835396565,1,2021-2021
Domingo Tapia,593619,R,39.0,3.0,13.0,0.36828187878787877,0.5263916666666667,84.1,0.07692307692307693,0.02564102564102564,0.05128205128205128,-0.36833399836412783,1,2021-2021
Eduardo Rodriguez,593958,L,505.0,7.0,27.0,0.360170568998661,0.686414370988678,83.77578677740149,0.11105718445770404,0.062466097581865415,0.0208981642732749,-0.4225605244785891,5,2021-2025
Wandy Peralta,593974,L,104.0,7.0,15.880223982518437,0.25749003146527816,0.43173077623460027,81.84148146308758,0.07265774378585085,0.07620868615132478,0.02294455066921606,0.3148134664909268,3,2021-2025
Jandel Gustave,594311,R,62.0,3.0,20.666666666666668,0.3029157019230769,0.4974742603550296,86.18947368421053,0.06451612903225806,0.03225806451612903,0.03225806451612903,-0.09822659889926291,1,2021-2021
Mike Mayers,594577,R,54.0,3.0,18.0,0.3125522176470588,0.5390816176470589,81.33684210526316,0.05555555555555555,0.05555555555555555,0.037037037037037035,0.0695490186477502,1,2021-2021
Sam Moll,594580,L,54.0,3.0,17.836893203883495,0.3043644327403566,0.44822107097630104,82.73210231516057,0.09902912621359224,0.043365695792880264,0.021682847896440132,-0.06178950427017454,2,2021-2023
Jacob deGrom,594798,R,197.0,3.0,27.0,0.33554232280049595,1.0468414740830616,86.21252415303363,0.09880200953239726,0.10923612005667911,0.00644080896560608,-0.3102681333059289,3,2022-2025
Marco Gonzales,594835,L,206.0,2.0,26.999999999999996,0.2920836948543679,0.4830022714085492,76.49546582706996,0.06664006384676775,0.048383878691141254,0.023643256185155625,0.1689976608236745,2,2021-2022
Ben Lively,594902,R,144.0,3.0,26.535859820700896,0.3237206063957775,0.34429035588155393,81.62738028853715,0.06275468622656886,0.041836457484379246,0.04926197591234266,-0.09927759572308717,2,2023-2024
Zach Neal,594943,R,40.0,2.0,20.0,0.28976755555555556,0.37925,75.52727272727272,0.05,0.07499999999999998,0.05,0.313618144138725,1,2023-2023
Casey Sadler,594987,R,50.0,4.0,12.5,0.08116666666666666,0.18766666666666668,76.13846153846154,0.0,0.12000000000000001,0.0,1.5565753690108328,1,2021-2021
Blake Treinen,595014,R,98.0,7.0,13.765571434931655,0.2924679258695832,0.49309672193707177,76.94726459195938,0.04581274208628289,0.07920395351943367,0.030052090289835715,0.3397705853088498,3,2021-2025
Steven Okert,595345,L,148.0,9.0,16.173625050180654,0.2661065674242326,0.5521632225551155,80.03019911516627,0.07757928542753914,0.06854676836611803,0.02298273785628262,0.19733064927748087,3,2021-2025
Ryan Sherriff,595411,L,34.0,1.0,26.999999999999996,0.363581125,0.5282499999999999,78.36363636363636,0.058823529411764705,0.058823529411764705,0.058823529411764705,-0.05995722024682438,1,2021-2021
John Curtiss,595928,R,24.0,2.0,12.0,0.15024561403508774,0.5388771929824562,81.92857142857143,0.08333333333333333,0.125,0.0,0.8906625100844284,1,2025-2025
Jakob Junis,596001,R,196.0,4.0,25.160292696396525,0.3080643543910674,0.4957893592028442,82.53023734514831,0.10147728841640205,0.05260251277095127,0.013116112108242442,-0.10375402832499128,3,2022-2025
Daniel Norris,596057,L,99.0,5.0,20.44810693540486,0.22476800367146327,0.3740391521768175,83.17177754998703,0.0724333403317237,0.05668696199874029,0.018055847155154313,0.31304510812866343,2,2021-2022
Robert Stephenson,596112,R,69.0,5.0,13.869889937106917,0.17639587411107002,0.30475071371315815,81.29577437106919,0.05372117400419287,0.09853249475890985,0.014150943396226415,0.83532999079313,3,2021-2023
Luke Weaver,596133,R,264.0,8.0,21.815587113268222,0.2801239074453727,0.5918307962202445,82.0738096123608,0.0742405177062736,0.07705674396308948,0.017556474324405297,0.1431946185353728,5,2021-2025
Casey Lawrence,596271,R,96.0,4.0,21.066392412295738,0.4370524433768497,0.8922831232206688,82.01062786101757,0.09444634898868699,0.052965375385670206,0.020740486801508397,-0.7709726954258543,2,2022-2023
Austin Gomber,596295,L,126.0,2.0,27.0,0.2806787382841061,0.4992930961627496,83.81307782641187,0.10858027421494915,0.05108359133126934,0.005970809376382133,-0.06368040656190269,2,2022-2024
Matt Barnes,598264,R,70.0,5.0,13.965930853744583,0.2747243884488992,0.4471523326525316,89.5878288478984,0.13032960387057757,0.026005442999697606,0.0,-0.17642571486202724,2,2021-2022
Nick Ramirez,598286,L,8.0,1.0,8.0,0.527335,0.5005,77.05,0.0,0.0,0.125,-1.0194903017144143,1,2023-2023
Noé Ramirez,598287,R,58.0,3.0,19.333333333333332,0.27354545454545454,0.44139999999999996,75.32916666666667,0.05172413793103448,0.034482758620689655,0.0,0.33665104106723864,1,2021-2021
José Leclerc,600917,R,85.0,6.0,14.234408602150538,0.17526709170786203,0.31151170506912446,81.6824317617866,0.023446105428796226,0.09142407553107788,0.023446105428796226,0.8572151760611509,2,2023-2024
Andrés Machado,600921,R,149.0,8.0,19.145509179221204,0.32097514036049596,0.5289013292415949,79.7871109856637,0.09594961718942949,0.046431217584588784,0.010619906149666583,-0.09552492636092612,3,2021-2023
Nick Pivetta,601713,R,479.0,6.0,27.0,0.3155290103384442,0.6395457048546944,82.13486934033847,0.07136373158299,0.06727882131136094,0.019516793520005588,-0.05291356457328262,4,2021-2024
Justin Anderson,605121,R,40.0,2.0,20.0,0.4367307454545455,0.5766883116883117,78.14545454545454,0.025,0.025,0.05,-0.5512943923386482,1,2024-2024
Scott Barlow,605130,R,153.0,9.0,17.56104994101455,0.38296378092047867,0.7097162904271507,82.23180462708088,0.06399921352732993,0.05397168698387731,0.05003932363350373,-0.4612804193879744,4,2021-2025
Chris Bassitt,605135,R,285.0,4.0,27.0,0.3230425033464649,0.5008237708140915,81.16375229563909,0.09422351233671987,0.05544267053701015,0.042960812772133525,-0.15758931418997582,4,2021-2024
John Brebbia,605154,R,97.0,6.0,16.566666666666666,0.29603209131716035,0.4966568206414797,85.18039525691698,0.11565656565656565,0.04292929292929292,0.03164983164983164,-0.23970044733684603,2,2022-2023
Dylan Bundy,605164,R,78.0,1.0,27.0,0.40575231331168843,0.7770849885408709,78.11379310344829,0.08974358974358974,0.038461538461538464,0.0,-0.5243080176567988,1,2022-2022
Andrew Chafin,605177,L,152.0,10.0,16.41322696860525,0.2802605337780593,0.37900528080600143,80.57314878807931,0.033350488934637164,0.04868759650025734,0.025321667524446735,0.16301682700108974,4,2021-2024
Mike Clevinger,605182,R,115.0,2.0,27.0,0.3891752765884683,0.6142145574931035,83.16101089951209,0.09814517306849717,0.043230611946838034,0.019570614867825326,-0.5233836392703444,2,2022-2023
Jharel Cotton,605194,R,96.0,5.0,19.890979883192728,0.37364908883342485,0.4373866969500323,78.5163919532771,0.07700627298291152,0.032662773091066404,0.06056673155959333,-0.30593817782643995,2,2021-2022
Zach Davies,605200,R,157.0,2.0,27.0,0.4279296963514477,0.6818358722844277,85.32478883584281,0.07776349614395886,0.03888174807197943,0.036096829477292196,-0.7410338577609501,2,2022-2023
Carl Edwards Jr.,605218,R,31.0,2.0,15.5,0.372375,0.8481923076923078,92.03333333333333,0.12903225806451613,0.06451612903225806,0.0,-0.7574615719234605,1,2022-2022
Michael Fulmer,605242,R,70.0,3.0,23.70388349514563,0.46663157265500593,0.8590461193943596,87.62289896844659,0.07190533980582524,0.029429611650485434,0.029429611650485434,-0.9506677285030225,2,2021-2022
Clay Holmes,605280,R,214.0,11.0,21.00106027240845,0.22945688007858067,0.2962104187341472,82.74443617449504,0.07046733545387815,0.04098360655737704,0.026241742109126494,0.2705256475078182,4,2021-2025
Adrian Houser,605288,R,308.0,4.0,27.0,0.2721921732430669,0.4168496217559852,84.49106513693151,0.11398450171202017,0.054649486393944846,0.024959452153541176,-0.020768374410214542,3,2021-2025
Jorge López,605347,R,53.0,3.0,20.304687500000004,0.293790624125,0.5125084375000001,81.96722321428572,0.05875000000000001,0.05875000000000001,0.037812500000000006,0.02234082655860796,2,2022-2023
Adam Morgan,605388,L,38.0,2.0,19.0,0.397331125,0.6961428571428572,82.52727272727272,0.05263157894736842,0.05263157894736842,0.05263157894736842,-0.3352653720832281,1,2021-2021
Joe Musgrove,605397,R,240.0,3.0,26.999999999999996,0.24866217366959234,0.4544996674235202,83.61383824216922,0.07487989018531228,0.07151681537405626,0.015991763898421413,0.2734328586558757,3,2021-2024
Aaron Nola,605400,R,500.0,6.0,27.0,0.21564161407492974,0.43346841427993127,82.70734985562135,0.0788960763820231,0.08231405892488913,0.004745628654557781,0.4765176446015882,5,2021-2025
Jordan Romano,605447,R,111.0,7.0,16.338492132111362,0.232189666205545,0.39502251502076424,79.3647566565966,0.06830364862528099,0.08092685457375065,0.02611101504409476,0.5002149314547927,3,2021-2023
Joe Ross,605452,R,62.0,2.0,27.0,0.21382887499999997,0.24980000000000002,82.08,0.06451612903225806,0.06451612903225806,0.03225806451612903,0.5131298025463358,1,2024-2024
Blake Snell,605483,L,199.0,2.0,27.0,0.25632493698483155,0.44705249934692254,79.02198607975046,0.08785120696478037,0.0543463922965308,0.010156971375807941,0.21152504016654142,2,2022-2025
Jeffrey Springs,605488,L,125.0,2.0,27.0,0.22058461459938367,0.2751382575757576,84.57081901149698,0.06298151001540832,0.04449152542372881,0.02446070878274268,0.2777065125574927,2,2022-2025
Andrew Suárez,605498,L,68.0,1.0,27.0,0.3761579441930618,0.7178015285996057,85.28571428571429,0.10294117647058824,0.04411764705882353,0.014705882352941176,-0.59133691005492,1,2023-2023
Zach Thompson,605507,R,125.0,5.0,21.907894736842106,0.2921539604045126,0.4808271740760299,82.75820175438596,0.07358674463937621,0.0769980506822612,0.03151397011046134,0.11667439496378645,2,2021-2022
Art Warren,605521,R,18.0,2.0,9.0,0.026333333333333334,0.08866666666666666,76.57142857142857,0.0,0.16666666666666666,0.0,1.9988969675022064,1,2021-2021
J.B. Wendelken,605525,R,54.0,3.0,18.0,0.38141800000000003,0.43879999999999997,79.0,0.05555555555555555,0.018518518518518517,0.037037037037037035,-0.23356815763593103,1,2021-2021
Matt Wisler,605538,R,27.0,2.0,13.5,0.109339625,0.0514,80.89999999999999,0.037037037037037035,0.07407407407407407,0.037037037037037035,1.0687067121549771,1,2021-2021
Brandon Woodruff,605540,R,161.0,2.0,27.0,0.3568901532182277,0.771416051664352,81.7148192695999,0.08051850928580331,0.06319331920727907,0.012090240558394616,-0.2629136783650747,2,2021-2022
Mike Wright Jr.,605541,R,15.0,1.0,15.0,0.5207878787878788,0.8571136363636362,87.73333333333333,0.13333333333333333,0.0,0.0,-1.1901923934231744,1,2021-2021
Giovanny Gallegos,606149,R,61.0,4.0,15.82746010638298,0.36556851443769,0.18932503799392097,82.41230422576831,0.032247340425531915,0.03590425531914894,0.07180851063829788,-0.135938438104626,2,2021-2022
Rafael Montero,606160,R,111.0,8.0,13.76044608144056,0.33095335329281594,0.3880223777368529,83.51128708819316,0.07157765500306938,0.033763044812768574,0.04604051565377533,-0.2551384634595309,3,2022-2025
Joel Payamps,606303,R,163.0,9.0,18.804771564649847,0.27404663279151925,0.5802928768989284,84.73876684261232,0.0847592167930852,0.06464985006173928,0.0,0.08091000135048577,4,2021-2025
Jarlín García,606424,L,65.0,5.0,17.052502302732574,0.3810267505117183,0.6375868283696654,82.21894381332515,0.06294135707706477,0.04636168252993551,0.016579674547129258,-0.3947741143321696,2,2021-2022
Reyes Moronta,606625,R,41.0,2.0,20.5,0.5330542222222223,0.6064285714285714,86.93333333333334,0.0975609756097561,0.0,0.04878048780487805,-1.2902339900181745,1,2022-2022
Jacob Barnes,606930,R,100.0,7.0,16.828675981370594,0.24260584005599914,0.3875464994253917,79.39729826062161,0.043080505655355955,0.054557551563539586,0.008982035928143714,0.38625482380373233,4,2021-2024
Chris Devenski,606965,R,99.0,4.0,24.316596104995764,0.32778469711684227,0.6717201621347687,84.77143825547006,0.08890770533446231,0.061473327688399665,0.0,-0.23157132739732286,2,2022-2023
Kyle Hart,606996,L,24.0,2.0,12.0,0.3098323333333333,0.212,85.78000000000002,0.041666666666666664,0.041666666666666664,0.08333333333333333,-0.11392293624779141,1,2025-2025
Colin Rea,607067,R,383.0,6.0,27.0,0.28582746052805835,0.4939587356649173,83.44233041654948,0.09828132227876027,0.06967227698110522,0.017613777888481657,0.060869505048158024,4,2021-2025
Carlos Rodón,607074,L,281.0,4.0,27.0,0.4585999614647662,0.8667989095703542,83.43349990852604,0.07844333865364755,0.050793352736832234,0.03511407379588771,-0.8499591952508864,4,2021-2025
Jordan Weems,607179,R,125.0,6.0,21.87116564417178,0.2552717601826779,0.6769416476774759,81.87289658194565,0.062440354464894335,0.07893660531697341,0.018268575323790046,0.1473813127767543,2,2022-2023
Tyler Glasnow,607192,R,171.0,3.0,27.0,0.24078458697434482,0.5615409062242046,85.46756179261327,0.09591128417844748,0.10843985439769747,0.01870820282739355,0.26761373489252316,3,2022-2025
Erick Fedde,607200,R,318.0,6.0,26.475609756097562,0.3462392839565092,0.6145344923547125,82.42583781931926,0.0928668215253581,0.06397599690282617,0.01388888888888889,-0.18818896900774326,4,2021-2025
Joey Krehbiel,607216,R,73.0,3.0,24.333333333333332,0.3263010447700448,0.5057709401709402,84.69259259259259,0.0958904109589041,0.0410958904109589,0.0410958904109589,-0.1743831754146414,1,2021-2021
Robert Gsellman,607229,R,40.0,2.0,20.0,0.286548,0.42250000000000004,88.32727272727273,0.1,0.05,0.025,-0.011262919627297531,1,2021-2021
John Gant,607231,R,71.0,1.0,27.0,0.34501572482589876,0.49277056277056275,79.55185185185185,0.09859154929577464,0.04225352112676056,0.04225352112676056,-0.12570130019018005,1,2021-2021
Amir Garrett,607237,L,59.0,5.0,11.77741935483871,0.3060660504398827,0.5613283870967742,87.1941770057899,0.09641577060931901,0.06559139784946236,0.01935483870967742,-0.04687033210014462,2,2021-2022
Nick Martinez,607259,R,233.0,6.0,24.715015377855888,0.28644894205501586,0.4541934020367814,83.16727770106286,0.08990553602811951,0.06282952548330406,0.018343585237258347,0.02986367585657233,4,2022-2025
Joe Biagini,607352,R,41.0,1.0,27.0,0.24972075000000005,0.2272222222222222,70.55833333333334,0.04878048780487805,0.04878048780487805,0.04878048780487805,0.5816378011436587,1,2021-2021
Spencer Patton,607359,R,36.0,2.0,18.0,0.07277777777777777,0.1588,78.89999999999999,0.0,0.1111111111111111,0.0,1.4975475695452751,1,2021-2021
Chris Mazza,607391,R,19.0,1.0,19.0,0.24676190476190477,0.6090833333333334,78.38333333333334,0.05263157894736842,0.15789473684210525,0.0,0.8925547056646267,1,2021-2021
Anthony Banda,607455,L,119.0,8.0,15.002986560477849,0.18995437253714395,0.3171069129136279,84.1308763139402,0.05599800895968143,0.04803384768541563,0.02314584370333499,0.48174734716235473,3,2021-2025
Kyle Barraclough,607457,R,50.0,2.0,25.0,0.3012867727272727,0.8834875,77.49230769230769,0.060000000000000005,0.09999999999999999,0.02,0.2635164944729423,1,2021-2021
Aaron Bummer,607481,L,64.0,5.0,14.429592101844634,0.19763655754741488,0.17106664068589245,87.85703212955747,0.12496752403221614,0.052740971680956095,0.03247596778383996,0.27630856046530144,4,2021-2024
Kyle Freeland,607536,L,352.0,4.0,27.0,0.386585801265184,0.7225807089660539,84.77121716654247,0.10799180327868854,0.05282786885245902,0.021147540983606557,-0.5989619428144644,4,2021-2025
Ryne Harper,607560,R,2.0,1.0,8.0,0.659,0.8,98.7,0.5,0.0,0.0,-2.446555287049916,1,2021-2021
Sam Howard,607572,L,73.0,3.0,24.333333333333332,0.37261756557881776,0.8557676284306825,75.44285714285714,0.0273972602739726,0.0821917808219178,0.0410958904109589,0.019908231869740674,1,2021-2021
Seth Lugo,607625,R,208.0,6.0,24.519917073893083,0.3165274810054559,0.5851938046033157,84.04647590384366,0.10410188064563897,0.07048719087812823,0.020953650229527613,-0.15525710888346736,4,2021-2024
John Means,607644,L,139.0,2.0,27.0,0.3521703974578278,0.6884514258647947,84.75583341060175,0.1276274386406545,0.044556324732536186,0.0,-0.4322685664684948,2,2021-2023
Andrew Vasquez,607755,L,76.0,3.0,23.14934224714255,0.21964510569573242,0.2908222449859823,74.8493346357305,0.052188915246926884,0.08992883329739054,0.040543454819926675,0.6606845300458557,2,2022-2023
Carlos Estévez,608032,R,103.0,6.0,20.759632772291,0.3698208368222329,0.6292254662419983,86.13592655084517,0.0852691612185283,0.04910279593823897,0.019891500904159132,-0.4498458031294882,4,2021-2025
Chase De Jong,608328,R,53.0,2.0,26.5,0.45045385714285713,0.7530333333333333,85.09375000000001,0.09433962264150944,0.018867924528301886,0.018867924528301886,-0.9279290432432141,1,2022-2022
Max Fried,608331,L,359.0,4.0,26.999999999999993,0.20646667584589065,0.32334768525996593,81.02026530812763,0.07249557249557248,0.06945406945406944,0.014014014014014012,0.5486660862444056,4,2021-2025
Carson Fulmer,608334,R,108.0,3.0,23.324796274738066,0.2563882545380072,0.28737915072897613,78.7306887854094,0.06648557754494891,0.036605872461518564,0.036605872461518564,0.19797619524462895,2,2023-2024
Kyle Funkhouser,608335,R,75.0,3.0,25.0,0.441368705882353,0.9832625,83.52352941176471,0.08,0.06666666666666667,0.05333333333333334,-0.6098821657976529,1,2021-2021
Lucas Giolito,608337,R,456.0,5.0,27.0,0.3773294206950693,0.5932545782951409,82.12042248206693,0.07004446752572302,0.038332954656106984,0.040962056541919575,-0.43700126385668986,4,2021-2025
Cole Irvin,608344,L,212.0,4.0,25.48217734855136,0.30673154558166926,0.4659062235796864,81.23019940784998,0.06488147497805091,0.0446883230904302,0.027655838454784896,0.004357737207179225,4,2021-2024
Corey Knebel,608349,R,25.0,1.0,25.0,0.2959528333333334,0.398,79.9375,0.04,0.04,0.04,0.16027326818463608,1,2021-2021
Lucas Sims,608371,R,63.0,4.0,18.60744066709429,0.2267077419562349,0.2170638023951896,81.37339437638329,0.03185802865084456,0.0327132777421424,0.049390635022450294,0.3441448623662005,3,2021-2024
Tomoyuki Sugano,608372,R,73.0,1.0,27.0,0.5096868421052633,1.0847049081035922,90.83703703703704,0.1643835616438356,0.0410958904109589,0.0,-1.4885219634346982,1,2025-2025
Michael Wacha,608379,R,440.0,6.0,26.999999999999996,0.2770760756759206,0.4333782382219561,81.56812344971748,0.08061968612427327,0.05689417616023121,0.02268373828006855,0.11370521178748558,5,2021-2025
Germán Márquez,608566,R,178.0,2.0,27.0,0.4037799845428358,0.6622262091605441,83.73184692927542,0.0845131464894539,0.038428199942213234,0.04059520369835308,-0.6878037826585424,2,2022-2025
JT Chargois,608638,R,137.0,9.0,16.998990281459044,0.31620322219946534,0.4271554572131768,81.51629892258441,0.037359586015398204,0.05667045311119526,0.041903319449703394,0.03527798570314682,4,2021-2024
Tyler Duffey,608648,R,84.0,4.0,22.11692684419957,0.348245431019918,0.9536300496851632,83.31103776847579,0.06473829201101927,0.07575757575757575,0.009871441689623508,-0.1941969689514425,2,2021-2023
Dietrich Enns,608650,L,28.0,1.0,27.0,0.135625,0.27880000000000005,83.0909090909091,0.03571428571428571,0.10714285714285714,0.0,1.0743582114818495,1,2025-2025
Luke Farrell,608652,R,38.0,1.0,27.0,0.5305467040998217,0.9743039215686276,86.72999999999999,0.05263157894736842,0.05263157894736842,0.07894736842105263,-1.0216375461457599,1,2021-2021
Kendall Graveman,608665,R,76.0,6.0,13.399357072205738,0.3808118765496209,0.4379030662710188,73.88951533135511,0.031899109792284865,0.06181998021760633,0.064540059347181,0.013479047964360221,3,2021-2023
Dominic Leone,608678,R,90.0,6.0,15.087613784135241,0.26505760976666015,0.40920000930834804,82.09135646944084,0.047680970957954046,0.06111833550065019,0.038361508452535754,0.23936893863929934,2,2021-2023
Drew Steckenrider,608716,R,59.0,4.0,14.750000000000002,0.34693750000000007,0.5566153846153846,83.4090909090909,0.06779661016949153,0.05084745762711864,0.0,-0.052450402828750915,1,2021-2021
Chris Stratton,608717,R,134.0,6.0,22.797504143511745,0.3670508580516701,0.49422330218230187,83.0627967773671,0.08262649897630886,0.028370868675051182,0.0220824802573852,-0.3571046417649801,3,2021-2023
Brent Suter,608718,L,140.0,9.0,15.575452887022186,0.3703269124420659,0.6311489983700187,81.88227088310407,0.07801960035637011,0.04645539009800178,0.024691358024691357,-0.31666801333538885,4,2021-2024
Austin Voth,608723,R,129.0,4.0,22.96599423631124,0.36071889016570596,0.7065043323727185,82.2803818443804,0.08270893371757924,0.07175792507204609,0.03731988472622479,-0.29437272661964564,3,2021-2024
Silvino Bracho,611093,R,56.0,2.0,27.0,0.3891976233766234,0.905602861952862,84.29047619047618,0.07142857142857142,0.07142857142857142,0.017857142857142856,-0.5674431863734002,1,2022-2022
Miguel Castro,612434,R,124.0,8.0,15.66924611865479,0.24774780728957363,0.3544659129563203,80.47892977076945,0.038107752956636,0.08190976784932107,0.038107752956636,0.4817219358634761,3,2021-2023
Austin Adams,613534,R,26.0,1.0,26.0,0.45188507954545454,0.9299318181818186,88.76,0.11538461538461539,0.038461538461538464,0.038461538461538464,-0.8910522057272693,1,2021-2021
José Ruiz,614179,R,100.0,6.0,18.150596350050293,0.32994195331097753,0.6324163419383902,85.10050055084542,0.1401063371174019,0.05862911337835896,0.01954303779278632,-0.3858092353880898,3,2021-2024
Cal Quantrill,615698,R,253.0,3.0,27.0,0.40184369484929544,0.6016197398491657,83.52676220015873,0.10627054955378112,0.024483325504931895,0.017496477219351807,-0.6998453223982855,3,2022-2024
Hirokazu Sawamura,617228,R,15.0,1.0,15.0,0.21939999999999998,0.32799999999999996,90.25000000000001,0.2,0.06666666666666667,0.0,0.1663309854986619,1,2021-2021
Luis Torrens,620443,R,16.0,1.0,16.0,0.3515285714285714,0.5675571428571428,84.53999999999999,0.3125,0.0,0.0,-0.9803785539485693,1,2022-2022
José Castillo,620454,L,59.0,3.0,19.666666666666668,0.3631841850789096,0.518240650406504,88.7684210526316,0.11864406779661017,0.01694915254237288,0.01694915254237288,-0.691643744103036,1,2025-2025
Jose Cuas,621016,R,20.0,3.0,8.0,0.24220000000000003,0.35725,75.3,0.0,0.05,0.0,0.5692635701670089,1,2023-2023
Steven Wilson,621051,R,59.0,4.0,14.872625426205554,0.5238003849566573,0.720399895126097,81.78556989771067,0.0881636629322942,0.01315148563078422,0.03945445689235266,-1.1720740980114923,2,2022-2025
Alex Reyes,621052,R,19.0,1.0,19.0,0.13419999999999999,0.26599999999999996,74.625,0.0,0.10526315789473684,0.0,1.3107430031118257,1,2021-2021
Tyler Ferguson,621053,R,94.0,6.0,15.828376703841387,0.19100942284945535,0.32959287041954327,82.6274241016109,0.04019516728624535,0.0845724907063197,0.021143122676579924,0.6926005937944281,2,2024-2025
Justin Garza,621057,R,22.0,1.0,22.0,0.3854945,0.6313984374999999,87.54285714285713,0.13636363636363635,0.045454545454545456,0.045454545454545456,-0.5330297628958419,1,2021-2021
Michael Rucker,621074,R,78.0,4.0,19.4448,0.2947627927333334,0.3230911818181818,80.45729600000001,0.09466666666666666,0.057600000000000005,0.040266666666666666,0.13072100461721092,2,2021-2022
James Kaprielian,621076,R,159.0,2.0,27.0,0.28836375547234655,0.5789728450480757,78.77175912222506,0.05639193671855065,0.07565705537126818,0.01926511865271753,0.19597278583340422,2,2021-2022
Eric Hanhold,621098,R,52.0,2.0,26.0,0.43965130555555554,0.7678333333333333,84.01176470588236,0.07692307692307693,0.038461538461538464,0.038461538461538464,-0.613426232164638,1,2021-2021
Zach Eflin,621107,R,183.0,4.0,25.518961625282163,0.45250739444750143,0.7503814402871217,85.49778007434382,0.09601203912716326,0.030398796087283672,0.030850263355906692,-0.9843805562709438,3,2022-2024
Walker Buehler,621111,R,313.0,4.0,27.0,0.2736058387019466,0.35117026870828827,82.82177692277037,0.07160324757898856,0.047442042453291595,0.03198669666438424,0.11011088637184206,3,2021-2025
Paul Blackburn,621112,R,160.0,4.0,23.94685261967584,0.36643607636913206,0.6864223338894525,85.95815645519421,0.08424425179042593,0.05842442517904258,0.029306445533358465,-0.39668314268747373,3,2021-2025
Ryan Burr,621114,R,75.0,4.0,19.420485175202156,0.26582988109879196,0.5020785533014928,82.8011320754717,0.08140161725067384,0.06666666666666667,0.0077268643306379154,0.19359856578821918,2,2021-2024
Lance McCullers Jr.,621121,R,246.0,3.0,27.0,0.31042893315042874,0.6098025163995296,82.12443398415745,0.07174948944860449,0.057317903335602445,0.013410483321987746,-0.05274359211339445,3,2021-2025
Brooks Kriske,621139,R,38.0,2.0,19.0,0.386246875,0.9027455357142856,89.0,0.07894736842105263,0.07894736842105263,0.0,-0.3319246996239938,1,2021-2021
Matt Bowman,621199,R,96.0,4.0,22.302782324058917,0.4300440026472422,0.8424270244656588,87.34322149481724,0.08333333333333333,0.04268957992362248,0.0,-0.8311373766674691,2,2023-2024
Alec Mills,621219,R,135.0,2.0,27.0,0.3766126499582289,0.5697803460906908,80.73148148148148,0.08148148148148149,0.037037037037037035,0.02962962962962963,-0.2535734372264634,1,2021-2021
José Alvarado,621237,L,97.0,8.0,12.62757731958763,0.17629933862542954,0.2710533848797251,83.88256995581739,0.08848797250859107,0.09862542955326459,0.007388316151202749,0.7293018454177457,4,2021-2024
Edwin Díaz,621242,R,181.0,10.0,20.210326421679323,0.24781699971638482,0.5880483771037333,82.98394169575036,0.07459111749811811,0.09512078286457264,0.018066105522479982,0.3052961986843022,4,2021-2025
José Berríos,621244,R,390.0,5.0,27.0,0.3048749234190975,0.571274135877759,82.53135280783408,0.05965066901690569,0.07487380818844643,0.032409262078359105,0.0507288019400272,5,2021-2025
Ralph Garza Jr.,621248,R,29.0,2.0,14.499999999999998,0.42987871428571434,0.4026666666666667,79.225,0.034482758620689655,0.034482758620689655,0.10344827586206896,-0.3950595907378556,1,2021-2021
Duane Underwood Jr.,621249,R,44.0,2.0,22.0,0.1777,0.53075,73.1,0.0,0.13636363636363635,0.0,1.0445730805404476,1,2022-2022
Nick Wittgren,621295,R,37.0,3.0,12.333333333333334,0.48221084651621116,0.742121950633307,78.15333333333334,0.08108108108108109,0.0,0.02702702702702703,-0.7918333368362122,1,2021-2021
A.J. Minter,621345,L,123.0,7.0,18.41056050762955,0.2722307287011222,0.37950310469859494,80.92396119093625,0.058014805861912676,0.057712645414715213,0.01631666414866294,0.23794579377743413,3,2021-2023
Colin Poche,621363,L,83.0,6.0,13.846037399821908,0.3607341358386049,0.6891434064599693,86.39370436331257,0.1257346393588602,0.04541406945681212,0.009617097061442566,-0.5682897094541411,3,2022-2024
Ryan Borucki,621366,L,48.0,5.0,9.853731904493324,0.3893176151922277,0.5095611745135856,76.39375765551738,0.10716300056401579,0.018894529046813314,0.023124647490129723,-0.5102274056895924,2,2023-2024
Taylor Hearn,621368,L,157.0,3.0,26.999999999999996,0.34743904351645705,0.496061296808789,83.11460698463505,0.0763675270830547,0.033168383041326736,0.02019526548080781,-0.23563139689403198,2,2021-2022
Matt Strahm,621381,L,96.0,6.0,16.17343509312421,0.24467754277593654,0.4943852714071249,81.48829862430897,0.08416188208934322,0.08416188208934322,0.01904495168743873,0.3197726243095012,4,2022-2025
Tanner Banks,621383,L,143.0,8.0,18.880492936579497,0.28978760773536383,0.44276700700561833,80.64539713455565,0.04770063119927863,0.06438232642019838,0.020829576194770064,0.19172644858672905,3,2023-2025
Ty Blach,621389,L,122.0,4.0,23.279875840662186,0.4330011247195496,0.7593085243771174,79.46683693195742,0.08160889808587689,0.055613036730470786,0.03297982410760476,-0.6186756368772472,2,2022-2023
Anthony Castro,621593,R,26.0,1.0,26.0,0.6026018953823954,1.3353850649350647,87.625,0.15384615384615385,0.038461538461538464,0.038461538461538464,-1.5990423572348242,1,2021-2021
Alex Young,622065,L,116.0,7.0,18.91453464251141,0.2784946612263492,0.7739637358648128,78.88230258608766,0.05047711243258193,0.07288065274512515,0.007467846770847739,0.13769015591162284,3,2022-2024
Alex Wood,622072,L,150.0,2.0,26.999999999999996,0.2714599450348298,0.37846744637201485,81.32716837214298,0.05027797921198936,0.06357263717669807,0.029489968576262987,0.2751917377394025,2,2021-2023
Yency Almonte,622075,R,67.0,5.0,13.841747572815533,0.22220367946034547,0.2576823855755894,78.59295849781287,0.059223300970873784,0.04174757281553398,0.031391585760517794,0.48806303255051997,2,2021-2022
Kyle Zimmer,622092,R,35.0,2.0,17.5,0.3470332384615385,0.6712234432234432,86.35454545454546,0.05714285714285714,0.05714285714285714,0.02857142857142857,-0.17740643081908836,1,2021-2021
Drew Smith,622098,R,82.0,5.0,17.450413223140497,0.22794853076216715,0.25149586776859506,79.513326446281,0.04616004837734328,0.04616004837734328,0.03789558556742593,0.35823948823794255,2,2022-2023
Josh Sborz,622250,R,79.0,5.0,15.656125608137993,0.29103611747506025,0.5168391567153178,85.43658395375694,0.11875276426360017,0.08160106147722246,0.00950906678460858,0.03280704096616651,3,2021-2024
Josh Staumont,622251,R,25.0,2.0,12.5,0.279390977443609,0.4993245614035088,88.25555555555555,0.16,0.04,0.0,-0.12652560112536593,1,2021-2021
Dillon Tate,622253,R,86.0,5.0,17.982497441146368,0.3300947250540202,0.37147703428863876,76.41849368816104,0.05424769703172979,0.044626407369498466,0.058751279426816794,0.04547690530884781,3,2021-2024
Trey Wingenter,622259,R,30.0,2.0,14.999999999999998,0.38345714285714294,0.9438599999999998,85.62727272727273,0.06666666666666667,0.06666666666666667,0.0,-0.5001630793727375,1,2023-2023
Luis Castillo,622491,R,350.0,4.0,27.0,0.2452016024752744,0.4423501082657792,83.92669554682938,0.0785830968962256,0.0823231020548534,0.022268076691600032,0.29551370016785067,4,2021-2025
Nabil Crismatt,622503,R,173.0,4.0,26.999999999999996,0.44682614915125674,0.8019315403348306,83.85922784845208,0.11898228984784234,0.040824810842271554,0.02020453978548266,-0.8795606340118144,3,2021-2025
Seranthony Domínguez,622554,R,161.0,10.0,16.916163479816618,0.3169534979598925,0.49977332360267523,79.19308313764957,0.03539080845353908,0.06281449178128144,0.03681650452868165,0.08788612638234028,5,2021-2025
Antonio Senzatela,622608,R,188.0,4.0,27.0,0.39998063932658606,0.6247709059522103,82.48465761011666,0.08243559718969555,0.04322515891602543,0.041083974573435926,-0.5403261178988154,3,2021-2025
Luis Severino,622663,R,298.0,5.0,26.30157011369789,0.26354801008634177,0.4682234894534569,81.19205701636233,0.06988810683992058,0.061992420140768806,0.01064789749142754,0.21866661017374214,4,2021-2025
Elieser Hernández,622694,R,123.0,2.0,27.0,0.29637345893592026,0.6775107181225877,86.04635283832077,0.09262696136325292,0.07086215623418256,0.0,-0.015215880038866253,2,2021-2022
Miguel Díaz,622766,R,86.0,5.0,18.759896729776244,0.17791249491025327,0.23836222813331243,80.82444061962134,0.046280359533371576,0.05909351692484222,0.010327022375215145,0.6750927402791914,2,2022-2023
Jesus Tinoco,622786,R,114.0,5.0,23.560567663456663,0.25341867138816665,0.4194235737479902,78.58313564286702,0.062088190572731884,0.04130765331981753,0.030917384693360365,0.22294262484776992,2,2022-2024
Paul Sewald,623149,R,137.0,8.0,17.051595032265922,0.23338102201674538,0.5012378229992817,80.47430419711179,0.060392061366126876,0.079629855107756,0.027882625106538418,0.40595195899054354,4,2021-2025
Chris Flexen,623167,R,346.0,4.0,27.0,0.3152348818849046,0.508348458823886,81.73482549841033,0.06841111162297876,0.04265905007601234,0.014419311742755793,-0.06557200493234067,4,2021-2024
Tyler Heineman,623168,R,8.0,1.0,8.0,0.23875000000000002,0.2935,67.44,0.0,0.0,0.0,0.6144622271921354,1,2024-2024
Huascar Brazobán,623211,R,210.0,11.0,19.19219963642373,0.26701271477264676,0.4052976839719527,82.9745080953311,0.09890927119484381,0.06240704015865147,0.026896380763510166,0.10809382272357826,4,2022-2025
Josh Hader,623352,L,149.0,9.0,17.41808235458613,0.29296283331468304,0.671015302458308,82.23549415914296,0.0425755033557047,0.09951761744966443,0.03533976510067114,0.16910308094456422,4,2021-2024
Justin Topa,623437,R,74.0,7.0,11.772946859903382,0.23284005029448746,0.35844971416645033,80.56707586085192,0.07762557077625572,0.05916219972205679,0.013301568393885252,0.3812015209706115,3,2022-2024
Jackson Stephens,623451,R,112.0,3.0,26.999999999999996,0.3421476949232585,0.43694214876033055,81.5394809337393,0.09120425029515938,0.019775678866587956,0.015938606847697757,-0.31358572939758045,2,2022-2023
Drew Anderson,623454,R,63.0,2.0,27.0,0.29980381944444445,0.5065235042735042,77.82608695652173,0.07936507936507936,0.04761904761904761,0.0,0.1917928722454829,1,2021-2021
Evan Phillips,623465,R,130.0,9.0,14.89447552144313,0.17082967781102293,0.35261506439443213,76.66053605429305,0.03343306881748406,0.10693378431117471,0.0,1.0015405614276782,4,2021-2024
Jimmy Herget,623474,R,133.0,8.0,16.443390964863358,0.2586329946520743,0.3423170279612124,82.26585399360086,0.08477412158393753,0.07283881762409368,0.027105409927495813,0.3119537979417352,4,2021-2025
Ashton Goudeau,623485,R,100.0,2.0,27.0,0.30485085714285715,0.3511538461538461,79.75384615384615,0.04,0.04,0.04,0.15914791075988774,1,2021-2021
Ranger Suarez,624133,L,401.0,5.0,26.999999999999993,0.4246387535600655,0.7056300654107901,82.92106579785754,0.09688200080796208,0.04873480480370193,0.01806897058283448,-0.6437204290656996,5,2021-2025
Keegan Thompson,624522,R,87.0,3.0,22.857512953367873,0.3760913404308497,0.6850671872686898,79.43247964470763,0.03765112262521589,0.060794473229706394,0.03281519861830742,-0.2987414462804955,2,2022-2024
Victor González,624647,L,12.0,1.0,12.0,0.074,0.1135,85.03333333333335,0.0,0.08333333333333333,0.0,1.243068569599518,1,2023-2023
Reynaldo López,625643,R,245.0,7.0,25.243877483662285,0.24698824655035834,0.5070329431059422,84.3315932740073,0.09320747244042511,0.0833058287675754,0.0072612053600897754,0.3246189797105947,4,2021-2024
Kenta Maeda,628317,R,151.0,2.0,27.0,0.29179586531593754,0.5388163385298235,77.81242547604997,0.03056234718826406,0.06505413901501922,0.026021655606007683,0.23838311411127233,2,2023-2024
Raisel Iglesias,628452,R,198.0,17.0,12.313492006766255,0.23973704864249226,0.4438785484001469,81.76817378604528,0.07083124865985277,0.08798513329997855,0.0181545279107998,0.4088146014579254,5,2021-2025
Yunior Marte,628708,R,57.0,3.0,19.0,0.2339817142857143,0.32281818181818184,85.01666666666667,0.10526315789473684,0.03508771929824561,0.017543859649122806,0.11086776925517695,1,2022-2022
Julio Urías,628711,L,175.0,2.0,27.0,0.29556646869846515,0.5760258466914663,79.57791826889562,0.06257406968475943,0.061270443232993604,0.016591609386110453,0.11120897811979176,2,2021-2022
Wil Crowe,640444,R,79.0,1.0,27.0,0.16606828571428572,0.267,84.54736842105264,0.10126582278481013,0.11392405063291139,0.02531645569620253,0.8282371715928721,1,2021-2021
Kyle Finnegan,640448,R,206.0,12.0,17.678264147596238,0.39513520260620644,0.6833087810111989,86.23049217561459,0.11076370409792442,0.054350718467269826,0.03113358169238957,-0.6201787451766559,5,2021-2025
Hunter Harvey,640451,R,102.0,5.0,20.626315789473683,0.25934254569031273,0.5368572026760743,84.24725109649124,0.07746710526315789,0.07746710526315789,0.008881578947368423,0.14820023279706152,2,2022-2023
Sean Manaea,640455,L,414.0,6.0,26.999999999999996,0.26523012170413374,0.45929739393728564,83.06644596419125,0.0856468880420976,0.058065686808201775,0.018290691344583557,0.10942723357138424,5,2021-2025
A.J. Puk,640462,L,133.0,8.0,17.85785499596804,0.3608160709132459,0.6880011045721423,82.46559636390295,0.09093908071255773,0.07268528700241918,0.020892896415218826,-0.3223238239781631,3,2022-2024
Adbert Alzolay,640470,R,122.0,4.0,25.242012656274113,0.2951468405746777,0.8439064560339441,85.11024077789783,0.0503164068529094,0.08195709214384936,0.025312548232751964,-0.0895209044382832,3,2021-2023
Wes Parsons,641149,R,89.0,1.0,27.0,0.4070242564102564,0.5806807017543859,83.89999999999999,0.0898876404494382,0.033707865168539325,0.0449438202247191,-0.6770461563221494,1,2023-2023
Pablo López,641154,R,326.0,4.0,27.0,0.26506150045101085,0.46700725881738364,80.23770881989455,0.07129076278763351,0.07566702743400311,0.024375323514187565,0.2723440182434901,4,2021-2024
Tyler Alexander,641302,L,470.0,7.0,26.332244601705675,0.26189974212724587,0.4500475443933525,82.38931040629333,0.07976773725276719,0.061985120667755404,0.014480130647795318,0.20752874640410868,4,2021-2025
Shaun Anderson,641312,R,35.0,2.0,18.081032947462155,0.28680963688532707,0.4026214010092015,88.1249933214604,0.0730186999109528,0.0365093499554764,0.0,-0.06205136444240785,2,2021-2024
Bryan Baker,641329,R,117.0,5.0,25.063043478260873,0.25545916796881823,0.6589468348583005,85.23411697722568,0.08757763975155279,0.11449275362318839,0.01884057971014493,0.2030264050359064,3,2022-2025
Phil Bickford,641360,R,83.0,5.0,17.68653860307647,0.24561870143028874,0.3214660189887392,81.04890459017197,0.018988739236034443,0.10245087215720909,0.05387502759991167,0.6351315511827272,2,2021-2023
Jake Brentz,641394,L,4.0,1.0,8.0,0.40199999999999997,0.616,103.05,0.5,0.0,0.0,-1.6480810192245168,1,2021-2021
Connor Brogdon,641401,R,119.0,6.0,23.307361002349253,0.2910893039883961,0.8165249748293993,81.55021238224056,0.06130439646492897,0.07998657567960622,0.0,0.08605498472378821,3,2021-2025
Alan Busenitz,641427,R,23.0,1.0,23.0,0.3089420289855073,0.8031231884057972,87.5,0.08695652173913043,0.08695652173913043,0.0,-0.15162237887433755,1,2023-2023
Daniel Castano,641447,L,47.0,1.0,27.0,0.2621226428571429,0.37439999999999996,80.35625,0.06382978723404255,0.06382978723404255,0.02127659574468085,0.38540187227188455,1,2021-2021
Nestor Cortes,641482,L,160.0,2.0,27.0,0.2008327295806424,0.43477002673250265,82.94211639040027,0.0736429204099709,0.10919903833987095,0.013665696570922438,0.5975736940622398,2,2021-2022
Tyler Danish,641501,R,21.0,1.0,21.0,0.18016666666666667,0.32875,79.28571428571429,0.09523809523809523,0.09523809523809523,0.0,0.6755484189945079,1,2022-2022
Dane Dunning,641540,R,228.0,4.0,25.92833805271183,0.23381676345494212,0.3825897525295564,81.62216660804768,0.052784433311551596,0.06883032019167938,0.01597328105714078,0.4495022010205356,3,2021-2024
Matt Foster,641582,R,24.0,3.0,8.0,0.18657142857142858,0.27085714285714285,80.88000000000001,0.16666666666666666,0.0,0.0,0.20605042137817442,1,2021-2021
J.P. France,641585,R,58.0,1.0,27.0,0.23397713095238099,0.5158095238095238,82.94166666666666,0.06896551724137931,0.08620689655172414,0.017241379310344827,0.37592220917381935,1,2025-2025
Trevor Gott,641627,R,89.0,4.0,22.241638630516523,0.29338692968173724,0.600039670402821,76.64399699393329,0.032060162279833763,0.05600633287156145,0.0,0.18871932359565502,2,2022-2023
Conner Greene,641632,R,38.0,2.0,19.0,0.35642263636363636,0.43400000000000005,83.17692307692307,0.07894736842105263,0.05263157894736842,0.05263157894736842,-0.1400515651767871,1,2021-2021
Ian Hamilton,641656,R,59.0,4.0,17.3319046544853,0.31591281299345814,0.6319341046050724,82.93441110860466,0.0521091811414392,0.07060681254229641,0.0,0.014073748568410283,2,2023-2024
Brent Honeywell,641703,R,28.0,1.0,27.0,0.3706493506493507,0.5356753246753246,81.06875,0.14285714285714285,0.0,0.0,-0.654827407358485,1,2024-2024
Dakota Hudson,641712,R,221.0,3.0,27.0,0.3212331498503697,0.4465645971335521,81.93130981644646,0.08404046997389034,0.03484007832898172,0.02872062663185378,-0.1773417026905636,3,2021-2023
Joe Jiménez,641729,R,131.0,8.0,16.181668558456302,0.2722284318060203,0.34414754927252095,83.38068940796941,0.06980703745743475,0.05777525539160046,0.038138479001135074,0.1630487714707334,3,2021-2024
Anthony Kay,641743,L,24.0,2.0,12.0,0.38928572422815283,0.7858578754578754,80.89999999999999,0.08333333333333333,0.041666666666666664,0.041666666666666664,-0.6015980428068677,1,2023-2023
Brad Keller,641745,R,40.0,3.0,19.342943854324737,0.22800928174001012,0.32825814555498856,79.46283530041379,0.025290844714213456,0.08952959028831563,0.025290844714213456,0.6514775248312188,2,2022-2025
Tyler Kinley,641755,R,128.0,8.0,15.652377699343427,0.3029140431961621,0.5508776163744867,86.03647834290267,0.06956620744620287,0.05055220311966297,0.012524194466583172,-0.11148738075844036,3,2021-2025
Chad Kuhl,641771,R,89.0,3.0,23.53716814159292,0.39017895096124505,0.6985613761414052,82.27589681928947,0.09314159292035397,0.05243362831858407,0.03584070796460177,-0.5065513917228313,2,2021-2022
Eric Lauer,641778,L,320.0,5.0,27.0,0.30980654194813834,0.46561999262639486,81.49901078708035,0.06334773435145183,0.047272179242439455,0.02863458253792826,-0.02765246526502798,4,2021-2025
Zack Littell,641793,R,268.0,5.0,27.0,0.38609978762852015,0.7703177906431811,85.41361657216684,0.09307255034203682,0.05568937277194334,0.01609018209846806,-0.5736179728352456,4,2021-2025
Tyler Mahle,641816,R,160.0,2.0,27.0,0.31649669923496804,0.5966308179831643,84.46446837142005,0.0669256577785626,0.0580964153275649,0.01642239095885573,-0.0907264946755246,2,2021-2025
Tim Mayza,641835,L,141.0,9.0,16.565400843881857,0.31360445086126343,0.6192628571189376,83.5751247165533,0.10337552742616034,0.07625075346594336,0.012557765722322685,-0.09701861226085941,5,2021-2025
Keynan Middleton,641871,R,21.0,1.0,21.0,0.44181266216216225,0.6594648648648648,74.1125,0.09523809523809523,0.0,0.047619047619047616,-0.8413671177501553,1,2023-2023
Patrick Murphy,641907,R,33.0,3.0,11.0,0.28170154545454545,0.5308333333333334,90.55454545454546,0.12121212121212122,0.12121212121212122,0.030303030303030304,0.21450164351546996,1,2021-2021
Bailey Ober,641927,R,499.0,6.0,26.999999999999996,0.24979852642187386,0.5159433957398102,80.60529002464371,0.06721745407876795,0.0737146065613219,0.01069490120585011,0.31372705533091466,4,2022-2025
Emilio Pagán,641941,R,203.0,14.0,15.030181086519116,0.2943978162061685,0.49647437904252095,83.88051388118487,0.08826291079812207,0.06096579476861167,0.022535211267605635,-0.04271592523699522,5,2021-2025
Daniel Robert,642016,R,21.0,1.0,21.0,0.22525,0.5840000000000001,78.8875,0.047619047619047616,0.09523809523809523,0.0,0.6145651720979888,1,2024-2024
Josh Rogers,642028,L,86.0,1.0,27.0,0.3813297189788659,0.6515929513048158,84.0969696969697,0.11627906976744186,0.03488372093023256,0.03488372093023256,-0.4571168379382556,1,2021-2021
Tayler Saucedo,642048,L,50.0,5.0,11.445975443383357,0.12797227830832195,0.3040819463392451,85.35919357283613,0.04065484311050477,0.10368349249658934,0.0,1.0061240865979082,2,2023-2024
Jordan Sheffield,642068,R,48.0,3.0,16.0,0.31309926315789477,0.5458245614035088,83.125,0.0625,0.0625,0.041666666666666664,0.04195437757810974,1,2021-2021
Gabe Speier,642100,L,194.0,12.0,16.54986554425348,0.24111663728546678,0.5205157715755541,82.65248754822869,0.05906699403717992,0.09505436688881093,0.01620484040687478,0.4516636071449051,4,2021-2025
Cole Sulser,642121,R,53.0,3.0,23.3686327077748,0.280193760182685,0.4534982981334096,82.14653255591594,0.11503777723616865,0.048744820862783325,0.024372410431391663,-0.003101802787723293,2,2021-2025
Blake Taylor,642130,L,28.0,2.0,14.000000000000002,0.5271017333333333,0.8946770833333334,78.675,0.03571428571428571,0.0,0.03571428571428571,-0.9544952099658891,1,2021-2021
Lou Trivino,642152,R,105.0,7.0,14.63428131466243,0.34491983183460745,0.6902140842176498,81.32048899562974,0.055290890717482305,0.07636783600404215,0.04128771473942543,-0.0707064884550573,3,2021-2025
Taylor Widener,642203,R,86.0,4.0,22.673045315801833,0.1905589972849981,0.3047870120090024,80.45653695916667,0.0683258980981451,0.04555059873209673,0.012679032636769194,0.5593386221031581,2,2021-2022
Devin Williams,642207,R,151.0,9.0,16.929737055355297,0.33557479643845134,0.5286717057404459,78.11980370017926,0.06329113924050633,0.0540699136557968,0.04007041663173778,-0.09494438872696838,4,2022-2025
Allan Winans,642216,R,83.0,1.0,27.0,0.3903314670619236,0.6386655478345871,80.40357142857144,0.07228915662650602,0.024096385542168676,0.024096385542168676,-0.5506035941914539,1,2023-2023
Jimmy Yacabonis,642231,R,35.0,1.0,27.0,0.400779,0.4453333333333334,82.11666666666666,0.02857142857142857,0.05714285714285714,0.08571428571428572,-0.36594681566252607,1,2022-2022
Ryan Yarbrough,642232,L,199.0,3.0,27.0,0.34151760838525297,0.5705946482073113,82.82599256112543,0.09705189636969057,0.041338422805165274,0.008933647364574028,-0.2805088966443484,3,2021-2024
Rob Zastryzny,642239,L,31.0,4.0,9.112582781456954,0.14248344370860927,0.31539999999999996,76.32119205298014,0.029801324503311258,0.059602649006622516,0.0,0.8866864371559732,2,2022-2025
Gregory Soto,642397,L,179.0,12.0,16.41263193985257,0.322397006036784,0.4849692311031853,80.68087715372816,0.061273969583425174,0.07266181764749101,0.02924105502902065,0.07650029247060959,4,2022-2025
Gerson Garabito,642520,R,35.0,1.0,27.0,0.22052620000000003,0.17016666666666666,72.11666666666666,0.0,0.05714285714285714,0.05714285714285714,0.8217354353394077,1,2024-2024
Jonathan Loáisiga,642528,R,73.0,5.0,14.57352798053528,0.2329970527591241,0.34415686131386863,77.60472445255475,0.05985401459854015,0.05343065693430657,0.012554744525547445,0.4568996261685068,2,2021-2022
Jaime Barria,642545,R,25.0,2.0,12.5,0.1668888888888889,0.227625,75.10909090909091,0.08,0.04,0.0,0.7230002337376759,1,2022-2022
Jonathan Hernández,642546,R,64.0,5.0,12.983853606027987,0.3774256012438703,0.8205451291711519,87.70161463939719,0.1377825618945102,0.06512378902045209,0.014531754574811625,-0.6950209044872095,2,2022-2023
Freddy Peralta,642547,R,195.0,3.0,26.999999999999996,0.26217961268424966,0.526407637256968,83.05625776977536,0.07820495997900535,0.07151292481301666,0.010759742815903422,0.18754534794876404,3,2022-2025
Dennis Santana,642701,R,175.0,12.0,15.336834837500621,0.25649381801662124,0.4357435051883333,82.75134426652404,0.048675839621245755,0.07671253143956208,0.028850421660008882,0.3260999407828192,4,2021-2025
Domingo Acevedo,642758,R,71.0,4.0,17.696381674934344,0.3789450599413964,0.5490459566730432,81.91547310060972,0.053399474759264674,0.015757222060110883,0.02830463962649548,-0.35989098025163213,2,2021-2022
Julian Fernández,642759,R,59.0,4.0,14.26670919271387,0.3669558037132972,0.8051311371667527,89.05007948320727,0.15500744205826067,0.0850520944078248,0.030406123750797362,-0.5754550893160413,2,2021-2025
Javy Guerra,642770,R,40.0,3.0,13.370722433460076,0.2785673968253969,0.33066440340394715,86.49722558810012,0.1520912547528517,0.023356871265616513,0.046713742531233025,-0.16532909304672785,2,2021-2022
Adam Cimber,643256,R,75.0,7.0,10.802653514865243,0.3094249152445848,0.5292396869772396,82.10922346154358,0.13170325090302862,0.041956098916365654,0.011947763267574327,-0.14860068361698694,2,2021-2022
Chad Green,643338,R,121.0,7.0,17.030617564813497,0.3241491540431539,0.6597942864012745,80.75637835551814,0.07635432958908006,0.07080904308261056,0.01564055168491398,-0.006769717485586928,3,2021-2024
Kevin Herget,643361,R,92.0,2.0,23.8186638388123,0.27831672205517105,0.49139093649557264,85.44475079533403,0.09402615765288089,0.04630611523506539,0.0,-0.04374685007127748,2,2022-2025
Griffin Jax,643377,R,198.0,10.0,17.355729719432876,0.27132097235148445,0.4606274288668851,83.62366548872792,0.07837374479549349,0.06253571720140419,0.020654747326312353,0.10353930444322913,5,2021-2025
Mark Leiter Jr.,643410,R,136.0,8.0,19.24014097923414,0.3772077119610085,0.6558468279672318,83.05285018214148,0.09220803962659554,0.0718232044198895,0.048866450752524285,-0.42507898685005174,4,2022-2025
Austin Pruitt,643493,R,22.0,2.0,11.0,0.3156110476190476,0.5125333333333335,89.13333333333333,0.09090909090909091,0.045454545454545456,0.045454545454545456,-0.365627276357304,1,2022-2022
Tyler Rogers,643511,R,184.0,12.0,15.573604126370084,0.31317828030735934,0.4174143442444081,82.97106714562034,0.08982591876208897,0.038607350096711804,0.025145067698259187,-0.1477730390851118,5,2021-2025
Sandy Alcantara,645261,R,266.0,3.0,27.0,0.316007853436798,0.5133554015296957,84.78464271415304,0.11125206839492555,0.048648648648648644,0.018146718146718147,-0.23092164358794193,3,2021-2025
Enmanuel De Jesus,646241,L,58.0,1.0,27.0,0.4379985,0.5814,79.955,0.08620689655172414,0.034482758620689655,0.06896551724137931,-0.732889293678152,1,2023-2023
Jhonathan Díaz,646242,L,89.0,1.0,27.0,0.42374072608068264,0.707276945560833,82.721875,0.06741573033707865,0.033707865168539325,0.02247191011235955,-0.48242942778128045,1,2021-2021
Zach Pop,647315,R,64.0,4.0,17.17434869739479,0.16893500617902474,0.2796907147628591,81.96169672678691,0.04676018704074816,0.10788243152972612,0.014362057448229791,0.9129773770435053,2,2021-2022
Michael Soroka,647336,R,124.0,5.0,22.16373100901882,0.19185954348001535,0.33570198535197626,82.35816233884148,0.060286907572180866,0.09260940621027781,0.016524423461049573,0.7204056854718744,2,2024-2025
Alex Wells,649144,L,80.0,1.0,27.0,0.33162051778656126,0.5047886473429952,85.27931034482758,0.125,0.025,0.025,-0.29893571276242364,1,2021-2021
Norge Ruiz,650204,R,14.0,1.0,14.0,0.9585,1.5571944444444443,95.14999999999999,0.21428571428571427,0.0,0.0,-3.668832073289045,1,2022-2022
Luís Madero,650347,R,67.0,1.0,27.0,0.5141521400398159,0.8432338925771876,85.45,0.11940298507462686,0.0,0.05970149253731343,-1.2204032403472758,1,2021-2021
Darwinzon Hernández,650382,L,15.0,1.0,15.0,0.4643585,0.337,88.95,0.13333333333333333,0.0,0.06666666666666667,-0.9286213756064324,1,2021-2021
Bryan Garcia,650530,R,120.0,2.0,27.0,0.31386748452203433,0.45034314345859383,83.69190609219741,0.06157354618015964,0.06678612151816257,0.04039745886952272,-0.02223262043073376,2,2021-2022
Bryan Abreu,650556,R,141.0,8.0,18.903526347425366,0.2025885276163761,0.39007984371869364,84.11781037035495,0.045582047685834494,0.09527148867962332,0.020136245241434585,0.5930556668184631,4,2022-2025
Michael King,650633,R,377.0,7.0,26.617375393214772,0.3920256897861026,0.6221099662024043,81.37403214477365,0.07136143174042185,0.04049328871677256,0.03635748392675865,-0.4763329561192521,4,2021-2025
Aaron Civale,650644,R,480.0,7.0,27.0,0.2557563325645207,0.4640896547765945,81.37165397765125,0.07800680130474011,0.06641682281907142,0.012353390242209732,0.25384471058220776,5,2021-2025
Humberto Mejía,650668,R,76.0,1.0,27.0,0.26003585,0.39066666666666666,77.4448275862069,0.02631578947368421,0.06578947368421052,0.013157894736842105,0.5340201175741808,1,2021-2021
José Quijada,650671,L,131.0,6.0,21.273955012398158,0.37924268100045544,0.7862198538788522,81.0156508038439,0.06044102019128586,0.06894261424017002,0.05791710945802337,-0.40391644802285065,3,2021-2024
Génesis Cabrera,650893,L,146.0,10.0,15.923146260011231,0.40993578781661927,0.8252483586280086,83.76779754069851,0.11126872949729587,0.04956113130596684,0.02916925259331501,-0.733682625416254,4,2021-2025
Diego Castillo,650895,R,114.0,7.0,19.269606392423793,0.21757974174177402,0.3523122090989803,84.13589396693864,0.10846404261615863,0.08005327019828352,0.018496596626220774,0.38532033345810307,3,2021-2024
Cristopher Sánchez,650911,L,338.0,6.0,26.605064949241353,0.21438718785998048,0.3249147506787406,79.72353724845803,0.053596768911690865,0.07040716079030675,0.010151730160462832,0.604546638345007,5,2021-2025
Marcos Diplán,650959,R,63.0,3.0,21.0,0.3364302291666667,0.7192335858585859,82.565,0.06349206349206349,0.06349206349206349,0.015873015873015872,-0.045368303960954454,1,2021-2021
Daniel Duarte,650960,R,24.0,1.0,24.0,0.23281716666666666,0.21599999999999997,76.2,0.041666666666666664,0.041666666666666664,0.041666666666666664,0.42515405213522517,1,2023-2023
Manuel Rodríguez,655889,R,69.0,4.0,17.080700995240157,0.41286344938395325,0.7135559281696234,85.98796664175288,0.06490696668109044,0.04716572912159238,0.03504976200778884,-0.6511596515109211,2,2022-2024
Albert Abreu,656061,R,23.0,2.0,11.766544117647062,0.43752826286764707,0.6263768382352942,97.22159926470589,0.16819852941176472,0.0,0.0,-1.1561987183133273,2,2021-2022
Charlie Barnes,656212,L,121.0,2.0,27.0,0.3540772782369146,0.4783801652892562,83.8195652173913,0.0743801652892562,0.04132231404958677,0.049586776859504134,-0.20912975680068702,1,2021-2021
Jalen Beeks,656222,L,50.0,4.0,13.151898734177214,0.3452119686558167,0.826254465277117,85.49335619172871,0.08634719710669078,0.06374321880650995,0.018535262206148283,-0.3687635395710328,2,2024-2025
Jake Bird,656234,R,134.0,8.0,17.333476733347673,0.2594991611294707,0.3644774903123513,76.6161719366172,0.06087330608733062,0.058292105829210586,0.024844052484405247,0.3623997791917254,3,2022-2024
Scott Blewett,656240,R,80.0,3.0,26.666666666666668,0.3388201764705882,0.49061000000000005,82.344,0.0625,0.05,0.05,-0.19992963384080636,1,2024-2024
Jeff Brigham,656257,R,40.0,3.0,13.333333333333336,0.22763822222222227,0.32520000000000004,79.14,0.0,0.075,0.025,0.6141471181954588,1,2022-2022
Brock Burke,656271,L,113.0,7.0,16.913349033680984,0.38521552994556724,0.6699836666542061,85.99439476227856,0.12089267690927441,0.06358640798474822,0.006055848379499831,-0.5049839496863148,4,2022-2025
Griffin Canning,656288,R,200.0,2.0,27.0,0.32654786245154244,0.5410438622995387,81.19591265784699,0.08544282321004411,0.044994910078045465,0.020223956565999318,-0.1915844119267601,2,2023-2024
Dylan Cease,656302,R,475.0,5.0,27.0,0.30057437495581185,0.513118297496814,82.3275685284829,0.050279995234123666,0.06201596568569044,0.026271893244370306,0.060590293578056224,5,2021-2025
Sam Coonrod,656322,R,32.0,2.0,16.0,0.19078616666666667,0.14633333333333334,73.14999999999999,0.0,0.0625,0.03125,0.9429449033719618,1,2021-2021
Tucker Davidson,656353,L,163.0,4.0,24.96086956521739,0.3189683755172829,0.4163188535469108,85.92189650715417,0.09427917620137301,0.028466819221967966,0.0397254004576659,-0.3222986153476519,3,2022-2024
Austin Davis,656354,L,13.0,1.0,13.0,0.9746408661616162,2.012562962962963,95.7,0.15384615384615385,0.0,0.07692307692307693,-3.512715445474122,1,2021-2021
Tommy Doyle,656382,R,71.0,2.0,27.0,0.4853588829993536,1.079609768009768,86.75909090909092,0.11267605633802817,0.056338028169014086,0.056338028169014086,-1.2186869785769074,1,2023-2023
J.P. Feyereisen,656420,R,47.0,2.0,23.5,0.1639,0.3375714285714286,85.55454545454546,0.0851063829787234,0.06382978723404255,0.0,0.612494520917811,1,2021-2021
Jack Flaherty,656427,R,344.0,7.0,26.431736883942765,0.3568623652374733,0.6756911220429249,80.63874230017493,0.06104928457869634,0.06347376788553259,0.020588235294117643,-0.20906440022512995,5,2021-2025
Tyler Gilbert,656457,L,147.0,5.0,26.420419081587163,0.33788022346585744,0.45924488886058223,82.13046422202409,0.07237330955565464,0.05543171347897162,0.04190815871600535,-0.1639215585284673,2,2024-2025
Lucas Gilbreath,656458,L,58.0,3.0,19.333333333333332,0.11346153846153847,0.23300000000000004,71.46470588235294,0.0,0.10344827586206896,0.0,1.444362121063237,1,2021-2021
Kevin Ginkel,656464,R,79.0,7.0,11.263067202757036,0.1965280107218074,0.4681268428106452,85.41584731242975,0.1198544897568447,0.1169825770629906,0.0,0.5092396050150004,3,2022-2024
Sam Hentges,656529,L,97.0,5.0,19.72463023829088,0.2940015323646366,0.4847595863025197,85.02668036154476,0.07395234182415776,0.050944946589975344,0.008833196384552176,-0.018677083817013905,3,2021-2023
Jeff Hoffman,656546,R,185.0,9.0,21.901021468582872,0.2754470858403166,0.4151774685490753,82.75655260689936,0.07687628317238233,0.06235267280054749,0.036955364611056196,0.1091119978880717,4,2021-2025
Grant Holmes,656550,R,74.0,2.0,27.0,0.09879636842105263,0.159,80.02105263157895,0.02702702702702703,0.12162162162162163,0.013513513513513514,1.4597725617941866,1,2024-2024
Tanner Houck,656557,R,253.0,5.0,26.160051216389245,0.28713311335559244,0.4753632188609799,84.10151401600622,0.08032886313093873,0.06799649572073589,0.016443156546937125,0.05586699682039027,3,2021-2024
Andre Jackson,656578,R,157.0,3.0,27.0,0.2636774605421781,0.3915175503177531,84.69391512742578,0.08323591302314708,0.04968435819499649,0.0204582651391162,0.09067805274126424,3,2021-2023
Mitch Keller,656605,R,500.0,6.0,26.999999999999996,0.37789843845907856,0.6909738898323766,81.5865233349553,0.07123031436674107,0.0576841851203765,0.03544922464249079,-0.35637710546243473,5,2021-2025
Michael Kopech,656629,R,123.0,5.0,20.389978213507625,0.19222010101010106,0.3070309737301716,82.50920315688857,0.056298276886512184,0.1062091503267974,0.024955436720142603,0.8038196298631339,2,2021-2024
Alex Lange,656638,R,127.0,8.0,16.079816513761468,0.25265114857142856,0.3752719901199717,84.57260052579741,0.0923076923076923,0.06182074805928016,0.017078334509527168,0.18492065016542947,3,2021-2023
Jacob Latz,656641,L,146.0,3.0,27.0,0.3546863820369109,0.6626623202640983,80.01082973756232,0.06431152147731833,0.06969088719389803,0.016138097149739062,-0.13490301496578813,2,2023-2025
Jordan Luplow,656669,R,3.0,1.0,8.0,0.057,0.081,74.4,0.0,0.0,0.0,1.0651715878874473,1,2023-2023
Brett Martin,656685,L,37.0,3.0,12.333333333333334,0.32386183333333335,0.46338888888888896,78.47692307692309,0.05405405405405406,0.05405405405405406,0.02702702702702703,0.14430487449820256,1,2021-2021
Trevor Megill,656730,R,81.0,6.0,13.38688801350591,0.25922306008851814,0.5421490073534156,87.36305420334685,0.09960607765897582,0.08610016882386044,0.008066028887638342,0.21069990551533407,4,2021-2025
Tylor Megill,656731,R,307.0,5.0,26.043718871057,0.2848466359138412,0.5307559238746955,82.50746466091135,0.07677214871459476,0.07229461186295717,0.01715550636413946,0.09807377567551537,4,2021-2024
Jordan Montgomery,656756,L,252.0,3.0,27.0,0.34244962407725515,0.5706071170753712,82.45976476468397,0.08769307424015944,0.052245711438536555,0.022563883550430635,-0.22198257554288284,3,2021-2023
Nick Nelson,656793,R,112.0,3.0,25.161123110151188,0.37298199398116766,0.5515807369307689,80.32002346019216,0.07933765298776098,0.0367170626349892,0.04262059035277178,-0.4097519878132286,2,2022-2023
James Norwood,656803,R,6.0,1.0,8.0,0.20666666666666667,0.261,82.9,0.0,0.0,0.0,0.3995080953230131,1,2021-2021
Luis Ortiz,656814,R,52.0,3.0,17.4314381270903,0.24505823928651058,0.4999752508361204,79.53479152731326,0.0765886287625418,0.09899665551839464,0.01806020066889632,0.42615250960164963,2,2022-2023
Connor Overton,656818,R,49.0,1.0,27.0,0.161,0.25958333333333333,81.07083333333334,0.10204081632653061,0.06122448979591837,0.0,0.6156882546908206,1,2022-2022
Michael Petersen,656848,R,61.0,4.0,15.36106032906764,0.5214210897875777,0.7913159729603332,82.6384687828929,0.11809872029250457,0.018281535648994516,0.029981718464351003,-1.284877364202172,2,2024-2025
David Peterson,656849,L,273.0,5.0,26.05485007966781,0.28184247137547236,0.3808217500282538,77.93574988343282,0.045145091980107195,0.06759692916807493,0.03447443387571822,0.31619318474849956,4,2022-2025
Drew Rasmussen,656876,R,236.0,5.0,27.0,0.24492386419734333,0.40208376147296104,85.7087591020495,0.11196540124939931,0.05922633349351274,0.01201345506967804,0.12835474337827812,4,2021-2025
Tanner Scott,656945,L,213.0,11.0,19.651110828726946,0.3129673288268642,0.44226565946284485,81.85642629814433,0.05807230446661161,0.061058517059533655,0.040917466166846696,-0.022334922657718952,4,2022-2025
Justus Sheffield,656954,L,99.0,1.0,27.0,0.3987445746753247,0.5656255980861244,84.12352941176471,0.13131313131313133,0.04040404040404041,0.050505050505050504,-0.6918573468582009,1,2022-2022
Peter Solomon,656981,R,64.0,1.0,27.0,0.43624956907894735,0.5307061403508772,85.048,0.109375,0.015625,0.046875,-0.6967239861229089,1,2021-2021
Bennett Sousa,656986,L,25.0,2.0,12.5,0.15903787878787878,0.41821590909090905,79.28333333333333,0.08,0.08,0.0,0.700273326754213,1,2023-2023
Justin Steele,657006,L,221.0,3.0,27.0,0.24983085569052182,0.47425184730629244,79.49669454901921,0.09415654423920077,0.06820958815496299,0.00790627470710846,0.3056136872399429,3,2021-2024
Erik Swanson,657024,R,136.0,8.0,17.09521553765988,0.21737528087482272,0.4665732813447502,79.96447477498816,0.10101847465656087,0.08585978209379441,0.013027001421127426,0.4097774258372357,4,2021-2024
Ryan Thompson,657044,R,74.0,7.0,10.683620828631307,0.2987083071579113,0.5064010795568642,74.48692913567169,0.10172497178784458,0.0778655489279381,0.0,0.2439481211097834,3,2023-2025
Touki Toussaint,657053,R,85.0,1.0,27.0,0.3232616111111111,0.43736363636363634,85.22399999999998,0.08235294117647059,0.047058823529411764,0.03529411764705882,-0.23682016304719128,1,2023-2023
Spenser Watkins,657093,R,146.0,4.0,25.721621621621622,0.3464867590122056,0.5247787657098092,86.03374697554698,0.10202702702702704,0.04810810810810811,0.021891891891891894,-0.33448131948053433,2,2021-2022
Jacob Webb,657097,R,192.0,11.0,17.756448113102028,0.1999400552628831,0.37011664060991845,80.31580422526565,0.07992752164284274,0.08704113817864571,0.012482383732635391,0.6380084756245278,4,2021-2025
Kyle Wright,657140,R,126.0,2.0,27.0,0.3281485557516529,0.49099787575374465,83.06023318415868,0.06825331691971001,0.05881548351798659,0.025714676514840648,-0.093861139189409,2,2022-2023
Julian Merryweather,657240,R,85.0,5.0,16.95263690893511,0.2534306368846996,0.43700878969645035,83.46353119887823,0.12292591727039028,0.08716989950923112,0.010049076887123158,0.29461036704978766,2,2021-2023
Glenn Otto Jr.,657248,R,216.0,3.0,27.0,0.33888811913890343,0.6367196198238042,83.07215270729911,0.08650077476984777,0.06690365509069365,0.018685625740588827,-0.2082113693350166,2,2021-2022
Peter Strzelecki,657265,R,17.0,2.0,8.5,0.2702060606060606,0.4779818181818182,87.05,0.0588235294117647,0.0,0.0,-0.12924627989185988,1,2022-2022
Erich Uelmen,657272,R,9.0,2.0,8.0,0.104,0.18066666666666667,74.325,0.0,0.1111111111111111,0.0,1.4026393988155037,1,2022-2022
Logan Webb,657277,R,453.0,5.0,27.0,0.2386392855793871,0.4056296807484531,84.24742020484551,0.07840823119987894,0.06500226963231957,0.012437585111211982,0.30373442592011357,3,2021-2025
Clarke Schmidt,657376,R,280.0,5.0,26.30985037406484,0.3082259082337403,0.529949428828181,81.4412392342615,0.08272587761365817,0.06200844043736812,0.030117015154421643,-0.04432751175748648,3,2022-2024
Matt Gage,657424,L,12.0,1.0,12.0,0.296,0.6735000000000001,81.78,0.16666666666666666,0.08333333333333333,0.0,-0.10569793205819548,1,2025-2025
Mike Baumann,657508,R,116.0,2.0,27.0,0.38269931995397094,0.7086849238856529,87.00791493962878,0.09860335195530727,0.04162011173184357,0.04189944134078213,-0.7213681024250505,2,2022-2024
Brennan Bernardino,657514,L,24.0,3.0,8.0,0.20768421052631575,1.0273684210526317,85.66,0.08333333333333333,0.125,0.0,0.3202575591256073,1,2023-2023
Caleb Ferguson,657571,L,162.0,9.0,18.093525179856115,0.27718436034520344,0.4047376186824835,81.17149285346258,0.07996361531464483,0.061605887703630194,0.02166542627966592,0.15640472575625808,4,2022-2025
Reed Garrett,657585,R,117.0,3.0,26.47334617854849,0.2757124309825477,0.40519673969409364,79.47138937058446,0.026075786769428393,0.06936416184971099,0.03660886319845858,0.3013846187799918,3,2022-2024
Tim Hill,657612,L,107.0,9.0,14.032217573221757,0.30778407335261815,0.39149526032188803,88.77304628735591,0.12273361227336123,0.03138075313807532,0.037656903765690385,-0.3365305459540854,4,2021-2025
Jared Koenig,657649,L,103.0,5.0,18.66285052739902,0.15813408221544342,0.22445227682016974,78.77878055055311,0.03138667352714175,0.06766143555441213,0.010547980447645997,0.8937862156556404,3,2022-2025
Joe Ryan,657746,R,342.0,4.0,27.0,0.2649290865206996,0.5426133366518122,80.15589303728399,0.06313440672033602,0.08527301365068253,0.013431921596079803,0.3326628089092577,4,2021-2025
Connor Seabold,657756,R,95.0,2.0,27.0,0.2588218695652174,0.3800588235294118,76.75,0.05263157894736842,0.05263157894736842,0.010526315789473684,0.33658685523253384,1,2023-2023
Adonis Medina,658431,R,17.0,1.0,17.0,0.24125,0.652,89.98571428571428,0.17647058823529413,0.11764705882352941,0.0,0.2422096924698222,1,2021-2021
Junior Fernández,658551,R,72.0,3.0,24.0,0.3205697142857143,0.2455,80.16666666666667,0.027777777777777776,0.027777777777777776,0.05555555555555555,0.04034552313638043,1,2022-2022
Pedro Avila,658648,R,196.0,3.0,27.0,0.25458338634647887,0.4445893291454394,80.68635682865055,0.07201450651929885,0.07322338312753648,0.02400483550643295,0.3534600133262616,3,2021-2024
Dinelson Lamet,659275,R,96.0,4.0,23.85717405547063,0.2966545442807466,0.3834018344616729,77.73151187096371,0.011792967896920727,0.07534396156366019,0.06355099366673946,0.29037093266687936,2,2021-2022
Shintaro Fujinami,660261,R,45.0,2.0,22.5,0.2776806,0.2327142857142857,77.01764705882353,0.044444444444444446,0.022222222222222223,0.044444444444444446,0.129082148446449,1,2023-2023
Shohei Ohtani,660271,R,158.0,2.0,27.0,0.2240640390852365,0.43007707538778345,81.03937367337241,0.0365911610961508,0.08902265167115476,0.004276888959290353,0.599889336038187,2,2022-2025
Denyi Reyes,660593,R,47.0,1.0,27.0,0.3569919166666667,0.511,79.125,0.0851063829787234,0.0425531914893617,0.02127659574468085,-0.2656247877441359,1,2023-2023
Enoli Paredes,660600,R,9.0,1.0,9.0,0.020666666666666667,0.044,83.63333333333334,0.1111111111111111,0.2222222222222222,0.0,2.0883344082801,1,2024-2024
Huascar Ynoa,660623,R,80.0,1.0,27.0,0.36972800570926656,0.7430343340234644,83.82,0.1,0.075,0.025,-0.21037176576630728,1,2021-2021
Elvin Rodríguez,660730,R,94.0,1.0,27.0,0.46347460242914984,0.9052072563064467,80.03076923076922,0.06382978723404255,0.05319148936170213,0.02127659574468085,-0.7787625760223899,1,2022-2022
José Suarez,660761,L,316.0,5.0,26.230145867098862,0.29810160776873074,0.4826707365191171,84.17748902921683,0.08919165316045381,0.05485210696920584,0.023298217179902755,-0.07429445794633825,5,2021-2025
Brusdar Graterol,660813,R,97.0,8.0,12.725192540258416,0.2710512503341608,0.33558478590978114,81.50379765748633,0.05193813251861753,0.035898415123162115,0.01642161542868054,0.20363356746707642,4,2021-2024
Eduard Bazardo,660825,R,161.0,9.0,19.56374458874459,0.3471520748951715,0.6331786853824323,81.84554694908267,0.06810064935064936,0.061525974025974026,0.02775974025974026,-0.20684273383455196,4,2022-2025
Enyel De Los Santos,660853,R,213.0,13.0,16.28752223286359,0.37436875657273067,0.5889561780022952,82.63450507261699,0.08899986318237789,0.04815980298262416,0.02661102750034204,-0.3975057801616177,5,2021-2025
Jorge Alcala,660896,R,192.0,9.0,22.72537503699151,0.24174987526262007,0.4958446484766116,80.90341953303438,0.05190193266407157,0.0939015229119716,0.028409478931912865,0.4797251970906913,4,2021-2025
Francisco Pérez,660906,L,25.0,2.0,12.5,0.3783171666666667,0.39239999999999997,81.22222222222223,0.04,0.0,0.04,-0.48231240823020705,1,2023-2023
Adrián Martinez,661309,R,104.0,2.0,25.566479877738157,0.3130449241114464,0.5273929604738953,81.66508720418653,0.07997962302598063,0.04584819154355579,0.018339276617422313,-0.15484138803932843,2,2022-2023
Oliver Ortega,661383,R,41.0,2.0,20.5,0.252,0.32325974025974025,87.79285714285713,0.14634146341463414,0.0,0.0,-0.12305906978155062,1,2021-2021
Jhoan Duran,661395,R,107.0,6.0,19.01958080529509,0.2067497620702335,0.4258406350957371,82.18556352270637,0.05857694429123,0.10049641478212906,0.01643684500827358,0.6478190141922833,3,2023-2025
Emmanuel Clase,661403,R,127.0,9.0,14.700068209916017,0.2641070490269761,0.4101089914324114,82.41809330954109,0.09796649187875688,0.05959841411945262,0.020974549175086326,0.095644870217446,4,2021-2024
Mauricio Llovera,661440,R,43.0,3.0,14.333333333333334,0.31363636363636366,0.4205,82.3125,0.06976744186046512,0.023255813953488372,0.0,-0.167891782871351,1,2023-2023
Luis Gil,661563,R,256.0,3.0,27.0,0.3215039434844848,0.5744193142751781,83.77619281404765,0.1057588132344362,0.03791982665222102,0.02008500708392366,-0.33735501845683263,2,2024-2025
Andrés Muñoz,662253,R,112.0,8.0,14.5361328125,0.2887862345987956,0.39529339599609375,80.25979817708333,0.04199218750000001,0.0692138671875,0.0430908203125,0.22604796960654272,5,2021-2025
Robert Suarez,663158,R,114.0,7.0,17.834685847780644,0.3471641566429267,0.5099070428935791,81.4893109532652,0.05520718062215664,0.057174474363703424,0.02655846551088159,-0.16515860338763444,4,2022-2025
Nick Hernandez,663321,R,26.0,2.0,13.0,0.5339078341658342,1.0636867132867136,94.125,0.07692307692307693,0.038461538461538464,0.07692307692307693,-1.6204093502302885,1,2025-2025
Matt Waldron,663362,R,176.0,2.0,26.999999999999996,0.3674623619010291,0.5867772620499699,82.47866254496189,0.12134525071958793,0.02878351764884108,0.02257233752461748,-0.5793669184785495,2,2023-2024
Ryan Feltner,663372,R,306.0,4.0,27.0,0.2912588289467597,0.44269235463159035,82.75960110771464,0.08587663825497203,0.043717349463843834,0.0192924571533315,-0.04019606045175558,3,2022-2024
Thomas Szapucki,663378,L,40.0,2.0,20.0,0.271832,0.2428333333333333,85.8,0.075,0.025,0.05,-0.018490922449837854,1,2022-2022
Chad Smith,663385,R,54.0,2.0,27.0,0.5861537907375644,1.1053098532494758,75.30833333333334,0.05555555555555555,0.018518518518518517,0.09259259259259259,-1.4666869292126468,1,2022-2022
Trent Thornton,663423,R,107.0,6.0,18.038939519469757,0.18835060137800153,0.3052400994200497,80.34002874645377,0.02803093068213201,0.05992819663076498,0.016708091687379176,0.6664787854623554,3,2022-2024
Tanner Rainey,663432,R,118.0,5.0,22.859044092118967,0.2533053146278533,0.5293197567147185,79.31913181987682,0.043282027543108434,0.07429695637079041,0.029279018632102766,0.3641180980088686,4,2021-2025
Davis Martin,663436,R,314.0,4.0,27.0,0.35522800138122423,0.5486156045169365,81.87222276375752,0.06760563380281691,0.051472471190781056,0.03644899701237729,-0.2616971772238195,3,2022-2025
Konnor Pilkington,663455,L,20.0,2.0,10.0,0.6451666666666667,1.5061875,92.60000000000001,0.2,0.1,0.0,-1.9881805857564347,1,2025-2025
Kris Bubic,663460,L,240.0,5.0,24.313390313390315,0.2750114760738914,0.5208751320658459,79.15079098344184,0.07412319481284999,0.06579722959033303,0.003978779840848806,0.26102466512961964,3,2021-2024
Isaiah Campbell,663462,R,46.0,3.0,15.333333333333334,0.21290050000000002,0.26649999999999996,85.36,0.06521739130434782,0.08695652173913043,0.043478260869565216,0.46817268795825157,1,2023-2023
Kolby Allard,663465,L,248.0,6.0,25.67477862779351,0.21995361921303266,0.43103121383967125,81.9751590803552,0.04891271610143968,0.07523643154026867,0.011445093669056081,0.5005942154116729,4,2021-2025
Triston McKenzie,663474,R,224.0,3.0,27.0,0.3272942960076201,0.4811750666051543,82.3570570318771,0.07416754864446796,0.03004152080110722,0.030367174143124644,-0.2220752253893688,3,2021-2023
Cole Sands,663485,R,136.0,7.0,17.487837210843775,0.2521522648151645,0.5406329915064058,83.42327539486665,0.08192483595148141,0.0642274806124478,0.018890435474249352,0.15829156839538452,3,2022-2025
Logan Allen,663531,L,42.0,1.0,27.0,0.34522916666666664,0.57618,84.31666666666666,0.16666666666666666,0.047619047619047616,0.0,-0.26324250743945354,1,2021-2021
Nash Walters,663534,R,16.0,1.0,16.0,0.28558133333333335,0.1005,83.31428571428572,0.0,0.0,0.0625,0.13667877047676552,1,2022-2022
Sean Hjelle,663546,R,205.0,5.0,25.87713031182556,0.24360742390936782,0.37949697812792255,85.8024111333642,0.0827565676862395,0.06318374637195803,0.009004986232045844,0.1589353238142286,3,2022-2024
Casey Mize,663554,R,223.0,4.0,27.0,0.27710483868251023,0.5162271924699503,83.76460566107501,0.09720202431504857,0.07562096445814671,0.009539875516258508,0.12727275196482477,3,2021-2025
Shane McClanahan,663556,L,110.0,2.0,26.999999999999996,0.33852313421709074,0.5429736853801239,85.56674452308255,0.10846899579293945,0.0433510151820011,0.009877446497164807,-0.2913621832220327,2,2021-2022
Jovani Morán,663558,L,66.0,3.0,20.75206611570248,0.27742280586458995,0.5690955371900827,80.24943314261496,0.07883026064844247,0.11315956770502225,0.013668150031786395,0.31835197786573033,2,2021-2022
Bailey Falter,663559,L,264.0,5.0,26.999999999999996,0.3509862469699964,0.5241887535580001,83.11633371152371,0.1034104616734291,0.03728478999890338,0.026263844719815764,-0.3910684908138909,3,2021-2024
Noah Davis,663562,R,118.0,2.0,27.0,0.4056567763840966,0.6528939622353614,82.26491478834525,0.0842456608811749,0.05020026702269693,0.04299065420560748,-0.5718403932217779,2,2022-2023
Peter Lambert,663567,R,58.0,1.0,27.0,0.3130726428571429,0.40699166666666664,81.04705882352941,0.10344827586206896,0.017241379310344827,0.017241379310344827,-0.0949982601890592,1,2021-2021
Stephen Kolek,663568,R,94.0,1.0,27.0,0.31943466766566764,0.45601564344746165,83.44054054054054,0.09574468085106383,0.02127659574468085,0.02127659574468085,-0.322282176917176,1,2025-2025
Tony Santillan,663574,R,118.0,8.0,14.61667231574587,0.24356106480818407,0.43950823323934407,82.16680417242783,0.07829623771325274,0.07626256920122021,0.021014574624336233,0.3584625379612159,3,2021-2025
Jake Irvin,663623,R,139.0,2.0,26.999999999999996,0.3456486268192631,0.6012113422280029,81.9669681325597,0.09518565135305222,0.06655129011957206,0.027218376337319067,-0.2176693801184822,2,2024-2025
Ethan Small,663629,L,24.0,1.0,24.0,0.2799612,0.0055,73.6,0.0,0.041666666666666664,0.08333333333333333,0.4573026120847969,1,2023-2023
Thaddeus Ward,663658,R,24.0,1.0,24.0,0.41248466666666667,0.4266666666666667,100.43333333333334,0.08333333333333333,0.041666666666666664,0.08333333333333333,-0.9695337025854507,1,2023-2023
Hogan Harris,663687,L,94.0,5.0,18.785834480648617,0.15962297914945694,0.25171275397388293,82.7225672890349,0.04382744378155117,0.10234052317576868,0.009407985314364386,0.9682293506056909,2,2024-2025
James McArthur,663704,R,47.0,2.0,23.5,0.1889090909090909,0.44283333333333336,84.16923076923078,0.0425531914893617,0.10638297872340426,0.0,0.7285898237918502,1,2023-2023
Daniel Lynch IV,663738,L,282.0,5.0,26.999999999999996,0.334113103258347,0.4878494055495189,84.2859616648426,0.10162306877126444,0.05042110547158234,0.032126722070388754,-0.21335763523899076,4,2021-2025
Cody Morris,663752,R,38.0,2.0,19.0,0.501393,0.97464,74.72142857142856,0.05263157894736842,0.05263157894736842,0.02631578947368421,-0.8234628785590244,1,2022-2022
Reiss Knehr,663753,R,88.0,2.0,27.0,0.458383931657111,0.8823220144244991,86.675,0.1590909090909091,0.05681818181818182,0.05681818181818182,-0.8703672050630265,1,2021-2021
Jake Woodford,663765,R,179.0,4.0,26.84905063291139,0.4389667910764936,0.6984619651023799,84.399838657826,0.11054852320675104,0.029535864978902947,0.01160337552742616,-0.7787553483116365,3,2021-2023
Chase Shugart,663767,R,49.0,4.0,12.615982587064678,0.3311091930488686,0.712860021966779,77.59875621890548,0.042444029850746266,0.08488805970149253,0.03824626865671642,0.07229169977813137,2,2024-2025
Bryan Hoeing,663773,R,122.0,6.0,20.118094089264172,0.4377141007212892,0.6617595128514427,85.19698594228448,0.1143546441495778,0.02448733413751508,0.032569360675512665,-0.929558072552408,3,2022-2024
Patrick Sandoval,663776,L,97.0,1.0,27.0,0.1934516923076923,0.2833684210526316,78.528125,0.041237113402061855,0.061855670103092786,0.010309278350515464,0.6632918279247008,1,2022-2022
Jackson Kowar,663804,R,131.0,3.0,26.999999999999996,0.3739261211655393,0.611764372898096,84.16507632630127,0.08771678371793035,0.04658162534040418,0.02536906980077397,-0.3823263343912385,2,2021-2023
Jordan Hicks,663855,R,52.0,2.0,24.044694435998785,0.37951373879805717,0.6209307164317684,86.76703513877429,0.13073882639100032,0.04074186682882336,0.04074186682882336,-0.6848502803044776,2,2022-2023
Nate Pearson,663878,R,93.0,5.0,18.363920473435734,0.20967258541541992,0.3489404681162312,84.00565084626126,0.07480550568521845,0.10911629762617196,0.025733093955715138,0.6672189946645346,2,2021-2024
Brendon Little,663893,L,74.0,6.0,12.614888628370457,0.27368621201190374,0.38318077975170595,81.83641692422466,0.07737397420867526,0.06799531066822978,0.02930832356389215,0.1872652252681519,2,2024-2025
Brady Singer,663903,R,350.0,5.0,26.745924715859715,0.37659017679102913,0.6353602841317679,81.46495141779496,0.08936081470925583,0.049563796878801566,0.025824615063779494,-0.40624264267223786,4,2021-2025
Tristan Beck,663941,R,186.0,6.0,23.463211079532638,0.3652617649939945,0.5927969550872331,83.05262130940842,0.09642712139667073,0.037014480985248344,0.02239815942617404,-0.4752632897435869,3,2023-2025
Tyler Holton,663947,L,129.0,8.0,16.131608548931382,0.26809135594771893,0.44927961167610647,81.17015570422119,0.08764529433820774,0.0748031496062992,0.013967004124484438,0.2521310325443388,3,2023-2025
Tyler Phillips,663969,R,38.0,3.0,12.666666666666666,0.25036336363636363,0.41590000000000005,91.67142857142858,0.13157894736842105,0.07894736842105263,0.02631578947368421,-0.02761201304660205,1,2025-2025
Chris Paddack,663978,R,176.0,3.0,26.999999999999996,0.36388023412191506,0.7290368369321967,77.39553463290441,0.06358381502890173,0.06364950078822912,0.03067524960588544,-0.21413310567331656,2,2023-2025
Trevor Stephan,663986,R,91.0,5.0,19.84853683148335,0.3074322264021251,0.5390767175993694,82.85470664552402,0.07749747729566095,0.06014127144298689,0.022199798183652877,-0.018705009126033283,3,2021-2023
Nick Vespi,663989,L,15.0,1.0,15.0,0.3805,0.48350000000000004,89.425,0.06666666666666667,0.0,0.0,-0.5764022956256704,1,2022-2022
Richard Lovelady,663992,L,55.0,3.0,21.175217048145228,0.33738389019337023,0.5215250986582478,87.53140292028412,0.10773480662983426,0.03946329913180742,0.03591160220994475,-0.45677054001748013,2,2024-2025
Thomas Eshelman,664045,R,32.0,1.0,27.0,0.44281818181818183,0.7138111888111888,91.79285714285713,0.25,0.0,0.0,-1.1631449459489145,1,2021-2021
Tony Gonsolin,664062,R,118.0,2.0,27.0,0.30771241106302205,0.607682962847816,80.5696497070817,0.07417482771128038,0.06837141820819731,0.015596663039535727,0.07374696123995111,2,2021-2022
Cody Ponce,664074,R,44.0,1.0,27.0,0.5473993214285714,1.023232142857143,90.18823529411765,0.13636363636363635,0.045454545454545456,0.045454545454545456,-1.276659633422359,1,2021-2021
Garrett Cleavinger,664076,L,60.0,5.0,13.06930693069307,0.3166425287395199,0.5661980628497632,88.69709427464485,0.12311665949203615,0.0878174773999139,0.029272492466637965,-0.21968822525389978,3,2022-2025
Sean Poppen,664092,R,84.0,6.0,14.126678342089901,0.31279959749682396,0.47566303298902757,79.02001273682535,0.040530397798348765,0.05929447085313986,0.048536402301726296,0.08856632806380062,2,2021-2022
Scott Effross,664123,R,65.0,5.0,15.812664907651714,0.3512198162421886,0.6641072187890571,82.27229071719837,0.06992084432717677,0.05408970976253298,0.032981530343007916,-0.3187547656797687,3,2021-2024
Pete Fairbanks,664126,R,78.0,6.0,12.776281331836886,0.17552732480497707,0.2509133377672473,77.59211660767217,0.04377104377104377,0.06790123456790123,0.031238309016086797,0.745863282654653,3,2021-2025
Ian Gibaut,664139,R,132.0,6.0,21.881391641043162,0.41904401178636874,0.686679413097247,80.99500340358478,0.06491288008199522,0.047716660972554385,0.030748206354629316,-0.5963305379788136,3,2022-2024
JT Brubaker,664141,R,115.0,2.0,27.0,0.36832892386873495,0.6343627700149814,86.44683474589237,0.09316770186335403,0.05440137074319983,0.01649175412293853,-0.45556280678811006,2,2022-2025
Joey Lucchesi,664192,L,227.0,3.0,26.71749816373806,0.3553962456994712,0.5754071031179231,84.58635347603898,0.10390417537713995,0.040171761116447255,0.03175320639584157,-0.4708502725662122,3,2023-2025
Tanner Anderson,664196,R,64.0,1.0,27.0,0.28622105263157893,0.3939888888888889,83.96785714285714,0.109375,0.015625,0.0,-0.045120130563667656,1,2021-2021
Taylor Clarke,664199,R,93.0,6.0,15.998073904979313,0.2939952273866221,0.5573658050863074,85.45229276644312,0.08218005421600798,0.07547439006991011,0.014267370523612497,-0.01962142850489773,3,2022-2025
Tyler Cyr,664202,R,33.0,2.0,16.5,0.182526625,0.296,82.96666666666667,0.09090909090909091,0.12121212121212122,0.030303030303030304,0.6416924217929342,1,2022-2022
Phil Maton,664208,R,246.0,14.0,17.864400297888615,0.26044252961629877,0.5149575379372755,77.18976274193773,0.06424732805989976,0.0771088702373045,0.027413803514280535,0.3370812783824847,5,2021-2025
Framber Valdez,664285,L,512.0,6.0,27.0,0.31362533832980266,0.5863683306704103,86.72569909532484,0.10272724643549178,0.07941695346617693,0.024582815166150906,-0.14746039024071977,5,2021-2025
Dauri Moreta,664294,R,109.0,8.0,13.76410273879275,0.22207856076730678,0.4891708288109658,80.72775468955807,0.06635781441613299,0.08924921651451151,0.0,0.5358237729625172,3,2021-2025
Cristian Javier,664299,R,382.0,5.0,26.999999999999996,0.2574047974699221,0.38352323953050127,82.16109742000833,0.06231603408210688,0.056816421378776134,0.024360960495739735,0.21400291287460124,4,2021-2025
Miguel Yajure,664337,R,50.0,1.0,27.0,0.5485477604938271,0.9218804012345679,88.36666666666666,0.12000000000000001,0.02,0.04,-1.2819469870995368,1,2021-2021
José Urquidy,664353,R,287.0,4.0,27.0,0.33985614099485617,0.5703770675152545,83.76881841510591,0.081282316442606,0.03964150293002413,0.030196483971044463,-0.27450815329148565,3,2021-2023
Jhon Romero,664584,R,55.0,3.0,18.333333333333332,0.2744726631393299,0.5825426219870664,81.21904761904761,0.07272727272727272,0.05454545454545454,0.0,0.2122999512824306,1,2021-2021
Alexis Díaz,664747,R,80.0,5.0,16.30552813425469,0.36147396663376113,0.2910557749259625,79.48682132280355,0.0562685093780849,0.021322803553800593,0.07462981243830208,-0.2959926049557376,3,2022-2024
Jake Cousins,664776,R,43.0,1.0,27.0,0.21971800000000002,0.3235,77.43076923076923,0.023255813953488372,0.06976744186046512,0.023255813953488372,0.6126087055575399,1,2022-2022
Danny Young,664849,L,43.0,3.0,14.333333333333334,0.38389577777777784,0.6869542857142857,90.58,0.11627906976744186,0.046511627906976744,0.046511627906976744,-0.8062542408586646,1,2024-2024
Ryan Helsley,664854,R,88.0,8.0,16.134711864406782,0.21850670960451982,0.3472955480225989,80.96242033898305,0.011118644067796607,0.09016949152542372,0.013559322033898305,0.7403535002007149,4,2022-2025
Justin Lawrence,664875,R,211.0,12.0,19.534811554953738,0.3117625186703126,0.616598912501012,82.3150473539099,0.0921400874007509,0.08346156213454792,0.022465685972794976,-0.020924337395419674,4,2022-2025
Kyle Keller,664918,R,38.0,2.0,19.0,0.34221229291044775,0.979614855410448,81.4,0.10526315789473684,0.07894736842105263,0.05263157894736842,-0.2406037240495394,1,2021-2021
Anthony Misiewicz,664948,L,87.0,7.0,13.148450244698205,0.4855289703934592,0.7348249614981028,82.82246562572827,0.08625611745513867,0.03079119086460033,0.029159869494290374,-0.8805231379389341,3,2021-2025
Grant Wolfram,664991,L,31.0,1.0,27.0,0.5042542857142858,0.3,83.11666666666666,0.06451612903225806,0.0,0.12903225806451613,-1.1605576724210105,1,2025-2025
Dean Kremer,665152,R,368.0,5.0,27.0,0.26275180090987227,0.4450710909861309,78.9592014888155,0.03255326580509955,0.055815578064966814,0.016940272441494937,0.3145922456016495,4,2022-2025
Nick Maton,665155,R,3.0,1.0,8.0,0.02,0.033,93.2,0.0,0.0,0.0,0.9990737647806412,1,2022-2022
Deivi García,665620,R,68.0,3.0,22.666666666666668,0.28664272890025577,0.3638893280632411,82.03809523809524,0.058823529411764705,0.04411764705882353,0.04411764705882353,0.01297009939037147,1,2023-2023
Luis Medina,665622,R,93.0,1.0,27.0,0.32208376234567904,0.44268287037037035,82.78,0.10752688172043011,0.043010752688172046,0.043010752688172046,-0.28556350833168337,1,2023-2023
Kervin Castro,665645,R,61.0,3.0,20.333333333333336,0.36827673333333333,0.519625,79.50625,0.0,0.06557377049180328,0.06557377049180328,0.029111485320673758,1,2021-2021
Elvis Alvarado,665660,R,68.0,3.0,22.666666666666668,0.15592814285714285,0.149,83.875,0.058823529411764705,0.058823529411764705,0.029411764705882353,0.6710719919976146,1,2025-2025
Shea Spitzbarth,665661,R,9.0,1.0,9.0,0.2538888888888889,0.4509444444444444,90.525,0.1111111111111111,0.0,0.0,-0.18352374840967728,1,2021-2021
Reiver Sanmartin,665665,L,135.0,3.0,25.59490667510282,0.2852817702457492,0.40683965160713653,80.46869998359638,0.05789307181271749,0.04935147105346409,0.023884846567541917,0.1996646448760991,2,2021-2022
Edward Cabrera,665795,R,392.0,6.0,26.999999999999996,0.31879059708636337,0.5732651863526016,86.28237723254878,0.09650822849259272,0.07026245770784745,0.03182997733469106,-0.21522348075525538,5,2021-2025
Javier Assad,665871,R,338.0,6.0,27.0,0.3447406062928629,0.6402262448711484,81.02931485046197,0.08742933417085427,0.065365891959799,0.020964195979899496,-0.21324552123902582,4,2022-2025
José Marte,665896,R,13.0,1.0,13.0,0.25896766666666665,0.151,79.875,0.0,0.07692307692307693,0.07692307692307693,0.5290201260690083,1,2023-2023
Ian Anderson,666120,R,95.0,1.0,27.0,0.28577879395085065,0.37947826086956526,81.07741935483871,0.06315789473684211,0.021052631578947368,0.031578947368421054,0.06105821284128191,1,2021-2021
Braxton Garrett,666129,L,172.0,2.0,26.999999999999996,0.3893336894376744,0.6837334616955292,82.17990061364495,0.09932938089221498,0.04976188162114879,0.03926523471668772,-0.5792739805432828,2,2022-2023
Cole Ragans,666142,L,398.0,5.0,27.0,0.251164212102254,0.5319288348989525,80.52457812082616,0.06416068505226041,0.09243168366704446,0.0241783150736683,0.4018410621220767,4,2022-2025
Karl Kauffmann,666154,R,102.0,2.0,27.0,0.38201739335887613,0.6210474958949097,84.95641025641027,0.0784313725490196,0.029411764705882356,0.029411764705882356,-0.6036359509610776,1,2023-2023
Nick Lodolo,666157,L,202.0,3.0,27.0,0.24623494181300845,0.38224474381105494,81.38402004214028,0.04573594440934933,0.0928616550852811,0.039418825015792795,0.4824794345804973,2,2022-2025
Matt Manning,666159,R,69.0,1.0,27.0,0.23821961728395064,0.5298999999999999,84.02916666666667,0.08695652173913043,0.10144927536231883,0.014492753623188406,0.47315020757439974,1,2021-2021
Mason Thompson,666168,R,80.0,6.0,13.811445341159207,0.3172524354609929,0.4897895084372707,81.29138722253391,0.050134507214477875,0.05282465150403522,0.04475421863536316,-0.03397256743055759,2,2021-2022
Ryan Zeferjahn,666171,R,82.0,4.0,20.56149732620321,0.28898153677685956,0.30013545211473025,78.56065062388592,0.037700534759358285,0.05721925133689839,0.06203208556149732,0.23523500361544103,2,2024-2025
Jesús Luzardo,666200,L,391.0,4.0,26.999999999999993,0.19239878874675365,0.46216534075217947,82.17725561738635,0.058675319717503324,0.10654705096392439,0.0046192021378125584,0.6976118222757512,4,2021-2025
Alek Manoah,666201,R,170.0,2.0,27.0,0.18397207019335468,0.3159866824458109,79.61062925813646,0.051213266674795754,0.07877088159980491,0.017071088891598585,0.7578294999762523,2,2021-2022
Dany Jiménez,666204,R,53.0,3.0,17.666666666666668,0.2343571428571429,0.4127272727272727,80.57333333333332,0.018867924528301886,0.05660377358490566,0.0,0.44648641688668717,1,2023-2023
Kyle Muller,666205,L,76.0,3.0,24.775532298809093,0.3344843885029802,0.6344183582446664,86.50880032994792,0.12233850595452904,0.05106459761818837,0.012089498376037532,-0.4114452302674783,2,2023-2024
Joey Wentz,666214,L,303.0,6.0,25.59148439778361,0.3770878311955454,0.5890791676414094,80.94597412502925,0.06574803149606298,0.03919510061242345,0.03416447944006999,-0.38017239198546116,4,2022-2025
George Soriano,666277,R,96.0,3.0,24.44221295945434,0.34284336008818767,0.5043706490553781,80.81880041141125,0.05481874447391689,0.059113300492610835,0.02526209422761147,-0.08958139099625181,2,2023-2025
Matt Brash,666374,R,119.0,6.0,20.24333043801961,0.3061590468302224,0.4132267546326363,82.11203185331708,0.03834222608264052,0.058071721057203124,0.04405013028911776,0.08159894428774996,3,2022-2025
Gregory Santos,666619,R,25.0,2.0,12.5,0.040857142857142856,0.06533333333333334,80.0,0.04,0.04,0.0,1.2954227123550104,1,2024-2024
Sauryn Lao,666659,R,26.0,2.0,13.0,0.17732653061224488,0.5513071428571428,85.48,0.11538461538461539,0.11538461538461539,0.0,0.5840907998807862,1,2025-2025
Juan Morillo,666661,R,19.0,3.0,8.0,0.2706,0.5333333333333333,85.17142857142858,0.05263157894736842,0.10526315789473684,0.0,0.3749423537275435,1,2025-2025
Joel Peguero,666711,R,28.0,3.0,9.333333333333334,0.39412176477732797,0.7930150375939851,93.42222222222222,0.14285714285714285,0.07142857142857142,0.03571428571428571,-0.8566876002614194,1,2025-2025
Yerry Rodríguez,666720,R,18.0,1.0,18.0,0.23299999999999998,0.38833333333333336,75.95714285714287,0.1111111111111111,0.05555555555555555,0.0,0.3615322022614126,1,2022-2022
Max Castillo,666721,R,95.0,1.0,27.0,0.3858428080808081,0.6456589225589227,82.87058823529412,0.07368421052631578,0.05263157894736842,0.021052631578947368,-0.43770424437487815,1,2022-2022
Jhony Brito,666745,R,69.0,2.0,27.0,0.24371683333333335,0.4648999999999999,80.324,0.028985507246376812,0.10144927536231885,0.014492753623188406,0.5918987151581746,1,2023-2023
Camilo Doval,666808,R,153.0,11.0,14.575540996624975,0.1932559627186737,0.47862755636776083,80.68354440202239,0.05092316855270994,0.10551915822910461,0.0,0.8272921971464405,5,2021-2025
Luis Frías,666818,R,74.0,5.0,15.395078017439191,0.26070734496591824,0.5957944720611345,90.06098745601959,0.1427260211106012,0.0812299219825608,0.009866911427260209,-0.09221177365364744,2,2021-2023
Yennier Cano,666974,R,156.0,10.0,18.31774466741308,0.29128327076335847,0.45866732858507087,83.64879143689065,0.0784600809577125,0.07303419171475324,0.03203858410128326,0.041241173171949926,4,2022-2025
Tommy Nance,667297,R,110.0,9.0,12.320024953212725,0.3019597852808763,0.38591351308288296,83.78858650447079,0.08533998752339364,0.05539613225202744,0.048284466625077974,-0.07795954321806262,4,2021-2025
Miguel Sánchez,667376,R,28.0,1.0,27.0,0.6128522586206896,1.0016689655172415,85.67,0.07142857142857142,0.0,0.03571428571428571,-1.4723997117896228,1,2021-2021
John King,667463,L,170.0,10.0,16.609415512260167,0.3451315758365731,0.5077260443741299,81.47977916692784,0.0939328839173272,0.048299874064745535,0.021112675012963922,-0.22781315813060715,4,2022-2025
José Soriano,667755,R,19.0,1.0,19.0,0.5467083333333334,1.9652812499999996,88.86666666666667,0.052631578947368425,0.10526315789473685,0.0,-1.4120139055826015,1,2023-2023
Tyson Miller,668338,R,116.0,4.0,21.24479757850927,0.39131876469427035,0.6372519593535484,82.72052439538838,0.08456299659477866,0.049943246311010214,0.04228149829738933,-0.52863379509399,2,2022-2024
Cole Winn,668390,R,32.0,1.0,27.0,0.153161125,0.1262,81.06153846153846,0.0625,0.0625,0.03125,0.7618197862916609,1,2025-2025
Stephen Nogosek,668665,R,46.0,1.0,27.0,0.2130909090909091,0.592,79.41333333333334,0.043478260869565216,0.13043478260869565,0.0,0.6314386551130432,1,2022-2022
Lucas Erceg,668674,R,90.0,5.0,20.28654970760234,0.3287798565132638,0.4670864116813774,83.949997236317,0.11365369946605644,0.060259344012204424,0.03066361556064073,-0.2156735157874662,2,2023-2024
Zach Plesac,668676,R,172.0,3.0,27.0,0.37800434424470425,0.5408026588016857,84.57565272176633,0.10606982118963627,0.017029558447877385,0.02749057292300206,-0.49672079863985924,2,2021-2022
Zac Gallen,668678,R,514.0,5.0,26.999999999999996,0.344079217902155,0.673068746074276,82.61535815284853,0.08150053711765703,0.06369084638435009,0.02202182393848589,-0.22859230618994,5,2021-2025
Max Kranick,668820,R,70.0,1.0,27.0,0.4414176862745098,0.7208462585034013,79.94800000000001,0.0857142857142857,0.02857142857142857,0.02857142857142857,-0.559414982277399,1,2021-2021
Easton McGee,668834,R,46.0,1.0,27.0,0.27411904761904765,0.4122820512820514,86.22105263157897,0.15217391304347827,0.021739130434782608,0.0,-0.22135537825637128,1,2022-2022
Zack Thompson,668868,L,136.0,3.0,25.717602908408583,0.24427033449943472,0.3701828812679052,81.79817090809586,0.07247566553301278,0.05828544622962355,0.02204761346311716,0.24140918472218953,2,2022-2023
Caleb Kilian,668873,R,118.0,2.0,26.999999999999996,0.32062601429819404,0.5502665500949254,80.28163265306122,0.07627118644067797,0.05084745762711865,0.03389830508474576,-0.11657964976075119,1,2024-2024
Hunter Greene,668881,R,415.0,5.0,27.0,0.3360036713092793,0.5900799473315507,84.43282017048887,0.08811488725713171,0.06218727662616154,0.026707388394307623,-0.262304463034524,4,2022-2025
Gavin Williams,668909,R,89.0,1.0,27.0,0.2539019781957173,0.852529489029489,83.67894736842106,0.033707865168539325,0.1348314606741573,0.02247191011235955,0.4427069800553665,1,2025-2025
Graham Ashcraft,668933,R,189.0,6.0,21.39375,0.26147031683823524,0.3139425245098039,78.96149224806202,0.044333333333333336,0.0475,0.044333333333333336,0.29269069808484643,2,2022-2025
JoJo Romero,668941,L,61.0,4.0,15.074149314372777,0.2694991316169864,0.41995762896321553,84.99852717115287,0.05281868969019807,0.08024377856780092,0.027425088877602845,0.1986863668857184,2,2022-2025
Ryan Miller,668943,R,49.0,3.0,16.333333333333332,0.19673918181818184,0.2731666666666666,81.21578947368421,0.08163265306122448,0.08163265306122448,0.02040816326530612,0.6556810715046927,1,2024-2024
Kirk McCarty,668948,L,64.0,2.0,27.0,0.4945451645299145,1.0224758037475346,85.64,0.109375,0.046875,0.03125,-1.2240373279434753,1,2022-2022
Tobias Myers,668964,R,167.0,4.0,26.999999999999996,0.29506322298833765,0.525270202232209,85.0768256114416,0.09532179556517036,0.05232558139534883,0.006760411032990805,-0.09707588197763142,2,2024-2025
Hans Crouse,668968,R,72.0,1.0,27.0,0.34589777124183,0.47435897435897423,86.9074074074074,0.09722222222222222,0.013888888888888888,0.041666666666666664,-0.4029875788590656,1,2021-2021
Gavin Hollowell,668970,R,126.0,5.0,24.770719903206288,0.4446409688176367,0.8410688586880648,79.27058681185723,0.05742805289084779,0.04005703914959813,0.03305677988073632,-0.6860461688372718,2,2022-2023
Casey Legumina,668984,R,26.0,2.0,13.0,0.35994411111111113,0.6416666666666667,93.24285714285715,0.11538461538461539,0.07692307692307693,0.038461538461538464,-0.5634799115977828,1,2025-2025
MacKenzie Gore,669022,L,91.0,1.0,27.0,0.19657766666666665,0.4225454545454545,81.67391304347827,0.054945054945054944,0.0989010989010989,0.01098901098901099,0.7302289244488165,1,2024-2024
Bryse Wilson,669060,R,85.0,3.0,22.58424182358771,0.29446164728554125,0.38500941526263627,79.84767193938761,0.08265609514370663,0.037264618434093164,0.03468780971258672,-0.009219576203446564,2,2022-2023
Erik Miller,669062,L,46.0,2.0,23.0,0.4730683580246914,0.6626666666666667,81.0,0.06521739130434782,0.021739130434782608,0.06521739130434782,-0.9457966215176875,1,2024-2024
DL Hall,669084,L,116.0,6.0,20.263940520446095,0.20743963238331264,0.336065605638166,78.99553516109047,0.03845260223048327,0.06273234200743495,0.0,0.6370764794043382,4,2022-2025
Jeremiah Estrada,669093,R,77.0,5.0,17.501034612490596,0.26284481894869266,0.5033026594243792,81.59405391050326,0.04232505643340858,0.0654627539503386,0.023137697516930022,0.26620050505060855,2,2024-2025
Bruce Zimmermann,669145,L,214.0,4.0,27.0,0.3230176499922699,0.46265285414348084,86.57360185353328,0.11868602395129459,0.02428580986151067,0.01913427443634174,-0.3861651112976895,3,2021-2025
Jonathan Heasley,669169,R,174.0,2.0,27.0,0.3889547549791421,0.5738302426612734,82.9515981392557,0.1213811105837684,0.03073089700996678,0.029425723777883245,-0.5137518661398515,2,2021-2022
Ryne Nelson,669194,R,196.0,4.0,26.999999999999996,0.26108727503139256,0.5532776058396977,83.16270662959707,0.09836751778987024,0.07875381211505111,0.008012916342761465,0.17220282747937127,3,2023-2025
Lake Bachar,669199,R,80.0,5.0,17.35110595962523,0.26894540175618836,0.4462984053809612,85.93335989568241,0.09098811938568531,0.07649956534337872,0.011880614314691394,0.15830852853951885,2,2024-2025
Corbin Burnes,669203,R,305.0,5.0,26.999999999999996,0.22343452164911007,0.4700785334974177,79.59737232684327,0.04420683051388445,0.09139270135120757,0.01021385253750399,0.6015385468593232,4,2021-2024
Keegan Akin,669211,L,114.0,7.0,16.10488538143555,0.25149550028023837,0.31563466741826374,79.25529594137542,0.061555806087936864,0.03359639233370913,0.03179255918827508,0.19794561796725832,3,2022-2025
Eli Morgan,669212,R,230.0,8.0,22.890140739631683,0.28857183049535434,0.47708852358191983,78.18166546650602,0.08549184009582274,0.045890103308878584,0.015196885761341521,0.11439114837652761,4,2021-2024
Joel Kuhnel,669270,R,68.0,2.0,27.0,0.42867015555555554,0.6515089743589744,85.98846153846154,0.1176470588235294,0.014705882352941175,0.014705882352941175,-0.8676177215230129,1,2022-2022
Dylan Lee,669276,L,105.0,8.0,13.354841115918244,0.24449560266499723,0.668467594932974,79.39687702023969,0.06892436222586902,0.10995076831269579,0.008056094286140535,0.5214404034594262,4,2021-2025
Logan Gilbert,669302,R,520.0,6.0,27.0,0.2818441887843489,0.5494405046370592,83.72816716660374,0.07241577492542217,0.06264539259421441,0.010290374668162785,0.07704657829299773,5,2021-2025
Tyler Wells,669330,R,125.0,4.0,23.725854428458693,0.3134529121257353,0.5404844890978332,80.15693194925029,0.06374066654525588,0.06692769987251866,0.01520670187579676,0.051909639584510926,2,2023-2025
Shane Baz,669358,R,186.0,3.0,27.0,0.23192677253031957,0.34903382557139206,84.81885553470919,0.049204665959703076,0.07394839165782964,0.0446800989749028,0.3860464349402921,3,2021-2025
J.T. Ginn,669372,R,149.0,2.0,27.0,0.3210389146898729,0.39230116018328953,80.78180245940206,0.103831529687043,0.04124012869260017,0.04124012869260017,-0.18227810368512734,2,2024-2025
Tarik Skubal,669373,L,302.0,4.0,27.0,0.2241854270763773,0.3887838192113859,79.49545939433497,0.0718834918478261,0.08292289402173914,0.018045176630434784,0.5804608433370892,4,2021-2025
Carmen Mlodzinski,669387,R,124.0,7.0,20.12108924273893,0.30524953990703196,0.4804832327827778,82.13249488371386,0.04935219068341411,0.053802789041637815,0.029472851350014834,0.02489171337285466,3,2023-2025
Dylan Coleman,669395,R,98.0,5.0,19.822027076472743,0.2500728271614903,0.4577332801117653,80.80704811562386,0.08035126234906696,0.0946212952799122,0.021295279912184415,0.41423396069893154,2,2021-2022
Jimmy Lambert,669424,R,24.0,2.0,12.0,0.2727488,0.836,79.22,0.041666666666666664,0.125,0.041666666666666664,0.17834878671342755,1,2022-2022
Trevor Rogers,669432,L,139.0,2.0,26.999999999999996,0.4304925321319805,0.9928834830804407,82.73402719414574,0.0879096297953249,0.062409126495917684,0.03355329381500951,-0.7547734682208617,2,2021-2025
Shane Bieber,669456,R,302.0,4.0,27.0,0.3395139947777455,0.5575032496464642,85.53108945542046,0.10689753863766457,0.04646059912230491,0.0121160083953444,-0.346963416767691,4,2021-2025
Kyle Nelson,669459,L,45.0,3.0,15.0,0.3880805757575757,0.7384312500000001,81.9625,0.06666666666666667,0.044444444444444446,0.022222222222222223,-0.4975167342146116,1,2023-2023
Matthew Liberatore,669461,L,190.0,8.0,19.190281747652104,0.31759477863258967,0.41357981602468125,80.76093069414009,0.09505920783993466,0.044262964475296034,0.03421804818293181,-0.11025333491208401,3,2022-2024
Andre Pallante,669467,R,212.0,6.0,25.20178623718887,0.31085231745858016,0.4692210254438524,82.44225716442202,0.08749633967789165,0.04655929721815519,0.01563689604685212,-0.08927018599192817,4,2022-2025
Joe Barlow,669618,R,38.0,3.0,15.407766990291261,0.3413414328478965,0.5550654126213592,88.55473300970876,0.104638619201726,0.052319309600863,0.029126213592233014,-0.33501881123740274,2,2021-2022
Brady Basso,669620,L,125.0,3.0,27.0,0.4547572322603392,0.6769390531106625,84.3508590999049,0.1034004163775156,0.030013879250520466,0.050485773768216516,-0.9775837256503331,2,2024-2025
Anthony Bender,669622,R,102.0,6.0,18.595959595959595,0.30732394428904436,0.5024521212121213,79.91061111111112,0.0745011086474501,0.07967479674796749,0.04271988174427199,0.1375274953751287,2,2021-2024
Sam Long,669674,L,94.0,5.0,18.94921689606075,0.4907398904594457,0.9532863450423963,85.81153663612135,0.11224489795918366,0.038917892738490736,0.03345989558614143,-1.2187946310689737,2,2024-2025
Chris Murphy,669684,L,94.0,4.0,25.006041620049228,0.24054040357845277,0.30152543704131846,81.24753486984412,0.06343701051689417,0.05974490937569926,0.04106063996419781,0.31945719124415334,2,2023-2025
Kade Strowd,669704,R,15.0,2.0,8.0,0.12525,0.3865,76.45,0.06666666666666667,0.13333333333333333,0.0,1.2655909569009895,1,2025-2025
Greg Weissert,669711,R,129.0,8.0,17.503558602677117,0.2698842435647559,0.4375051634964002,81.94603406886752,0.028207639569049953,0.06062683643486778,0.022918707149853085,0.2640034562908343,4,2022-2025
Hayden Wesneski,669713,R,216.0,5.0,26.698316117164286,0.24144591914759753,0.4500184971516367,80.22310016313875,0.04478562331965473,0.08037356728456206,0.025682750813640867,0.4421048432401213,3,2022-2024
Davis Daniel,669721,R,61.0,1.0,27.0,0.25258252941176473,0.31957142857142856,84.45769230769231,0.06557377049180328,0.03278688524590164,0.01639344262295082,0.07472606810684915,1,2023-2023
Brenan Hanifee,669724,R,95.0,4.0,23.702419928825623,0.35129305293340113,0.4623954776895702,85.00823888368609,0.14633451957295374,0.009537366548042705,0.011672597864768682,-0.6418767954158047,2,2023-2024
Jose E. Hernandez,669796,L,50.0,2.0,25.0,0.45568247140762463,0.8768854675790161,77.91333333333334,0.05999999999999999,0.04,0.04,-0.7567972919423829,1,2023-2023
Ronel Blanco,669854,R,86.0,1.0,27.0,0.27958918225650914,0.42427322404371576,82.11315789473684,0.046511627906976744,0.03488372093023256,0.023255813953488372,0.07698974925340071,1,2024-2024
Kirby Snead,669912,L,34.0,2.0,17.0,0.2445,0.336,84.71666666666667,0.08823529411764706,0.02941176470588235,0.0,0.12972815861927858,1,2022-2022
Jason Alexander,669920,R,56.0,1.0,27.0,0.38010670061728397,0.717244123931624,86.04761904761905,0.10714285714285714,0.07142857142857142,0.017857142857142856,-0.47749581935219193,1,2025-2025
George Kirby,669923,R,426.0,5.0,27.0,0.24347109972051975,0.5036283337270882,81.58298725911139,0.06089682690480714,0.07913737412122362,0.016657166381658116,0.3527407144819379,4,2022-2025
A.J. Alexy,669935,R,89.0,1.0,27.0,0.5621728223189553,0.8919522781312256,82.33888888888889,0.06741573033707865,0.02247191011235955,0.02247191011235955,-1.0490032088878545,1,2021-2021
Jesse Scholtens,669947,R,92.0,1.0,27.0,0.249464012987013,0.5767380952380953,81.9,0.07608695652173914,0.09782608695652174,0.021739130434782608,0.34780440427099085,1,2025-2025
Mitch White,669952,R,83.0,2.0,25.32799634034767,0.3237465675547868,0.5741465972271096,85.15003430924062,0.08394327538883806,0.05924062214089662,0.012351326623970723,-0.18939049362314175,2,2021-2022
Matt Festa,670036,R,184.0,8.0,22.61641876430206,0.275668410988068,0.4252168976046837,78.37099542334097,0.04533752860411899,0.07136727688787185,0.018163615560640733,0.3502224559638383,3,2022-2025
Kenny Rosenberg,670046,L,115.0,2.0,27.0,0.2210809756287815,0.47008518761159707,82.77015090369571,0.0371513353115727,0.08664688427299702,0.0,0.5381953117663147,2,2023-2024
Colin Holderman,670059,R,34.0,3.0,11.333333333333334,0.14702133333333334,0.151,75.45,0.029411764705882353,0.08823529411764706,0.029411764705882353,1.1778243552766023,1,2024-2024
Bowden Francis,670102,R,71.0,1.0,27.0,0.18420385897435898,0.30576331360946746,81.72413793103448,0.05633802816901408,0.05633802816901408,0.01408450704225352,0.6105954309542512,1,2024-2024
Adam Oller,670124,R,131.0,2.0,27.0,0.32492038380858773,0.5105389904878168,83.857742967545,0.092459420587631,0.036367372097801526,0.02794329155537292,-0.29080010805917555,2,2022-2024
John Schreiber,670167,R,187.0,12.0,15.445095440701214,0.2514685482049149,0.37688328498757095,79.4401832060371,0.05977540629141383,0.058380414312617694,0.024551858826811747,0.32238299460077363,4,2022-2025
Josh Winckowski,670174,R,178.0,6.0,24.98652082642802,0.23126045962093292,0.4312728603281048,83.6367145151832,0.10755717600265163,0.0751574411667219,0.010026516407026847,0.2805334563175602,3,2022-2024
Darius Vines,670241,R,90.0,1.0,27.0,0.3863597285196687,0.808244017172086,86.60344827586206,0.07777777777777778,0.05555555555555555,0.022222222222222223,-0.5906576389654505,1,2023-2023
David Bednar,670280,R,221.0,13.0,17.470272996658473,0.2056096547231823,0.29432925339391014,82.79820598647723,0.047033604438559994,0.07546812937393607,0.030830338566294687,0.5897303177191808,5,2021-2025
Jake Fishman,670288,L,26.0,2.0,13.0,0.251,0.3724,81.87777777777778,0.038461538461538464,0.038461538461538464,0.0,0.2890833499364362,1,2022-2022
Rico Garcia,670329,R,46.0,2.0,23.0,0.4369522727272726,0.9791660714285717,80.53333333333333,0.08695652173913043,0.08695652173913043,0.0,-0.5203439122936226,1,2025-2025
Darren McCaughan,670766,R,63.0,2.0,27.0,0.22839616666666668,0.3236153846153846,78.97777777777777,0.031746031746031744,0.06349206349206349,0.015873015873015872,0.5953088053341664,1,2024-2024
Logan Gillaspie,670810,R,30.0,2.0,15.0,0.39427957142857145,0.401,75.98888888888888,0.03333333333333333,0.03333333333333333,0.06666666666666667,-0.23433264871755494,1,2022-2022
Guillo Zuñiga,670871,R,45.0,3.0,15.0,0.3818536693191866,0.6114930739758326,84.33157894736841,0.1111111111111111,0.0,0.0,-0.7395293783853717,1,2024-2024
Johan Oviedo,670912,R,391.0,5.0,27.0,0.32587387700561615,0.5478011759859696,81.47744777297157,0.07365865335293917,0.05717607632595834,0.031084362069555106,-0.11762151238343647,3,2022-2025
Trevor Richards,670950,R,125.0,6.0,22.95277665180381,0.48266244149084564,1.0026761661200576,84.68631075653167,0.1059316308606945,0.0510741791649777,0.023915687069314955,-1.018756891328757,3,2021-2023
Edwin Uceta,670955,R,63.0,3.0,21.604604604604607,0.28451590137682087,0.6117398635636182,84.37242817046739,0.0940940940940941,0.06373039706373039,0.016683350016683352,-0.056390833777376914,2,2024-2025
Adrian Morejon,670970,L,106.0,6.0,17.09958200147529,0.48748942829751224,0.8058272237036901,85.45963035816736,0.10941726088025569,0.03565281534300467,0.01671994098844357,-1.0992646258384158,3,2022-2025
Yohan Ramírez,670990,R,211.0,11.0,21.824594877715068,0.2741215123662633,0.32120696219506506,80.4952348738526,0.0487429451000513,0.055284761416110814,0.03918676244227808,0.21887387807418424,4,2021-2025
Andrew Abbott,671096,L,130.0,2.0,27.0,0.3486490017785471,0.6177437399238963,81.82105485598494,0.08119843682153711,0.040555796786799825,0.0,-0.291686136030638,2,2023-2025
Logan Allen,671106,L,88.0,1.0,27.0,0.35367696825396827,0.5858037414965988,79.41724137931034,0.056818181818181816,0.045454545454545456,0.03409090909090909,-0.22866598625335904,1,2025-2025
Sammy Peralta,671111,L,101.0,4.0,24.470817120622566,0.26179398472085624,0.5285296047661806,76.49335510468778,0.0651750972762646,0.0697609783212896,0.018621456364647026,0.31090443696659736,2,2023-2025
Jackson Rutledge,671131,R,158.0,4.0,24.02872235061076,0.3334143604412636,0.5262907844984313,82.88900384518284,0.11266094420600857,0.043908880818752064,0.028887421591284254,-0.3261295666178164,3,2023-2025
Joe Boyle,671212,R,275.0,4.0,27.0,0.28744397665447374,0.39406549244266087,84.34085893283867,0.06846980686882811,0.06449357685921524,0.03687844096827755,0.07189923461752332,3,2023-2025
Michel Otañez,671305,R,11.0,1.0,11.0,0.2470436666666667,0.032,76.69999999999999,0.0,0.0,0.09090909090909091,0.330805213210816,1,2024-2024
Jason Foley,671345,R,86.0,7.0,12.91892151218576,0.22669456340394528,0.45278493297146144,84.63441321679663,0.11897908270965263,0.07119554787948569,0.0,0.22820928603865928,4,2021-2024
Taj Bradley,671737,R,199.0,4.0,25.82726853984339,0.2507789018847224,0.4904678093639824,84.48304766002182,0.09649930907415936,0.08872639336711191,0.020958083832335328,0.24541912672656715,3,2023-2025
Cade Smith,671922,R,49.0,5.0,9.94837361981498,0.14664331952738396,0.36468872667171687,82.938630259624,0.05908683974932855,0.12220232766338407,0.0,1.0267494300236724,2,2024-2025
Reid Detmers,672282,L,308.0,4.0,26.999999999999996,0.2797856536807791,0.6115652691446682,81.70266051595365,0.06381066506890354,0.09571599760335531,0.02781106450968644,0.21139147923796622,4,2021-2024
Cionel Pérez,672335,L,76.0,6.0,13.467450385539122,0.30200227457127204,0.35619162874478577,81.04349206349205,0.07944634053849071,0.05896852483883201,0.05365946150929086,-0.01671172011206959,3,2022-2024
Kaleb Ort,672391,R,22.0,1.0,22.0,0.198,0.2434,81.77000000000001,0.09090909090909091,0.0,0.0,0.304434450641316,1,2022-2022
Keider Montero,672456,R,187.0,3.0,27.0,0.31773670026837714,0.5637957318149598,77.80253151231479,0.06322596096275895,0.06154951502814034,0.014728774997006347,0.06901968966393018,2,2024-2025
Carlos Hernández,672578,R,153.0,6.0,24.741428845048844,0.28911452685443173,0.38526584995523455,81.69249370793389,0.0401264125646428,0.040317946753495496,0.032465045010534384,0.1018148089431411,3,2022-2024
Angel Zerpa,672582,L,234.0,9.0,21.00900558092339,0.2624573904121042,0.3937048656288382,82.80442414349304,0.10140791476407915,0.05739472349061389,0.0121765601217656,0.1561171636582609,4,2021-2025
Roansy Contreras,672710,R,134.0,4.0,23.80164228894021,0.4137265272856924,0.6273760729373534,88.76377423790818,0.14280215550423403,0.022068257634077496,0.029894790864767772,-0.9242757633758905,3,2021-2024
Luis Patiño,672715,R,136.0,4.0,27.0,0.28057570159114514,0.41681455719274546,84.73902787103994,0.11053719008264463,0.04816632231404959,0.017303719008264464,-0.042881101415580776,2,2021-2023
Yoendrys Gómez,672782,R,110.0,2.0,27.0,0.3139256053501044,0.6210941755781888,84.93392124466921,0.0969229227222612,0.07697704720857973,0.006715445524706825,-0.09529997801955366,2,2023-2025
Carlos Vargas,672841,R,48.0,2.0,24.0,0.24823076923076923,0.40760000000000013,78.54545454545455,0.08333333333333333,0.0625,0.0,0.3605921080831307,1,2025-2025
Joan Adon,672851,R,182.0,2.0,27.0,0.31459385802294043,0.5575139160161172,82.27150955489252,0.07748037834574362,0.07265043268263233,0.030790903602334475,0.006288791997398425,2,2021-2023
Prelander Berroa,672860,R,80.0,4.0,20.277398889770023,0.2934296550432386,0.39646806106264865,83.97998942638115,0.05202220459952419,0.04726407613005551,0.06502775574940522,-0.06058311931102558,2,2023-2024
Yuki Matsui,673513,L,79.0,5.0,20.057919942170415,0.3565392367070505,0.5832540807288803,83.00951816210355,0.07888316616969368,0.04689617782596909,0.038221740309026836,-0.35459082002830405,2,2024-2025
Kodai Senga,673540,R,96.0,1.0,27.0,0.309798942063492,0.8188348198538676,81.96666666666667,0.041666666666666664,0.08333333333333333,0.03125,-0.02141959666375385,1,2023-2023
Jordan Leasure,673929,R,49.0,3.0,16.333333333333332,0.4234793328108673,1.3635057053291535,86.55555555555556,0.10204081632653061,0.10204081632653061,0.04081632653061224,-0.8678531654204573,1,2025-2025
Cody Bradford,674003,L,188.0,3.0,27.0,0.3416323231399194,0.5877143737333039,78.37232677690874,0.05126918112720493,0.04754051340886276,0.017639466513695683,-0.10459326929783092,2,2023-2024
Tommy Henry,674072,L,89.0,1.0,27.0,0.26900099884210227,0.574768338381485,79.45588235294117,0.056179775280898875,0.056179775280898875,0.011235955056179775,0.14949746073435452,1,2022-2022
Eduardo Salazar,674285,R,17.0,2.0,8.5,0.4395,0.632,92.94285714285715,0.17647058823529413,0.058823529411764705,0.0,-0.9996179182830394,1,2024-2024
Osvaldo Bido,674370,R,126.0,4.0,27.0,0.2807881306160882,0.49703195799805977,81.49150473826423,0.07542372881355931,0.07231638418079095,0.025141242937853105,0.13922490682054323,2,2023-2025
Steven Cruz,674444,R,95.0,5.0,19.26751592356688,0.33389387947721066,0.48460509554140124,84.5712101910828,0.08929936305732483,0.05961783439490446,0.03414012738853504,-0.21762533832888176,2,2023-2025
Michael Plassmeyer,674681,L,175.0,2.0,27.0,0.46176124694876497,0.900814113019438,83.10008449331342,0.0865940312648034,0.0560871624822359,0.024159166271909047,-0.8616080176839387,2,2022-2023
Andrew Alvarez,674841,L,83.0,1.0,27.0,0.29534325,0.44433124999999996,82.2090909090909,0.04819277108433735,0.060240963855421686,0.03614457831325301,0.08403102544278421,1,2025-2025
Sean Guenther,674944,L,59.0,3.0,19.277458158995817,0.2621525258019526,0.4026945815899582,78.21958682008369,0.03268828451882846,0.08577405857740586,0.03373430962343097,0.5884450894023227,2,2021-2024
Troy Melton,675512,R,49.0,1.0,27.0,0.2861996,0.3278333333333333,81.63333333333333,0.061224489795918366,0.02040816326530612,0.04081632653061224,-0.06680565138106218,1,2025-2025
Xzavion Curry,675540,R,139.0,3.0,27.0,0.3685827592233498,0.5609099536662374,83.37439059436068,0.04199066874027994,0.02099533437013997,0.02750777604976672,-0.4088980223149675,2,2023-2024
Michael Grove,675627,R,113.0,3.0,23.799103752088712,0.2798981805995826,0.4395411100681003,84.3620355461036,0.0656235758772596,0.04496430198997417,0.0164058939693149,0.01074526335261269,2,2022-2023
Juan Mejia,675848,R,63.0,3.0,21.0,0.3491293125,0.3797142857142857,82.44545454545454,0.047619047619047616,0.06349206349206349,0.07936507936507936,-0.1536418985146924,1,2025-2025
Spencer Strider,675911,R,217.0,4.0,26.204479065238555,0.3399209990859241,0.5556995472961046,87.34424748071898,0.09378042843232716,0.05897030185004869,0.03310613437195715,-0.3376492113329872,3,2021-2025
Zac Lowther,675912,L,73.0,1.0,27.0,0.49654703749315815,0.9353828692271511,89.26923076923077,0.1506849315068493,0.0547945205479452,0.0,-0.9401519712852078,1,2021-2021
James Karinchak,675916,R,101.0,5.0,20.860225303292893,0.4240570082270423,0.7700605514416259,82.59610737086909,0.0512998266897747,0.04714038128249567,0.0535528596187175,-0.6652049116941513,3,2021-2023
Spencer Howard,675921,R,73.0,1.0,27.0,0.4288948576923077,0.6289097435897436,84.78750000000001,0.1232876712328767,0.0273972602739726,0.0410958904109589,-0.6697283370522062,1,2021-2021
Kyle Dohy,675971,L,20.0,1.0,20.0,0.2751434,0.291,82.47142857142856,0.05,0.05,0.05,0.23780153844319363,1,2021-2021
Cody Bolton,675989,R,30.0,2.0,14.999999999999998,0.2205,0.307,86.33,0.06666666666666667,0.03333333333333333,0.0,0.1819818145195376,1,2023-2023
Packy Naughton,676050,L,44.0,1.0,27.0,0.41793469230769237,0.3891,75.84705882352942,0.06818181818181818,0.0,0.06818181818181818,-0.44079580421207154,1,2021-2021
Codi Heuer,676051,R,7.0,1.0,8.0,0.05533333333333334,0.09233333333333332,73.8,0.0,0.0,0.0,1.1295904595374229,1,2021-2021
Janson Junk,676083,R,161.0,3.0,27.0,0.2702023318371346,0.456881578580287,82.01890101066971,0.10615577889447236,0.0732232591529074,0.0,0.20788367816596337,3,2021-2025
Collin Snider,676092,R,104.0,5.0,20.906092751257987,0.4353107584055285,0.7842148979574122,76.62377940976474,0.011151910784713722,0.05725554195566435,0.038487692098463214,-0.4257850317942288,3,2022-2024
Jeff Criswell,676105,R,77.0,2.0,27.0,0.36851640705128214,0.94195733974359,87.26666666666667,0.07792207792207792,0.07792207792207792,0.025974025974025976,-0.5291814727000707,1,2024-2024
Emerson Hancock,676106,R,144.0,2.0,26.999999999999996,0.32842831348297263,0.6498408347641335,85.27712342662836,0.07512179789407512,0.07433600502907435,0.025774005972025775,-0.1667050782734564,2,2024-2025
José Buttó,676130,R,139.0,4.0,22.296925016975454,0.2780546448337997,0.574123076987847,80.19383305849257,0.06169366572897468,0.061305655252691826,0.022698612862547287,0.1119039426640399,3,2023-2025
Ryan Walker,676254,R,132.0,7.0,19.440225416628994,0.4455913305545096,0.8129845794215421,84.20515517842612,0.08118614953440013,0.05135159569659162,0.028568845493174212,-0.7936783723527387,3,2023-2025
Jack Dreyer,676263,L,46.0,3.0,15.333333333333334,0.5082952821869489,1.0914319315843621,83.7909090909091,0.08695652173913043,0.043478260869565216,0.043478260869565216,-1.2379737687699397,1,2025-2025
Cory Abbott,676265,R,238.0,5.0,25.1800135819882,0.3675740924103014,0.7134700929086908,82.61484404733919,0.07169722614010343,0.06511518570756933,0.038395235856448835,-0.32627675345058904,3,2021-2023
Bobby Miller,676272,R,141.0,2.0,27.0,0.19534110256410256,0.3579661538461538,82.4076923076923,0.07092198581560284,0.0851063829787234,0.007092198581560283,0.5861590258427338,1,2023-2023
Joey Cantillo,676282,L,170.0,2.0,27.0,0.2806110462832338,0.6518891180394646,79.62549915176824,0.04867545347775022,0.08965157249119143,0.01070076993344643,0.3019187090685931,2,2024-2025
Robert Garcia,676395,L,69.0,5.0,16.65609990393852,0.21541747671236866,0.15672774575728463,80.82169388408582,0.04514889529298751,0.04226705091258405,0.058757604867114954,0.41714918617997265,3,2023-2025
Brant Hurter,676428,L,88.0,4.0,20.159996601240547,0.1427265891131555,0.24636036000705896,77.1273273005353,0.05225592658679582,0.06143257710935508,0.0,0.9411598264534072,2,2024-2025
Tanner Bibee,676440,R,193.0,2.0,27.0,0.3011166672759956,0.4351799038423227,83.49883070944259,0.06163919620681869,0.06062316550011288,0.025174983066154885,0.047443211246293325,2,2024-2025
Colton Gordon,676467,L,68.0,1.0,27.0,0.20278453472222221,0.3241805555555555,80.9448275862069,0.11764705882352941,0.04411764705882353,0.014705882352941176,0.29308667545411804,1,2025-2025
Garrett Whitlock,676477,R,66.0,4.0,18.30540376442016,0.08427589364019238,0.2628257437765635,79.33329960196993,0.05606152600688121,0.1592794980773123,0.0,1.5616140710067097,3,2021-2025
Ben Casparius,676508,R,85.0,1.0,27.0,0.30707067724867726,0.5644814814814815,83.56153846153846,0.03529411764705882,0.08235294117647059,0.023529411764705882,0.13585076366186982,1,2024-2024
Calvin Faucher,676534,R,35.0,3.0,11.666666666666666,0.3109281428571428,0.6323333333333333,91.06666666666666,0.08571428571428572,0.08571428571428572,0.02857142857142857,-0.20026775269900365,1,2025-2025
PJ Poulin,676571,L,15.0,2.0,8.0,0.19432225,0.072,82.26666666666667,0.06666666666666667,0.13333333333333333,0.06666666666666667,0.9153256600181088,1,2025-2025
Josh Fleming,676596,L,127.0,4.0,23.46750976763315,0.3937105909658089,0.7357972161693884,82.63168462943474,0.11644046884639112,0.03994447871684147,0.0,-0.5508293483556657,2,2021-2022
Tyler Zuber,676604,R,23.0,1.0,23.0,0.4103333333333334,0.5276666666666666,85.05,0.17391304347826086,0.0,0.0,-0.7060992334039222,1,2021-2021
Riley O'Brien,676617,R,76.0,4.0,16.849624060150376,0.4087189481448185,1.037404251622846,80.45693779904305,0.06184210526315789,0.0725563909774436,0.043045112781954886,-0.44574652180250635,2,2021-2025
Beau Sulser,676641,R,15.0,1.0,15.0,0.2298,0.2732,79.88333333333334,0.06666666666666667,0.0,0.0,0.27330984034250433,1,2022-2022
Max Lazar,676661,R,55.0,2.0,27.0,0.29975851048951047,0.5678686868686869,85.88888888888889,0.12727272727272726,0.05454545454545454,0.01818181818181818,-0.2567342172884158,1,2025-2025
JP Sears,676664,L,363.0,4.0,27.0,0.33524481194128336,0.580980016250931,84.38552426314973,0.09400063040661226,0.04622981823276012,0.027597800581374985,-0.35085065702375356,4,2022-2025
Tom Cosgrove,676680,L,43.0,3.0,14.333333333333334,0.16489030000000002,0.141125,79.7875,0.11627906976744186,0.023255813953488372,0.046511627906976744,0.31822717094325476,1,2023-2023
Will Vest,676684,R,159.0,11.0,14.635241677113804,0.18584583800668616,0.3096292261158538,79.53357286132172,0.057083159214375255,0.08817384036773925,0.013539490179690764,0.7677822144371298,4,2022-2025
Hunter Stratton,676702,R,59.0,3.0,19.904003443822642,0.20402527442961688,0.3390122839923744,79.88583727938013,0.050365906155832973,0.08631080499354282,0.02152389151958674,0.6524570563743873,2,2023-2025
Kutter Crawford,676710,R,162.0,2.0,27.0,0.26588706758223113,0.5145892012859574,80.9842456717769,0.08588603425559947,0.07913372859025032,0.027009222661396572,0.18986106697612928,2,2023-2024
Brandon Hughes,676714,L,37.0,4.0,12.29108748977923,0.4843147228451499,0.9377503741566179,88.74262469337694,0.14472608340147178,0.055600981193785766,0.055600981193785766,-1.3147539697011674,2,2022-2024
Tommy Romero,676720,R,91.0,1.0,27.0,0.6276271214003388,1.178847690348867,88.39393939393939,0.17582417582417584,0.02197802197802198,0.04395604395604396,-2.0940077208647057,1,2022-2022
Isaac Mattson,676755,R,133.0,6.0,21.367820257292987,0.4174857794185715,0.570223231851482,81.50654436076601,0.07890922268526906,0.029715528175394093,0.05752853777858308,-0.671967034165729,3,2021-2025
Ron Marinaccio,676760,R,28.0,2.0,14.0,0.16839200000000001,0.1406,77.8,0.03571428571428571,0.03571428571428571,0.03571428571428571,0.7245980381383315,1,2022-2022
Keaton Winn,676775,R,75.0,1.0,27.0,0.3871121451420919,0.8580425122749591,83.95,0.10666666666666667,0.06666666666666667,0.013333333333333334,-0.5554155542160255,1,2023-2023
Kodi Whitley,676831,R,36.0,2.0,18.0,0.21281671428571428,0.491,79.36999999999999,0.027777777777777776,0.1111111111111111,0.027777777777777776,0.7860377718575712,1,2021-2021
Aaron Ashby,676879,L,241.0,8.0,22.754776200873362,0.2454180865680509,0.510672376240735,77.09000020782226,0.06768558951965066,0.08433406113537119,0.0185589519650655,0.4584451990455155,4,2021-2025
Cade Cavalli,676917,R,72.0,1.0,27.0,0.3071401813576494,0.597952380952381,85.46363636363637,0.125,0.08333333333333333,0.013888888888888888,-0.11704939650425679,1,2025-2025
Caleb Boushley,676961,R,41.0,1.0,27.0,0.293944304964539,1.2397021276595743,77.2909090909091,0.024390243902439025,0.12195121951219512,0.04878048780487805,0.12164109198101165,1,2023-2023
Brett de Geus,676969,R,57.0,3.0,19.453253552729993,0.3779831013123003,0.4480758746779689,77.36625707874772,0.08277237596609323,0.02044377960608327,0.05160807778608825,-0.36610751607153325,2,2021-2024
Garrett Crochet,676979,L,216.0,6.0,24.79720472875925,0.18873306797201897,0.2961074620361163,81.93336701188392,0.05187272124627113,0.07247817920671748,0.010606562810739142,0.6657343860132104,4,2021-2025
Andrew Nardi,677053,L,120.0,5.0,22.216295674086517,0.32522950549178326,0.8015512644292567,78.3504976150477,0.04717905641887163,0.08287834243315133,0.041439171216575664,-0.10071348933596863,2,2022-2023
Clayton Andrews,677076,L,39.0,1.0,27.0,0.3845693967391305,0.8306985507246377,88.93,0.10256410256410256,0.05128205128205128,0.02564102564102564,-0.7371905474215596,1,2023-2023
Zack Kelly,677161,R,88.0,6.0,15.191439747254401,0.34536218759646514,0.4831200201592431,83.52106777493606,0.09778847600421244,0.008123965698811495,0.020159470437791482,-0.5086843180225068,3,2022-2025
Luis Garcia,677651,R,168.0,2.0,27.0,0.33080249078150725,0.6196483705397748,84.24546890588627,0.08726067746686304,0.05817378497790869,0.01718213058419244,-0.15508826854246033,2,2021-2022
Justin Bruihl,677865,L,31.0,4.0,10.379771938522557,0.11509417176224314,0.18275367156943753,76.08686167575607,0.021318790282597914,0.09915716410510658,0.0,1.3860472476648211,2,2021-2025
Slade Cecconi,677944,R,75.0,1.0,27.0,0.31751440903540895,0.5539015894819468,80.52916666666667,0.04,0.04,0.013333333333333334,-0.05189323824077355,1,2025-2025
Braxton Ashcraft,677952,R,72.0,1.0,27.0,0.2655994242424243,0.42030909090909085,82.45769230769231,0.08333333333333333,0.06944444444444445,0.013888888888888888,0.21288334203928044,1,2025-2025
Jaden Hill,677955,R,100.0,5.0,20.006347479143994,0.2678778686149541,0.33326468988030467,84.21138823664165,0.0970620239390642,0.06137105549510337,0.0485310119695321,0.07210145654761616,2,2024-2025
Kumar Rocker,677958,R,73.0,1.0,27.0,0.28671428571428564,0.40178947368421053,85.60285714285715,0.1506849315068493,0.0273972602739726,0.0,-0.2487808399397519,1,2024-2024
Ryan Weathers,677960,L,428.0,5.0,26.999999999999993,0.3151903858734524,0.5481781423040291,83.0938510491251,0.06474051926655885,0.057265765628336934,0.028678646611953497,-0.06919855512115489,4,2021-2025
Randy Dobnak,677976,R,30.0,1.0,27.0,0.3647760416666666,0.5693593750000001,87.65833333333335,0.13333333333333333,0.0,0.0,-0.7805855343206518,1,2024-2024
Seth Halvorsen,678020,R,35.0,2.0,17.5,0.12588888888888888,0.2838,83.3,0.05714285714285714,0.11428571428571428,0.0,1.1323145851782754,1,2024-2024
Mike Vasil,678024,R,55.0,2.0,27.0,0.3965440819672131,0.5295765027322406,80.46923076923075,0.03636363636363636,0.03636363636363636,0.07272727272727272,-0.4602942998502895,1,2025-2025
Ray Kerr,678061,L,34.0,2.0,17.0,0.2930707037037037,1.1108055555555556,82.0375,0.058823529411764705,0.14705882352941177,0.029411764705882353,0.19410994221317243,1,2023-2023
Daysbel Hernández,678226,R,50.0,2.0,25.0,0.1367769166666667,0.11,81.1625,0.02,0.14,0.04,1.3814876844717583,1,2024-2024
Valente Bellozo,678368,R,116.0,3.0,24.54577327619789,0.4258837895225082,0.8453645344321252,88.58687435975125,0.14803272302298404,0.03544994156603039,0.00798597584729256,-1.0268629565555658,2,2024-2025
Brayan Bello,678394,R,351.0,4.0,27.0,0.2967435173491977,0.39712932311729177,83.12393002689622,0.09520568663036902,0.03951149425287356,0.03425589836660616,-0.13818589828129876,4,2022-2025
Randy Rodríguez,678495,R,42.0,2.0,21.0,0.29792620000000003,0.27471428571428574,82.66363636363636,0.023809523809523808,0.023809523809523808,0.047619047619047616,0.031077609316755874,1,2024-2024
Jose A. Ferrer,678606,L,154.0,8.0,20.0499001996008,0.34113607539035734,0.6754166858137639,86.22183026803536,0.10538922155688622,0.06085329341317366,0.006137724550898204,-0.3459352579425375,3,2023-2025
Ronny Henriquez,678692,R,93.0,3.0,26.644772117962468,0.16830903651955728,0.24526115841263296,80.9378016085791,0.035120643431635394,0.07533512064343165,0.020643431635388742,0.7912247751846514,2,2022-2025
Luis Peralta,678821,L,72.0,4.0,18.783783783783786,0.2554635855855856,0.36609369369369366,86.3801051051051,0.1066066066066066,0.06696696696696697,0.030030030030030033,0.08512595751561321,2,2024-2025
Alec Marsh,679525,R,157.0,2.0,26.999999999999996,0.34581980471751156,0.5987325304652541,81.67777903888984,0.07084118554051738,0.04848381017646051,0.024241905088230254,-0.23091635724146042,2,2023-2024
Luinder Avila,679883,R,42.0,3.0,14.0,0.20604518181818185,0.3233333333333333,90.78,0.09523809523809523,0.09523809523809523,0.023809523809523808,0.37611745453924045,1,2025-2025
Justin Martinez,679885,R,78.0,3.0,23.696814852665643,0.25034988838241895,0.3499361226691324,73.73600832824133,0.06216998807698859,0.05331289388519843,0.025378981434167943,0.44173390844384564,2,2023-2024
Grayson Rodriguez,680570,R,87.0,1.0,27.0,0.21995454545454549,0.359,80.71081081081081,0.0574712643678161,0.0574712643678161,0.0,0.4307631996327873,1,2023-2023
Simeon Woods Richardson,680573,R,209.0,3.0,27.0,0.23083520979643185,0.3925619626184845,82.3572719263806,0.06933897672102578,0.076310220341093,0.01182621685547118,0.43482854975475466,3,2022-2025
Josiah Gray,680686,R,181.0,2.0,26.999999999999996,0.2903342850267543,0.5434584652765497,78.59727305893652,0.061904284137654246,0.07725494130631082,0.022072840373231664,0.2495019898607381,2,2021-2023
Kyle Bradish,680694,R,297.0,4.0,27.0,0.29075354406275994,0.5694407609661243,82.06962567711383,0.052324189764948056,0.08008999952127914,0.022547752405572313,0.15548560942510609,3,2022-2025
Nick Sandlin,680704,R,91.0,6.0,19.365095285857574,0.27637295027940967,0.45207472417251754,82.83011762560409,0.05667001003009026,0.09679037111334002,0.009027081243731194,0.340356829243136,3,2022-2024
Drew Rom,680723,L,90.0,1.0,27.0,0.31242919696969695,0.5603680555555555,82.83181818181818,0.03333333333333333,0.07777777777777778,0.03333333333333333,0.07879426480776763,1,2023-2023
Mitchell Parker,680730,L,118.0,3.0,23.413107655973235,0.28954266775509474,0.37946700944695927,86.95549795545416,0.12989568982483762,0.040346388506199565,0.025979137964967525,-0.2245159233500254,2,2024-2025
Sean Burke,680732,R,164.0,2.0,27.0,0.25249001150030526,0.6123196887623588,84.04273240193444,0.062332079527135945,0.10021493820526597,0.023240193444384737,0.32736015019426046,2,2024-2025
Justin Wrobleski,680736,L,97.0,3.0,25.366976638693576,0.27890605717643663,0.5193259525969607,86.20298872141693,0.06396008165116805,0.09389884327511906,0.029938761623951003,0.17676860372876682,2,2024-2025
Josh Winder,680739,R,69.0,1.0,27.0,0.40976756057422964,0.741906568627451,83.96363636363637,0.11594202898550723,0.02898550724637681,0.02898550724637681,-0.7944548930416324,1,2022-2022
Jonathan Bowlan,680742,R,107.0,5.0,21.238590149118842,0.24079215641079837,0.4761831418798939,77.12534267208916,0.041572525982828734,0.07919114324446451,0.011296882060551287,0.5322067974986917,2,2023-2025
Ty Madden,680744,R,60.0,1.0,27.0,0.2592712619047619,0.3783966131907308,87.525,0.06666666666666667,0.03333333333333333,0.016666666666666666,0.014291453229272867,1,2024-2024
Braydon Fisher,680755,R,38.0,3.0,12.666666666666666,0.4032491,0.516,91.39999999999999,0.07894736842105263,0.05263157894736842,0.07894736842105263,-0.7438570732088554,1,2025-2025
Victor Vodnik,680767,R,156.0,7.0,21.414405762304924,0.2959004828812559,0.47262932152171216,85.8992988624021,0.0794717887154862,0.06250500200080032,0.0344937975190076,-0.08153715225484873,3,2023-2025
Grant Holman,680880,R,26.0,2.0,13.000000000000002,0.15,0.2945,88.52857142857144,0.07692307692307693,0.07692307692307693,0.0,0.6774100630437305,1,2024-2024
Spencer Schwellenbach,680885,R,181.0,2.0,27.0,0.27481322724987434,0.43880187617260785,81.9602564102564,0.12154696132596686,0.049723756906077346,0.0055248618784530384,0.028062660661914575,1,2024-2024
Kelvin Cáceres,680983,R,36.0,2.0,18.0,0.5093651428571428,0.7737125,85.67,0.08333333333333331,0.02777777777777778,0.05555555555555556,-1.195105179989751,1,2023-2023
Josh Simpson,681006,L,65.0,3.0,21.666666666666668,0.28173053846153845,0.5497142857142857,81.155,0.07692307692307693,0.07692307692307693,0.015384615384615385,0.16754443866867905,1,2025-2025
Jayden Murray,681151,R,65.0,3.0,21.666666666666668,0.31538855555555556,0.4249230769230769,82.71304347826087,0.09230769230769231,0.046153846153846156,0.03076923076923077,-0.15427403389174166,1,2025-2025
Luis Curvelo,681168,R,30.0,1.0,27.0,0.38111315789473693,0.8535269736842105,79.34545454545454,0.1,0.03333333333333333,0.0,-0.5563615170080688,1,2025-2025
Randy Vásquez,681190,R,281.0,4.0,27.0,0.28562374264779344,0.4183122550694656,84.59637161953252,0.09043304795943813,0.046962014795112625,0.024104396974482585,-0.05381364858568438,3,2023-2025
Chase Silseth,681217,R,95.0,3.0,22.351489133351222,0.3417689785791451,0.4892269129805105,80.3178081708161,0.05379661926482426,0.06721223504158841,0.04936946605849209,-0.061445925560268226,2,2023-2025
Spencer Arrighetti,681293,R,52.0,1.0,27.0,0.3917376737967915,0.8557647058823531,82.59,0.05769230769230769,0.07692307692307693,0.07692307692307693,-0.525790540514456,1,2024-2024
Shane Smith,681343,R,164.0,2.0,27.0,0.21811563414634147,0.41071874999999997,81.56984126984126,0.04878048780487805,0.0975609756097561,0.018292682926829267,0.6255924743030647,1,2025-2025
Mike Burrows,681347,R,94.0,2.0,26.681996086105677,0.3777233967158043,0.571101050005805,84.47178734507503,0.13918786692759297,0.0200587084148728,0.0300880626223092,-0.734941176587322,2,2024-2025
Gus Varland,681402,R,52.0,4.0,13.000000000000002,0.27951253174603174,0.45810101010101006,88.78235294117647,0.15384615384615385,0.038461538461538464,0.019230769230769232,-0.32170320973244426,1,2024-2024
Luke Little,681432,L,58.0,2.0,27.0,0.2841721871101871,0.7047135135135136,78.33,0.051724137931034475,0.10344827586206895,0.034482758620689655,0.2834683524099944,1,2023-2023
Frank German,681464,R,19.0,1.0,19.0,0.2853488,0.429,87.97500000000001,0.10526315789473684,0.10526315789473684,0.05263157894736842,-0.03210131076232433,1,2022-2022
Kyle Leahy,681517,R,73.0,4.0,22.14403351632476,0.3069934461523193,0.5892338640813478,83.06638977174227,0.13406529904651834,0.055186362323028024,0.0,-0.2139731871423046,2,2024-2025
Ryan Fernandez,681676,R,90.0,4.0,22.82115336813323,0.31621359637136964,0.6997962272488745,85.56530387335756,0.08028834203330847,0.09047974148645288,0.02261993537161322,-0.08293049172478974,2,2024-2025
Ethan Roberts,681799,R,52.0,2.0,26.000000000000004,0.40945459683794466,0.6874728260869565,84.28999999999999,0.11538461538461538,0.038461538461538464,0.019230769230769232,-0.7350622271178099,1,2024-2024
Andrew Wantz,681806,R,145.0,7.0,21.201816542128316,0.28235290280160913,0.49616201083980016,81.44340189999814,0.0398093274929142,0.08142231383664005,0.040582324143262044,0.21774663378105308,3,2021-2023
Austin Warren,681810,R,110.0,4.0,25.13226649248857,0.3664404222548806,0.5564275585942469,82.38732854343566,0.09183540169823644,0.037753102547354665,0.027041149575440886,-0.3962987152144778,2,2021-2024
Reese Olson,681857,R,157.0,2.0,26.999999999999996,0.2701400708469046,0.4703466834484594,82.64647477106348,0.072592464867661,0.06164324510733684,0.011552720062074317,0.15430438791812764,2,2023-2024
Cooper Criswell,681867,R,61.0,1.0,27.0,0.4314555474137931,0.7313385579937304,77.62105263157895,0.06557377049180328,0.04918032786885246,0.03278688524590164,-0.5382033475125552,1,2023-2023
Shawn Dubin,681869,R,46.0,2.0,23.0,0.18576679841897237,0.460639751552795,88.92222222222222,0.043478260869565216,0.08695652173913043,0.0,0.571080942525799,1,2024-2024
Erik Sabrowski,681870,L,84.0,5.0,17.81422785701708,0.12257032505722837,0.3283431061806656,77.0211498188816,0.02641310089804543,0.15742208135235078,0.02403592181722134,1.4964532362178289,2,2024-2025
Colin Selby,681882,R,91.0,5.0,18.50092178035291,0.2993350315424838,0.5675053646628444,86.5504939990218,0.10073742428232815,0.06360284435080327,0.017645509612852252,-0.1494641245665162,3,2023-2025
Kody Funderburk,681892,L,139.0,6.0,21.59094790777113,0.1925928968558342,0.3509935464194217,77.13088438160523,0.04406490179333902,0.08403074295473953,0.005721605465414176,0.812804056941344,3,2023-2025
Alex Vesia,681911,L,144.0,9.0,17.12994299964375,0.36652896863001244,0.6981206359102244,83.24124609112141,0.055130032062700396,0.0773067331670823,0.0486284289276808,-0.30234605290787325,5,2021-2025
Grant Anderson,681982,R,26.0,1.0,26.0,0.4140905923344948,0.8559219512195122,79.49,0.07692307692307693,0.07692307692307693,0.0,-0.38195471630478417,1,2025-2025
Lane Ramsey,682010,R,28.0,2.0,14.000000000000002,0.3155575714285715,0.44899999999999995,78.98888888888888,0.03571428571428571,0.07142857142857142,0.03571428571428571,0.16266994060209594,1,2023-2023
Garrett Hill,682051,R,46.0,2.0,23.0,0.3332112142857144,0.46222222222222226,79.0,0.021739130434782608,0.06521739130434782,0.043478260869565216,0.05190794296975917,1,2022-2022
Jacob Lopez,682052,L,88.0,1.0,27.0,0.35838435802469143,0.5411933333333334,82.34571428571428,0.10227272727272728,0.045454545454545456,0.03409090909090909,-0.4051572490634515,1,2023-2023
Tim Herrin,682120,L,63.0,4.0,16.11352657004831,0.3139742602657005,0.28941545893719806,79.44363354037267,0.0769496204278813,0.045548654244306416,0.051759834368530024,-0.00975479684676939,2,2024-2025
Penn Murfee,682171,R,51.0,2.0,25.5,0.25404485049833886,0.618204134366925,81.04375,0.0784313725490196,0.09803921568627451,0.0,0.252867477035847,1,2022-2022
Brandon Williamson,682227,L,82.0,1.0,27.0,0.301279119047619,0.4112857142857143,83.79230769230769,0.06097560975609756,0.024390243902439025,0.024390243902439025,-0.1744081971034236,1,2023-2023
Bryce Miller,682243,R,269.0,4.0,26.999999999999996,0.33096091041951187,0.5385998867461168,83.9046115705024,0.10936316984941533,0.04685791200471103,0.01888617817784134,-0.29928041751311013,3,2023-2025
Mason Montgomery,682254,L,59.0,2.0,26.999999999999996,0.15750935714285716,0.3498,85.77692307692307,0.06779661016949153,0.13559322033898305,0.01694915254237288,0.9712129330612744,1,2024-2024
Yaramil Hiraldo,682274,R,33.0,3.0,11.0,0.21638855555555558,0.4973333333333333,77.13,0.0,0.15151515151515152,0.030303030303030304,1.0629424566946595,1,2025-2025
Abner Uribe,682842,R,77.0,4.0,20.35995989304813,0.22375547149975694,0.31481821524064174,79.15003936423054,0.04461898395721925,0.06701203208556149,0.03358957219251337,0.5183276820808632,2,2023-2025
Luis Ortiz,682847,R,216.0,3.0,26.999999999999996,0.37581568513099084,0.6453907636360904,85.71050863620496,0.08620914181534055,0.04414637322568042,0.024612579762989972,-0.5138236204150006,3,2022-2024
Quinn Priester,682990,R,274.0,3.0,27.0,0.2990845160737835,0.39522253642389155,83.2354099450452,0.0774242155646162,0.03390356319801454,0.017638716539620635,-0.08325343657212082,3,2023-2025
Hunter Barco,682995,L,45.0,2.0,22.5,0.3258650793650794,0.6233227513227513,84.68125,0.1111111111111111,0.06666666666666667,0.0,-0.2027669739789289,1,2025-2025
Jared Jones,683003,R,89.0,1.0,27.0,0.2696911052631579,0.5166363636363637,80.3,0.0449438202247191,0.07865168539325842,0.02247191011235955,0.3328748207957411,1,2024-2024
Jack Leiter,683004,R,149.0,2.0,27.0,0.30054827356278657,0.5937358226727438,82.09103244800244,0.0933314334568253,0.07708748931319463,0.02465089769165004,0.004065968227946159,2,2024-2025
Zach Penrod,683068,L,29.0,2.0,14.5,0.5319308333333334,0.324,80.9,0.06896551724137931,0.0,0.13793103448275862,-1.2346892851230777,1,2024-2024
Joey Estes,683155,R,154.0,2.0,27.0,0.33400617833000107,0.5126114350702385,83.20520015236147,0.08615143875510736,0.04337998782926193,0.033034860471181426,-0.28440330518272217,2,2023-2024
Connor Phillips,683175,R,72.0,5.0,14.645502645502644,0.2522487892416226,0.3576664133431193,82.8008420663534,0.05878894767783656,0.11757789535567312,0.05893592004703115,0.5118980230334143,2,2023-2025
Nick Mears,683232,R,187.0,10.0,19.27439118970063,0.3003039603218013,0.4608849727899362,81.4949738353347,0.04870482394912361,0.05219481929579649,0.042422832325112445,0.03359386356976803,5,2021-2025
Angel Chivilli,683409,R,107.0,4.0,26.09612769307852,0.4598819432611396,0.8385664786443167,84.79971925973645,0.14365471333476487,0.04595232982606828,0.01760790208288598,-1.0201708422062936,2,2024-2025
Jairo Iriarte,683568,R,33.0,1.0,27.0,0.208016375,0.2414,83.6888888888889,0.030303030303030304,0.06060606060606061,0.030303030303030304,0.5680014821019249,1,2024-2024
Edgardo Henriquez,683618,R,93.0,6.0,16.22732054705835,0.27092349412497013,0.6059328145564202,83.8195665075126,0.09055596018451081,0.086185967467832,0.019907744598203447,0.15369863011176796,2,2024-2025
Anthony Molina,683627,R,68.0,2.0,27.0,0.5210560911818276,0.8713799533955832,94.65358184764992,0.2226904376012966,0.05899513776337114,0.01620745542949757,-1.6032918139870103,2,2024-2025
Hunter Gaddis,683769,R,78.0,6.0,13.37377109998145,0.24855612687813025,0.6304735737340011,83.80528658875903,0.062047857540345024,0.10879243183082916,0.0,0.4343406386158501,2,2024-2025
Shota Imanaga,684007,L,91.0,1.0,27.0,0.43002922526117093,0.790896056110933,88.34864864864865,0.17582417582417584,0.03296703296703297,0.01098901098901099,-1.0965749770678017,1,2025-2025
Yariel Rodríguez,684320,R,107.0,3.0,23.07003469210754,0.24750082678190932,0.48026784267506545,81.55136439561852,0.05724197745013009,0.07697311361665221,0.028620988725065046,0.36367412394034127,2,2024-2025
Carson Ragsdale,685068,R,17.0,1.0,17.0,0.14616666666666667,0.26699999999999996,89.65,0.17647058823529413,0.11764705882352941,0.0,0.6221566993812336,1,2025-2025
Anthony Veneziano,685107,L,82.0,4.0,20.74950033311126,0.39549518752475316,0.5680089832584728,87.95183994983735,0.08311125916055963,0.03847435043304463,0.04963357761492338,-0.6910003117441792,2,2023-2024
Brandon Eisert,685126,L,71.0,4.0,18.795181937304704,0.4233700635016631,0.7180442243725431,86.31142165968292,0.07287571817357122,0.03991533111581493,0.03023888720895071,-0.7393001308915467,2,2024-2025
Tanner Gordon,685299,R,70.0,1.0,27.0,0.4944078670688579,0.9544037593324552,80.49666666666667,0.1,0.04285714285714286,0.014285714285714285,-1.008048763161603,1,2025-2025
Andrew Saalfrank,685314,L,57.0,4.0,15.025672371638143,0.34539611221475147,0.46939361756316217,86.5472503589863,0.08170334148329259,0.04095354523227385,0.040749796251018745,-0.40382987157657996,2,2023-2025
McCade Brown,685326,R,142.0,2.0,27.0,0.3560799704031844,0.863665547442494,85.66315789473684,0.09154929577464789,0.08450704225352113,0.035211267605633804,-0.3996505659121937,1,2025-2025
Hunter Bigge,685801,R,41.0,2.0,20.5,0.31377683626373626,0.834384249084249,89.31428571428572,0.14634146341463414,0.0975609756097561,0.024390243902439025,-0.369252634581262,1,2024-2024
Emmet Sheehan,686218,R,106.0,2.0,25.5947879407256,0.2865963466403292,0.902405496214792,81.52589127785858,0.08980582524271843,0.12391415431783341,0.0,0.20045610637191247,2,2023-2025
Declan Cronin,686539,R,71.0,4.0,19.986084514234644,0.31598818015389435,0.3820672156261969,78.63051019579169,0.04136346227499043,0.04136346227499043,0.04423592493297587,0.02189531317398619,2,2023-2024
Jonathan Cannon,686563,R,246.0,4.0,27.0,0.2878214463269032,0.6010813302797748,82.68031442462042,0.0782312925170068,0.07446221731936019,0.019672733958448242,0.07340031803024316,2,2024-2025
Justin Slaten,686580,R,56.0,4.0,14.202756691969636,0.28742314793676155,0.37031524313680725,81.33511550844868,0.11825809029165002,0.016380343587694763,0.01997602876548142,-0.18277582384735336,2,2024-2025
Ken Waldichuk,686610,L,275.0,3.0,27.0,0.30210091518998455,0.4622834023417899,79.16879786586385,0.038451966152314575,0.04946490791438526,0.030114484818317563,0.07521164281435119,2,2022-2023
Hunter Brown,686613,R,206.0,5.0,26.035503663549175,0.22874024884634184,0.3314564841841901,80.10741156726824,0.04479656877345565,0.0702924882349437,0.024006671829391788,0.5008463708637803,4,2022-2025
Fraser Ellard,686642,L,94.0,5.0,18.757175981450388,0.3439601574240813,0.340020976163796,85.19445594677508,0.039337970736387624,0.04365555289038139,0.06548332933557208,-0.2235699959953124,2,2024-2025
Carson Spiers,686730,R,109.0,2.0,27.0,0.37489062182184973,0.6090198212677225,83.76915459210976,0.06704245622451427,0.02770448548812665,0.019668985368193812,-0.5179289826271612,2,2023-2024
Joe La Sorsa,686747,L,77.0,5.0,15.367500857044908,0.2874736458057541,0.23832852673980112,79.28411038738429,0.05622214604045251,0.02296880356530682,0.03702434007541995,0.0839220670786591,2,2023-2024
Ryan Pepiot,686752,R,350.0,5.0,27.0,0.3044535870865644,0.5653248432808333,81.7214500936962,0.06875112958611963,0.07251039219230074,0.02866437737213085,0.0397418705830967,3,2023-2025
Drey Jameson,686753,R,98.0,1.0,27.0,0.4253794625219941,0.8766801557917889,81.61764705882354,0.09183673469387756,0.07142857142857142,0.020408163265306117,-0.6659644909235152,1,2022-2022
Trevor McDonald,686790,R,128.0,2.0,27.0,0.192040286502537,0.39386757453022536,81.95941264618519,0.07141676310133907,0.08943627045792694,0.006777979831377086,0.6599766656333728,2,2024-2025
Blake Walston,686796,L,48.0,1.0,27.0,0.4806529217614744,0.947487965782224,86.74117647058823,0.10416666666666669,0.020833333333333332,0.0,-1.2276113655705772,1,2024-2024
Jack Kochanowicz,686799,R,159.0,2.0,27.0,0.27405469934640525,0.3858895021645022,81.83142857142857,0.10062893081761007,0.031446540880503145,0.012578616352201259,0.003772697119652082,1,2024-2024
Bryce Jarvis,686826,R,126.0,3.0,27.0,0.3367065100854543,0.5569232175530662,80.90540006086904,0.08310048639138985,0.03808341094898065,0.01728241746869502,-0.26895397181153957,2,2023-2025
Mason Barnett,686930,R,97.0,1.0,27.0,0.29576238961038964,0.47384060150375934,83.12820512820512,0.09278350515463918,0.030927835051546393,0.020618556701030927,-0.1827925269649641,1,2025-2025
Cole Waites,686972,R,22.0,2.0,11.0,0.34767916666666676,0.7267916666666668,79.88571428571429,0.045454545454545456,0.045454545454545456,0.0,-0.21031375098800334,1,2022-2022
Louis Varland,686973,R,239.0,7.0,23.937706133036873,0.2211339512289378,0.44941692897796476,81.25284765482739,0.06503613118399111,0.0858810450250139,0.008560311284046692,0.512988531009784,4,2022-2025
Justin Sterner,686993,R,40.0,2.0,20.0,0.168562125,0.1414,84.97999999999999,0.025,0.05,0.025,0.6506147778866417,1,2025-2025
Brandon Sproat,687075,R,61.0,1.0,27.0,0.37773500000000004,0.4900145833333333,84.16153846153846,0.09836065573770492,0.03278688524590164,0.04918032786885246,-0.5666375777611541,1,2025-2025
Bradley Blalock,687134,R,75.0,1.0,27.0,0.5102427407407407,0.7704739583333333,84.73333333333333,0.13333333333333333,0.013333333333333334,0.04,-1.3555474295405827,1,2025-2025
Austin Pope,687166,R,36.0,1.0,27.0,0.3824996666666667,0.5027142857142857,87.4923076923077,0.1111111111111111,0.027777777777777776,0.027777777777777776,-0.6701644555664986,1,2025-2025
Kevin Kelly,687330,R,144.0,7.0,21.152522238797726,0.42187318447087135,0.9062385827213069,84.4583350261947,0.11321067462290735,0.0634012928891099,0.019393336648433613,-0.7469452255504568,3,2023-2025
Orlando Ribalta,687377,R,34.0,2.0,17.0,0.343999,0.26266666666666666,81.33,0.058823529411764705,0.029411764705882353,0.058823529411764705,-0.21076638801374725,1,2025-2025
Anthony Maldonado,687424,R,43.0,2.0,21.5,0.23211111111111113,0.30233333333333334,85.60000000000001,0.06976744186046512,0.0,0.046511627906976744,-0.048106365163197454,1,2024-2024
Mitch Spence,687765,R,214.0,3.0,27.0,0.3930954814231316,0.6336922652180002,84.60393561562181,0.12025660541480919,0.0366423833858867,0.02228987713384799,-0.6809870867605298,2,2024-2025
DJ Herz,687792,L,81.0,1.0,27.0,0.25705680952380955,0.3296533333333333,82.84516129032258,0.08641975308641975,0.037037037037037035,0.037037037037037035,0.08447701694253364,1,2024-2024
Nick Robertson,687798,R,29.0,2.0,14.682524729156853,0.28552786936724756,0.42914178049929347,81.97502590673575,0.10174281676872352,0.03155911446066886,0.0,-0.0940236548745697,2,2023-2024
Sawyer Gipson-Long,687830,R,92.0,1.0,27.0,0.2871753612750885,0.5591573902288188,81.62962962962965,0.07608695652173914,0.06521739130434782,0.021739130434782608,0.03495139532988038,1,2023-2023
Marc Church,687847,R,15.0,1.0,14.999999999999998,0.318,0.5136666666666666,86.64000000000001,0.06666666666666667,0.06666666666666667,0.0,-0.04624781436379312,1,2024-2024
Zak Kent,687849,R,57.0,3.0,19.0,0.27922484999999997,0.3811111111111111,84.85600000000001,0.12280701754385964,0.017543859649122806,0.017543859649122806,-0.2501900720209068,1,2025-2025
Porter Hodge,687863,R,20.0,2.0,10.0,0.20333333333333334,0.36175,89.8625,0.15,0.1,0.0,0.3622856732068537,1,2024-2024
Bryan King,687911,L,26.0,2.0,13.0,0.7379833795868025,1.2950965155720011,92.52499999999999,0.23076923076923078,0.0,0.0,-2.806766292968107,1,2025-2025
Easton Lucas,687922,L,83.0,2.0,27.0,0.38861284555229714,0.5584766633064516,82.36341463414634,0.0963855421686747,0.024096385542168676,0.04819277108433735,-0.6333951480063718,1,2024-2024
Robert Gasser,688107,L,57.0,1.0,27.0,0.3205176875,0.3776,85.39444444444445,0.08771929824561403,0.05263157894736842,0.05263157894736842,-0.2104343696560344,1,2025-2025
Logan Evans,688138,R,49.0,1.0,27.0,0.21954141666666668,0.2503,78.8578947368421,0.061224489795918366,0.02040816326530612,0.02040816326530612,0.3139421602357757,1,2025-2025
David Morgan,688158,R,53.0,3.0,17.666666666666668,0.38790800000000003,0.44725,89.27272727272727,0.05660377358490566,0.05660377358490566,0.07547169811320754,-0.5236082544461169,1,2025-2025
Chris Roycroft,688297,R,94.0,3.0,26.999999999999996,0.32992972645819224,0.3933435983056184,81.33443908458604,0.06125196320394884,0.01121830827911151,0.040834642135965896,-0.2991207408570166,2,2024-2025
Kolton Ingram,688427,L,8.0,1.0,8.0,0.18166666666666664,1.0895,88.25,0.125,0.25,0.0,0.9235386303683522,1,2023-2023
Taylor Rashi,688497,R,67.0,2.0,27.0,0.2404640714285714,0.5601666666666666,79.49411764705883,0.029850746268656716,0.1044776119402985,0.014925373134328358,0.6031885909280862,1,2025-2025
Zach Agnos,688642,R,25.0,2.0,12.5,0.13591616666666667,0.056666666666666664,80.8,0.04,0.08,0.04,0.9930526721691676,1,2025-2025
Landon Knack,689017,R,193.0,3.0,27.0,0.26899498190452903,0.5307861277741645,85.35420210149262,0.08991436726926737,0.08063748810656517,0.010823025689819219,0.12766572594337633,2,2024-2025
Orion Kerkering,689147,R,124.0,7.0,18.047158700559425,0.28605864941230275,0.4635270651356037,82.45094375395927,0.08136225341054076,0.0736087937972323,0.03906173324173127,0.08889805189185307,3,2023-2025
Beau Brieske,689225,R,140.0,5.0,26.20088593576966,0.17449407148634988,0.27984883720930237,79.33752753977969,0.06720455624110108,0.05021357380161366,0.012719506407214047,0.6341962209212003,2,2023-2024
Mason Fluharty,689254,L,63.0,3.0,21.0,0.09415384615384616,0.228,77.83999999999999,0.015873015873015872,0.1111111111111111,0.0,1.4289360437926377,1,2025-2025
Dylan Dodd,689266,L,102.0,2.0,24.494148423516453,0.35541957648206385,0.5417891747032858,82.14352362822542,0.14745972738537796,0.00922483822112075,0.00922483822112075,-0.6478041880975657,2,2023-2025
Cody Laweryson,689520,R,18.0,2.0,9.0,0.27175,0.5793333333333334,69.34,0.0,0.1111111111111111,0.0,0.85100988766911,1,2025-2025
Andrew Walters,689958,R,41.0,2.0,20.5,0.36435855454545457,0.4701010101010101,85.12777777777778,0.07317073170731707,0.0,0.024390243902439025,-0.5729072972919133,1,2024-2024
Ben Joyce,690829,R,40.0,2.0,20.0,0.50535075,0.6348,84.20769230769231,0.07499999999999998,0.025,0.05,-1.059320359082517,1,2023-2023
Richard Fitts,690916,R,78.0,1.0,27.0,0.33709448888888893,0.46357870370370374,76.059375,0.0641025641025641,0.02564102564102564,0.02564102564102564,-0.11243072530350479,1,2024-2024
Clayton Beeter,690925,R,79.0,4.0,20.254974417282547,0.24944095148758763,0.3198214894826606,80.67994802241533,0.03496304718590108,0.10090960773166573,0.04007959067652075,0.5943152431993914,2,2024-2025
Mick Abel,690953,R,73.0,1.0,27.0,0.1586427142857143,0.2982727272727273,82.788,0.0684931506849315,0.1232876712328767,0.0136986301369863,0.9685873808971569,1,2025-2025
Kyle Harrison,690986,L,159.0,2.0,27.0,0.3137093679320782,0.41609535580843593,79.11242833324408,0.05735271136115018,0.06782309735896233,0.0496171276761994,0.08316628093778852,2,2023-2025
Cade Horton,690990,R,27.0,1.0,27.0,0.3570625,0.6656523437499999,91.84444444444445,0.1111111111111111,0.07407407407407407,0.0,-0.4502856489081491,1,2025-2025
Nolan McLean,690997,R,94.0,1.0,27.0,0.36494900280504905,1.20892781701891,82.16153846153846,0.06382978723404255,0.11702127659574468,0.02127659574468085,-0.26665452684988505,1,2025-2025
Yosver Zulueta,691172,R,21.0,1.0,21.0,0.061,0.275,80.43333333333334,0.0,0.14285714285714285,0.0,1.721692514085208,1,2024-2024
Eury Pérez,691587,R,100.0,1.0,27.0,0.28915110606060607,0.9040781250000001,81.56363636363636,0.05,0.11,0.03,0.14815001756131255,1,2025-2025
Javier Sanoja,691594,R,16.0,1.0,16.0,0.20062425,0.046000000000000006,88.58571428571429,0.1875,0.0,0.0625,-0.23442343944475658,1,2025-2025
Philip Abner,691769,L,49.0,3.0,16.333333333333332,0.3921270681341719,0.7702799640610962,81.47222222222223,0.08163265306122448,0.061224489795918366,0.04081632653061224,-0.49635517257045836,1,2025-2025
Grant Taylor,691799,R,29.0,2.0,14.5,0.39731944444444445,0.9940888888888889,95.6375,0.20689655172413793,0.10344827586206896,0.0,-0.920582957994263,1,2025-2025
Sam Aldegheri,691951,L,188.0,2.0,27.0,0.3949528057976381,0.6244607660842447,82.82950819672132,0.06382978723404255,0.0425531914893617,0.0425531914893617,-0.5191426603413124,1,2025-2025
Jose Corniell,692030,R,41.0,1.0,27.0,0.4481354691358025,0.8023779761904759,84.54375,0.0975609756097561,0.024390243902439025,0.024390243902439025,-0.9732755468522287,1,2025-2025
Carlos Rodriguez,692230,R,51.0,1.0,27.0,0.19377711111111112,0.225,82.65625,0.058823529411764705,0.09803921568627451,0.0392156862745098,0.7163353206561339,1,2025-2025
Luis Guerrero,692285,R,41.0,3.0,13.666666666666666,0.3442131,0.42,82.0,0.07317073170731707,0.024390243902439025,0.024390243902439025,-0.27098728977745795,1,2024-2024
Kyle Nicolas,693312,R,87.0,4.0,21.53372681281619,0.14002361420877985,0.4545069729278862,83.30723210179366,0.07982012366498033,0.11734120292299047,0.0,0.8875542487147013,2,2023-2025
Carson Seymour,693313,R,43.0,1.0,27.0,0.16784970000000002,0.2406,85.26,0.023255813953488372,0.09302325581395349,0.023255813953488372,0.8348161692433643,1,2025-2025
Bryan Woo,693433,R,158.0,2.0,27.0,0.23277511376205495,0.3512281662781663,81.47615016562386,0.03812041616919666,0.08451304792768206,0.029848200579907898,0.5507235706953245,2,2023-2024
Cam Schlittler,693645,R,97.0,1.0,27.0,0.26399557692307696,0.522982142857143,83.01290322580645,0.05154639175257732,0.09278350515463918,0.030927835051546393,0.3122400498061508,1,2025-2025
Bryce Elder,693821,R,263.0,3.0,27.0,0.357542854579313,0.6729853210226198,83.35138301301967,0.09306026075351606,0.056667693255312596,0.016528077199466175,-0.36579714322637563,3,2022-2025
Ian Seymour,693855,L,169.0,2.0,27.0,0.40113169497911605,0.7206663476874002,78.70545454545454,0.05917159763313609,0.05325443786982249,0.029585798816568046,-0.4024804654325633,1,2025-2025
Daniel Palencia,694037,R,66.0,4.0,17.883903974813066,0.2575508210797467,0.5885209235209236,86.6916230955192,0.14482487209759937,0.09208972845336481,0.0,0.05456975879689649,2,2023-2025
Brandon Pfaadt,694297,R,391.0,5.0,26.999999999999996,0.3056781962271357,0.6285883549751963,84.52298320835615,0.10789231545516605,0.0742631563325517,0.01620610845626428,-0.13575410142918262,3,2023-2025
Matt Svanson,694335,R,42.0,3.0,14.0,0.17670000000000002,0.461,83.6,0.11904761904761904,0.11904761904761904,0.0,0.6883209694586524,1,2025-2025
Will Klein,694361,R,44.0,2.0,22.0,0.34235928904109597,0.7013972602739726,87.46666666666665,0.09090909090909091,0.06818181818181818,0.022727272727272728,-0.36088262635663015,1,2025-2025
Jared Shuster,694363,L,55.0,2.0,27.0,0.2920403076923077,0.26180000000000003,80.83,0.01818181818181818,0.07272727272727272,0.07272727272727272,0.3158880766772487,1,2024-2024
Hurston Waldrep,694462,R,91.0,1.0,27.0,0.33763952,0.4303125,86.52307692307691,0.12087912087912088,0.054945054945054944,0.04395604395604396,-0.36886473250327917,1,2025-2025
Chad Patrick,694477,R,76.0,2.0,27.0,0.3034029097222222,0.8590044444444445,78.18095238095238,0.05263157894736842,0.10526315789473684,0.039473684210526314,0.1438411805446955,1,2025-2025
Landen Roupp,694738,R,97.0,1.0,27.0,0.34085087012987014,0.5457535714285714,80.53333333333333,0.09278350515463918,0.041237113402061855,0.020618556701030927,-0.25212214484875245,1,2024-2024
Jacob Misiorowski,694819,R,58.0,1.0,27.0,0.3583035034965035,0.5362857142857143,81.02666666666667,0.034482758620689655,0.05172413793103448,0.05172413793103448,-0.2071604364102248,1,2025-2025
Andrew Hoffmann,694851,R,24.0,1.0,24.0,0.37989940000000005,0.4709999999999999,91.47499999999998,0.125,0.0,0.041666666666666664,-0.9484747394268713,1,2025-2025
Paul Skenes,694973,R,108.0,2.0,26.273637589062197,0.18686322183279447,0.38499335341358165,82.85806133256307,0.08492201039861352,0.0910841517427306,0.0,0.6538534163730841,2,2024-2025
Rhett Lowder,695076,R,91.0,1.0,27.0,0.32997109523809526,0.4188235294117647,81.684375,0.07692307692307693,0.01098901098901099,0.03296703296703297,-0.31073578459728374,1,2024-2024
Mason Miller,695243,R,181.0,7.0,22.94214952407356,0.22886959717157201,0.4358621002832384,83.49802952071057,0.043595785971721646,0.10458830052675352,0.03014970889936235,0.5536825227909854,3,2023-2025
Brad Lord,695418,R,175.0,2.0,27.0,0.3725865425847582,0.721024540012239,84.93880597014925,0.11428571428571428,0.045714285714285714,0.017142857142857144,-0.5845974944727425,1,2025-2025
Chase Burns,695505,R,63.0,2.0,27.0,0.23903208284023666,0.6976153846153846,79.80588235294118,0.015873015873015872,0.1111111111111111,0.031746031746031744,0.5554171661648396,1,2025-2025
Jackson Jobe,695549,R,48.0,2.0,24.0,0.24727540000000003,0.30933333333333335,84.83125,0.08333333333333333,0.041666666666666664,0.020833333333333332,0.155218830869437,1,2024-2024
Mason Black,696131,R,70.0,1.0,27.0,0.37336205882352946,0.4614666666666667,80.12105263157895,0.08571428571428572,0.04285714285714286,0.07142857142857142,-0.3968463843712114,1,2024-2024
Jordan Wicks,696136,L,97.0,3.0,26.67870999030068,0.34234726091866136,0.6204648116198362,84.08758690673166,0.07698836081474296,0.06874393792434529,0.00812318137730359,-0.1644595515121686,2,2023-2025
Sam Bachman,696147,R,56.0,3.0,18.666666666666668,0.3511491166827387,0.541454918032787,89.71764705882353,0.14285714285714285,0.05357142857142857,0.03571428571428571,-0.5868057769365278,1,2025-2025
Bubba Chandler,696149,R,86.0,1.0,27.0,0.15680720092915215,0.3258910569105691,81.16250000000001,0.05813953488372093,0.06976744186046512,0.0,0.761400973765067,1,2025-2025
Bradgley Rodriguez,699134,R,42.0,2.0,21.0,0.15327744444444444,0.27466666666666667,86.47,0.047619047619047616,0.11904761904761904,0.023809523809523808,0.9217703869119676,1,2025-2025
Troy Taylor,700187,R,43.0,2.0,21.5,0.30102,0.7328999999999999,83.82857142857142,0.06976744186046512,0.09302325581395349,0.0,0.0756603038091688,1,2024-2024
Michael McGreevy,700241,R,262.0,3.0,26.999999999999996,0.3112297803823062,0.5106934682941183,82.91265199627189,0.07222125888676954,0.0521068146349922,0.015779434714756374,-0.06740919223447248,2,2024-2025
Cade Povich,700249,L,178.0,2.0,26.999999999999996,0.27417127338596803,0.39112523758557033,83.13309340448636,0.08279399194040786,0.034436439125656367,0.017218219562828183,0.004287417555668898,2,2024-2025
Yilber Díaz,700270,R,43.0,1.0,27.0,0.38320563636363636,0.40587499999999993,83.05,0.11627906976744186,0.023255813953488372,0.046511627906976744,-0.5843110274498464,1,2024-2024
AJ Smith-Shawver,700363,R,64.0,1.0,26.999999999999996,0.3120009633699634,0.4917957142857142,83.45,0.078125,0.03125,0.015625,-0.2321998972806234,1,2023-2023
Gordon Graceffo,700669,R,31.0,1.0,27.0,0.3614161666666667,0.496,80.6625,0.06451612903225806,0.03225806451612903,0.03225806451612903,-0.3191369093918911,1,2025-2025
Pierson Ohl,701487,R,42.0,2.0,21.0,0.2788333333333333,0.516,82.81818181818181,0.047619047619047616,0.09523809523809523,0.0,0.36531904007362065,1,2025-2025
Travis Adams,701519,R,55.0,3.0,18.333333333333332,0.4013212142857143,0.5059166666666667,83.08947368421053,0.07272727272727272,0.01818181818181818,0.01818181818181818,-0.5777832311127967,1,2025-2025
Will Warren,701542,R,103.0,2.0,26.089256865912766,0.324443459754533,0.8704546476802343,87.33342084006463,0.08723747980613894,0.09551696284329564,0.018376413570274638,-0.23850777968312345,2,2024-2025
David Festa,701581,R,72.0,1.0,27.0,0.2958775413951128,0.5802578588078587,81.39333333333335,0.08333333333333333,0.06944444444444446,0.013888888888888888,0.05480891150529301,1,2024-2024
Grant Hartwig,701643,R,25.0,2.0,12.5,0.20857214285714284,0.1834,85.53636363636363,0.16,0.04,0.04,0.033254387179629474,1,2023-2023
Trey Yesavage,702056,R,94.0,1.0,27.0,0.24286336363636363,0.33146666666666663,85.64137931034483,0.0851063829787234,0.05319148936170213,0.02127659574468085,0.15958534825274814,1,2025-2025
Noah Cameron,702070,L,96.0,1.0,27.0,0.452535380715527,0.9074988464073831,86.76818181818182,0.08333333333333333,0.0625,0.041666666666666664,-0.8946226322533511,1,2025-2025
Spencer Bivens,702352,R,103.0,5.0,20.564629434492446,0.3429184611770929,0.7459285316864683,81.68788836734042,0.045100105374077964,0.06807165437302423,0.02971548998946259,-0.179708370483632,2,2024-2025
Caden Dana,702674,R,93.0,1.0,27.0,0.3055696775897976,0.5863968921074184,78.84571428571428,0.10752688172043011,0.053763440860215055,0.010752688172043012,-0.07164151270378638,1,2025-2025
Parker Messick,800048,L,89.0,1.0,27.0,0.37920133900234826,0.9336255523731587,83.03529411764706,0.06741573033707865,0.07865168539325842,0.011235955056179775,-0.37725891530539185,1,2025-2025
Payton Tolle,801139,L,38.0,2.0,19.0,0.31277462500000003,0.5274000000000001,79.42666666666668,0.07894736842105263,0.05263157894736842,0.02631578947368421,-0.05166558198107367,1,2025-2025
Jonah Tong,804636,R,57.0,1.0,27.0,0.4770297912087912,0.6931055944055944,93.325,0.17543859649122806,0.017543859649122806,0.03508771929824561,-1.453724199385907,1,2025-2025
AJ Blubaugh,805123,R,70.0,1.0,27.0,0.34062425,0.34340000000000004,80.74,0.05714285714285714,0.02857142857142857,0.05714285714285714,-0.22709685684141218,1,2025-2025
Brandyn Garcia,805299,L,59.0,3.0,19.666666666666668,0.31046626666666666,0.41630000000000006,84.425,0.0847457627118644,0.05084745762711865,0.03389830508474576,-0.13412444894686384,1,2025-2025
Zebby Matthews,805673,R,168.0,2.0,27.0,0.34534718426844907,0.6549910789244645,84.70992647058824,0.10781249999999999,0.06575520833333333,0.016015625,-0.3403498127382377,2,2024-2025
Hayden Birdsong,806185,R,144.0,2.0,27.0,0.3116345037550962,0.814281596452328,81.62413793103448,0.041666666666666664,0.10416666666666667,0.041666666666666664,0.0695720359699987,1,2024-2024
Cade Gibson,806188,L,52.0,4.0,13.0,0.30645758333333334,0.2934285714285715,77.26923076923077,0.057692307692307696,0.038461538461538464,0.057692307692307696,0.045134916820275775,1,2025-2025
Luis Morales,806960,R,101.0,1.0,27.0,0.23693095,0.37586298076923075,83.0064516129032,0.0594059405940594,0.04950495049504951,0.019801980198019802,0.2581989648201917,1,2025-2025
Roki Sasaki,808963,R,25.0,2.0,12.5,0.14633673469387753,0.5927619047619047,87.72,0.08,0.16,0.0,0.9455597373177599,1,2025-2025
Yoshinobu Yamamoto,808967,R,165.0,2.0,27.0,0.2901417325159737,0.5383063956507549,76.08068986228773,0.038234134804887666,0.07830771252135067,0.01313887793982394,0.36655720925009994,2,2024-2025
Connelly Early,813349,L,86.0,1.0,27.0,0.23427592142857137,0.503871875,81.22333333333333,0.05813953488372093,0.08139534883720931,0.011627906976744186,0.4321301362396564,1,2025-2025
Mitch Farris,815083,L,84.0,1.0,27.0,0.4087860588127209,0.8034458745838203,79.16923076923078,0.07142857142857142,0.05952380952380952,0.023809523809523808,-0.4658121221480877,1,2025-2025
José Fermin,820862,R,30.0,2.0,15.0,0.13978528571428572,0.07016666666666667,84.77777777777777,0.0,0.0,0.03333333333333333,0.5608000168591194,1,2025-2025
Shinnosuke Ogasawara,829272,L,34.0,2.0,17.0,0.42509087647058824,0.7514411764705883,85.01111111111112,0.11764705882352941,0.058823529411764705,0.029411764705882353,-0.7488964531336048,1,2025-2025
