created_ts,report_date,phase,game_pk,away,home,away_pitcher,home_pitcher,p_home,p_home_model,p_home_simple,p_home_no_lineup,p_home_full_lineup,projected_total,projected_total_model,projected_total_simple,projected_margin,projected_margin_model,projected_margin_simple,lineup_multiplier_used,probability_shrink_alpha,total_shrink_alpha,margin_shrink_alpha,away_lineup_count,home_lineup_count,away_lineup_confidence,home_lineup_confidence,away_lineup_prior_heavy,home_lineup_prior_heavy,lineup_delta,away_starter_confidence,home_starter_confidence,away_expected_ip,home_expected_ip,away_short_start_risk,home_short_start_risk,away_tto_risk,home_tto_risk,away_bullpen_availability,home_bullpen_availability,away_bullpen_stress,home_bullpen_stress,away_leverage_availability,home_leverage_availability,projected_total_sigma,context_source,context_refresh_version,context_refreshed_ts,away_score,home_score,y_home,actual_total,actual_margin,settled_ts
2026-03-16T04:39:52.167477+00:00,2026-03-15,spring,831944,ATH,CLE,Wei-En Lin,Tanner Bibee,0.3744731714055966,0.4516329304254893,0.3230333320590015,0.3736275672565478,0.3744731714055966,11.410504587160634,12.219664863451827,10.871064402966509,-0.6799418219759685,-0.6799418219759685,-2.8314666870559755,1.0,0.6,0.6,0.0,9,9,0.4666666666666667,0.2993614303959132,1,7,0.9294816992266676,0.6,0.8720379146919431,5.088131164535138,4.989870964361223,0.0,0.0,1.0,1.0,-1.3354415754557756,0.7645968610039693,1.3354415754557756,-0.7645968610039693,-0.9991216998228576,0.804457373437506,4.255886740635901,historical_replay,1.0,2026-03-30T00:19:20.056381+00:00,6.0,12.0,1.0,18.0,6.0,2026-03-16T05:07:08.680335+00:00
2026-03-16T04:39:52.167477+00:00,2026-03-15,spring,831458,ATL,PHI,José Suarez,Taijuan Walker,0.5424532885933806,0.6487896713184182,0.4715623667766887,0.5422145380070422,0.5424532885933806,11.19751723813604,11.687196490890342,10.871064402966509,0.6404943045760101,0.6404943045760101,-0.4550021315729804,1.0,0.6,0.6,0.0,9,9,0.4333333333333333,0.4374269005847953,2,3,0.2850053303022784,0.8421052631578948,0.775,4.770160862491147,4.842442989917244,0.0,0.0,1.0,0.8102060927168522,0.3883647398824343,0.8725505021442992,-0.3883647398824343,-0.8725505021442992,0.5763873061248493,0.9685305399118284,3.664433840290088,historical_replay,1.0,2026-03-30T00:19:12.566207+00:00,1.0,0.0,0.0,1.0,-1.0,2026-03-16T05:07:08.680416+00:00
2026-03-16T04:39:52.167477+00:00,2026-03-15,spring,831890,CIN,SEA,Brandon Williamson,George Kirby,0.4644651330660333,0.4218144829519635,0.4928988998087464,0.4643539593204299,0.4644651330660333,10.81739275311715,10.736885278343117,10.871064402966509,-0.7092488230658898,-0.7092488230658898,-0.1136176030600566,1.0,0.6,0.6,0.0,9,9,0.5,0.3666666666666666,0,4,0.1240512126761436,0.95,0.7874015748031497,5.8,4.646127847303955,0.0,0.0,0.84,0.5392274756867954,-0.96694263513402,0.2421898744586524,0.96694263513402,-0.2421898744586524,-1.2019140117442575,-0.041330195405039,3.8970033658429095,historical_replay,1.0,2026-03-30T00:19:28.776304+00:00,3.0,6.0,1.0,9.0,3.0,2026-03-16T05:07:08.680478+00:00
2026-03-16T04:39:52.167477+00:00,2026-03-15,spring,831858,COL,LAA,Tanner Gordon,Austin Gordon,0.6138767848917872,0.6887171841236649,0.5639831854038687,0.6141133154740489,0.6138767848917872,11.210300363145649,11.719154303414358,10.871064402966509,1.445926108641875,1.445926108641875,1.0237309664618994,1.0,0.6,0.6,0.0,9,9,0.4666666666666667,0.3474576271186441,1,7,-0.30037678113625,0.8291139240506329,0.6,4.778223082308577,5.347164388766577,0.0,0.0,0.9849962227353612,1.0,-0.568272834257735,0.491707710525831,0.568272834257735,-0.491707710525831,-0.4675002909910918,0.6403139070925408,4.265779216040609,historical_replay,1.0,2026-03-30T00:19:25.934007+00:00,5.0,6.0,1.0,11.0,1.0,2026-03-16T05:07:08.680535+00:00
2026-03-16T04:39:52.167477+00:00,2026-03-15,spring,831913,CWS,KC,Hagen Smith,Cole Ragans,0.5116752115159935,0.5841504087548522,0.4633584133567542,0.511325452031325,0.5116752115159935,11.363616883350408,12.102445603926256,10.871064402966509,-0.1532636331324166,-0.1532636331324166,-0.5862653862919318,1.0,0.6,0.6,0.0,9,9,0.4666666666666667,0.4333333333333333,1,2,0.3916753166615083,0.6,0.8402366863905326,5.312315231386608,5.05755581971327,0.0,0.0,0.6455555555555555,0.5845759368836292,0.4232329799222062,-0.4741625867776308,-0.4232329799222062,0.4741625867776308,0.4524119175431235,-0.6404499045611629,3.998590013226974,historical_replay,1.0,2026-03-30T00:19:22.922172+00:00,4.0,10.0,1.0,14.0,6.0,2026-03-16T05:07:08.680592+00:00
2026-03-16T04:39:52.167477+00:00,2026-03-15,spring,831611,DET,NYY,Framber Valdez,Luis Gil,0.5953983551459168,0.5225445434833191,0.6439675629209818,0.5961747889685494,0.5953983551459168,10.642790668018392,10.300380065596222,10.871064402966509,0.7472503561195465,0.7472503561195465,2.3034810067357085,1.0,0.6,0.6,0.0,9,9,0.4554893906395023,0.5080906148867315,4,1,-0.8469843164449187,0.7804878048780488,0.8540540540540541,4.788878039130643,4.874303324225553,0.0,0.0,0.5137127371273713,1.0,-0.0828990049544313,-0.8482229329077631,0.0828990049544313,0.8482229329077631,0.0923966996674316,-0.7905022732642947,3.822330739618896,historical_replay,1.0,2026-03-30T00:19:15.437071+00:00,12.0,1.0,0.0,13.0,-11.0,2026-03-16T05:07:08.680648+00:00
2026-03-16T04:39:52.167477+00:00,2026-03-15,spring,831814,LAD,CHC,Emmet Sheehan,Jameson Taillon,0.4919874450640848,0.4639176276232628,0.5107006566912995,0.4921679121662837,0.4919874450640848,10.717725248223823,10.4877165161098,10.871064402966509,-0.572966578107482,-0.572966578107482,0.1712105070607918,1.0,0.6,0.6,0.0,9,9,0.3800766283524904,0.4666666666666667,5,1,-0.1974449647479189,0.7857142857142858,0.7923076923076924,5.138460223728556,4.486481489869486,0.0,0.0,0.654814814814815,0.8196583400601811,-0.1229043624195722,0.3621010602529428,0.1229043624195722,-0.3621010602529428,-0.5901762924477908,0.4648843772121488,3.87819187669564,historical_replay,1.0,2026-03-30T00:19:18.632767+00:00,14.0,8.0,0.0,22.0,-6.0,2026-03-16T05:07:08.680703+00:00
2026-03-16T04:39:52.167477+00:00,2026-03-15,spring,831509,MIA,HOU,Eury Pérez,Cristian Javier,0.650053043823797,0.6568183356244877,0.6455428492900034,0.6505734733101242,0.650053043823797,10.423925714731675,9.75321768237943,10.871064402966509,1.680011165360007,1.680011165360007,2.328685588640054,1.0,0.6,0.6,0.0,9,9,0.3959424756034926,0.4080906148867314,6,4,-0.6288336504287606,0.834355828220859,0.7672413793103449,4.959629424225069,4.8293831305266455,0.0,0.0,0.5441581458759372,0.5282183908045974,-0.6905711162441515,0.6700542095311608,0.6905711162441515,-0.6700542095311608,-1.1510421828190829,0.8647186532349277,3.765994108888717,historical_replay,1.0,2026-03-30T00:19:13.963903+00:00,0.0,1.0,1.0,1.0,1.0,2026-03-16T05:07:08.680756+00:00
2026-03-16T04:39:52.167477+00:00,2026-03-15,spring,831787,MIL,SF,Shane Drohan,Robbie Ray,0.4529194163760012,0.4390556514931641,0.4621619262978925,0.4525570674400649,0.4529194163760012,10.924522081494278,11.004708599285935,10.871064402966509,-0.6881258053298636,-0.6881258053298636,-0.6054091792337202,1.0,0.6,0.6,0.0,9,9,0.4992063492063492,0.5,3,0,0.400437021309918,0.95,0.95,5.8,5.8,0.0,0.0,1.0,0.84,-0.0565158067428062,-1.6218815883207018,0.0565158067428062,1.6218815883207018,-0.1095043667887846,-1.6772676638349369,3.9352293167810974,historical_replay,1.0,2026-03-30T00:19:24.416646+00:00,1.0,7.0,1.0,8.0,6.0,2026-03-16T05:07:08.680811+00:00
2026-03-16T04:39:52.167477+00:00,2026-03-15,spring,831615,MIN,BOS,Zebby Matthews,Kyle Keller,0.465967823641628,0.4247626106764921,0.4934379656183854,0.4657435360591285,0.465967823641628,10.779794246006569,10.64288901056666,10.871064402966509,-0.476608779941694,-0.476608779941694,-0.1049925501058339,1.0,0.6,0.6,0.0,9,9,0.4555482420053754,0.5080906148867315,4,1,0.2498249164496538,0.8,0.6,4.743786513462531,4.862562571261677,0.0,0.0,0.5880834528346167,1.0,0.713761840291397,0.9878183478822592,-0.713761840291397,-0.9878183478822592,1.0731719053145536,1.194711424211594,3.721178064595838,historical_replay,1.0,2026-03-30T00:19:11.114285+00:00,2.0,7.0,1.0,9.0,5.0,2026-03-16T05:07:08.680866+00:00
2026-03-16T04:39:52.167477+00:00,2026-03-15,spring,831608,NYY,BAL,Paul Blackburn,Zach Eflin,0.4249510059738224,0.3725264030602603,0.4599007412495305,0.4249510059738224,0.4249510059738224,11.033766366662288,11.277819312205962,10.871064402966509,-0.9067534721569386,-0.9067534721569386,-0.6415881400075119,1.0,0.6,0.6,0.0,0,0,0.0,0.0,0,0,0.0,0.773109243697479,0.25,4.849312541120929,3.3000000000000003,0.0,0.8136842105263158,0.4870588235294117,0.2025833333333333,-0.8482229329077631,0.6738214657018702,0.8482229329077631,-0.6738214657018702,-0.7905022732642947,0.8156985059878578,4.802754935448028,historical_replay,1.0,2026-03-30T00:19:29.112300+00:00,0.0,0.0,0.0,0.0,0.0,2026-03-16T05:07:08.680918+00:00
2026-03-16T04:39:52.167477+00:00,2026-03-15,spring,831511,PIT,TB,José Urquidy,Shane McClanahan,0.5302391653031098,0.5752253610019596,0.5002483681705432,0.5302312068059323,0.5302391653031098,10.992371936471091,11.174333236727971,10.871064402966509,0.0593905582858722,0.0593905582858722,0.003973890728691,1.0,0.6,0.6,0.0,9,9,0.5134099616858238,0.5119379318156076,1,2,0.0088629955120361,0.95,0.6,5.8,5.8,0.0,0.0,1.0,0.84,0.9073684583251808,0.8777058002258793,-0.9073684583251808,-0.8777058002258793,1.0913452129703964,1.152520779468623,3.698645922835253,historical_replay,1.0,2026-03-30T00:19:09.671151+00:00,1.0,6.0,1.0,7.0,5.0,2026-03-16T05:07:08.680974+00:00
2026-03-16T04:39:52.167477+00:00,2026-03-15,spring,831777,SD,AZ,Randy Vásquez,Brandon Pfaadt,0.4711727984803801,0.488410800248048,0.4596807973019347,0.4707130776874515,0.4711727984803801,11.48732308918202,12.411711118505288,10.871064402966509,-0.2164825182126435,-0.2164825182126435,-0.6451072431690443,1.0,0.6,0.6,0.0,9,9,0.4666666666666667,0.4666666666666667,1,1,0.5006799099786212,0.7938931297709924,0.8175675675675677,4.803314641365902,4.9300070772863736,0.0,0.0,0.8024226300163316,0.5597197197197198,-1.964913063553385,0.1437447657778745,1.964913063553385,-0.1437447657778745,-2.6406677130328213,-0.2216761838070695,4.289069304881822,historical_replay,1.0,2026-03-30T00:19:27.326464+00:00,4.0,4.0,0.0,8.0,0.0,2026-03-16T05:07:08.681027+00:00
2026-03-16T04:39:52.167477+00:00,2026-03-15,spring,831727,TEX,LAD,Trey Supak,River Ryan,0.4573087308326344,0.4947839461569679,0.4323252539497453,0.4569670529760854,0.4573087308326344,11.146430513557124,11.559479679443053,10.871064402966509,-0.1238407942177985,-0.1238407942177985,-1.0827959368040745,1.0,0.6,0.6,0.0,9,9,0.4051546391752578,0.4333333333333333,4,2,0.3719469337306801,0.6,0.6,5.524897979342413,5.648462911995968,0.0,0.0,1.0,0.84,-0.5658012332285028,-0.1229043624195722,0.5658012332285028,0.1229043624195722,-0.711340739719775,-0.5901762924477908,4.055847118370199,historical_replay,1.0,2026-03-30T00:19:21.475562+00:00,3.0,5.0,1.0,8.0,2.0,2026-03-16T05:07:08.681079+00:00
2026-03-16T04:39:52.167477+00:00,2026-03-15,spring,831555,TOR,NYM,Grant Rogers,Zach Thornton,0.5910035993219969,0.623697406865982,0.5692077276260067,0.5915437991143477,0.5910035993219969,10.92664037941718,11.010004344093192,10.871064402966509,0.8746089972260851,0.8746089972260851,1.107323642016107,1.0,0.6,0.6,0.0,9,9,0.5713669098594816,0.5545416571732361,6,4,-0.6267616596268792,0.6,0.95,5.204393361236129,5.8,0.0,0.0,1.0,1.0,0.8509162269468397,-0.0463584178980837,-0.8509162269468397,0.0463584178980837,0.8897217042093601,-0.0764985952990388,3.84358772523706,historical_replay,1.0,2026-03-30T00:19:16.868458+00:00,1.0,8.0,1.0,9.0,7.0,2026-03-16T05:07:08.681131+00:00
2026-03-16T04:39:52.167477+00:00,2026-03-15,spring,831461,WSH,STL,Miles Mikolas,Richard Fitts,0.5077476644964352,0.5406521015322094,0.4858113731392524,0.5075576113795308,0.5077476644964352,11.121013778494348,11.495937841786107,10.871064402966509,0.1095223765164838,0.1095223765164838,-0.2270180297719619,1.0,0.6,0.6,0.0,9,9,0.4605718122542482,0.5,6,0,0.2082238400695249,0.8111888111888113,0.95,4.720019196025445,5.8,0.0,0.0,1.0,0.84,-0.3293171584230145,0.3042694734447664,0.3293171584230145,-0.3042694734447664,-0.3335639368098497,0.571285743961119,3.7300742021608455,historical_replay,1.0,2026-03-30T00:19:08.253508+00:00,3.0,6.0,1.0,9.0,3.0,2026-03-16T05:07:08.681184+00:00
2026-03-17T02:25:46.408287+00:00,2026-03-16,spring,831612,BOS,BAL,Sonny Gray,Kyle Bradish,0.56206038106968,0.582334416253192,0.5485443576140052,0.56206038106968,0.56206038106968,10.790494903326875,10.669640653867434,10.871064402966509,0.4417384186047295,0.4417384186047295,0.7767097218240835,1.0,0.6,0.6,0.0,0,0,0.0,0.0,0,0,0.0,0.5714285714285715,0.7969924812030076,3.473266189397867,4.798748730652002,0.4257057649785664,0.0,0.0008571428571428,0.4978947368421053,0.9073460698100244,0.3419178952789566,-0.9073460698100244,-0.3419178952789566,0.9604541349522298,0.326628947733763,4.316931187037224,historical_replay,1.0,2026-03-30T00:22:33.927902+00:00,0.0,0.0,0.0,0.0,0.0,2026-03-17T15:41:35.758556+00:00
2026-03-17T02:25:46.408287+00:00,2026-03-16,spring,831924,CHC,CLE,Cade Horton,Gavin Williams,0.5428633659783408,0.6546507333835321,0.46833845437488,0.5426628232649788,0.5428633659783408,11.145271720660649,11.55658269720186,10.871064402966509,0.6163573840361218,0.6163573840361218,-0.5065847300019195,1.0,0.6,0.6,0.0,9,9,0.5324427736006684,0.5548656581404021,3,6,0.2412896423040579,0.8014705882352942,0.8137931034482759,4.367253908175671,4.803787553242419,0.0,0.0,0.5747564010662132,0.7684078017704805,0.3811279479259558,0.8025390483820884,-0.3811279479259558,-0.8025390483820884,0.4761978965889188,0.5373129030610894,3.7979867389533823,historical_replay,1.0,2026-03-30T00:22:38.193683+00:00,5.0,2.0,0.0,7.0,-3.0,2026-03-17T15:41:35.758682+00:00
2026-03-17T02:25:46.408287+00:00,2026-03-16,spring,831903,CIN,AZ,Andrew Abbott,Ryne Nelson,0.4792639678214869,0.4561744747537867,0.4946569631999537,0.4792133280887,0.4792639678214869,11.24661470171317,11.809940149833164,10.871064402966509,-0.5388299074644252,-0.5388299074644252,-0.0854885888007404,1.0,0.6,0.6,0.0,9,9,0.4666666666666667,0.4666666666666667,1,1,0.0555468309675859,0.8682926829268294,0.8516483516483517,4.875906002603271,5.01095039376939,0.0,0.0,1.0,0.9772399929574408,-0.3999742510573126,0.126182802331857,0.3999742510573126,-0.126182802331857,-0.3992875156207668,0.2771478031592174,3.899714936737989,historical_replay,1.0,2026-03-30T00:22:32.177925+00:00,6.0,11.0,1.0,17.0,5.0,2026-03-17T15:41:35.758778+00:00
2026-03-17T02:25:46.408287+00:00,2026-03-16,spring,831905,CWS,TEX,Sean Burke,MacKenzie Gore,0.5572393458527151,0.4881824024255327,0.6032773081375032,0.5576497984730238,0.5572393458527151,11.060025129686384,11.3434662197662,10.871064402966509,0.1473183564136695,0.1473183564136695,1.652436930200052,1.0,0.6,0.6,0.0,9,9,0.5727698530005046,0.5238291916007388,5,5,-0.4469860394991367,0.8043478260869565,0.95,4.952339301541465,5.8,0.0,0.0,0.7440059382985905,1.0,0.5203713622031025,-0.1819158706175469,-0.5203713622031025,0.1819158706175469,0.4915388653778957,-0.1008326957738567,3.722328674848324,historical_replay,1.0,2026-03-30T00:22:36.755503+00:00,2.0,3.0,1.0,5.0,1.0,2026-03-17T15:41:35.758858+00:00
2026-03-17T02:25:46.408287+00:00,2026-03-16,spring,831834,LAA,ATH,George Klassen,Jeffrey Springs,0.5988120502905578,0.5139165523781593,0.6554090488988237,0.5992842975901739,0.5988120502905578,11.775078337828123,13.131099240120552,10.871064402966509,0.349899770400536,0.349899770400536,2.486544782381179,1.0,0.6,0.6,0.0,9,9,0.4,0.4703449503037699,3,4,-0.5144511544877162,0.95,0.8291139240506329,5.8,5.091550128790736,0.0,0.0,1.0,0.6332489451476793,0.4334283662033473,-0.8218735799199466,-0.4334283662033473,0.8218735799199466,0.4188707588767713,-0.752131816910411,4.039176986787757,historical_replay,1.0,2026-03-30T00:22:29.336984+00:00,0.0,3.0,1.0,3.0,3.0,2026-03-17T15:41:35.758937+00:00
2026-03-17T02:25:46.408287+00:00,2026-03-16,spring,831785,MIL,LAD,Chad Patrick,Tyler Glasnow,0.5739164548857333,0.5660957637199413,0.5791302489962613,0.5745817361023331,0.5739164548857333,10.903595502221606,10.952392151104258,10.871064402966509,0.5873118110774298,0.5873118110774298,1.266083983940181,1.0,0.6,0.6,0.0,9,9,0.4333333333333333,0.4119047619047619,2,4,-0.7373374016664058,0.8111888111888113,0.8111888111888113,4.746542537451215,4.884105803184623,0.0,0.0,1.0,0.5462937062937062,0.1893098373158546,-1.6712614165774222,-0.1893098373158546,1.6712614165774222,-0.3084979279895798,-2.2104084965411266,4.210186205227365,historical_replay,1.0,2026-03-30T00:22:30.746673+00:00,24.0,9.0,0.0,33.0,-15.0,2026-03-17T15:41:35.759015+00:00
2026-03-17T02:25:46.408287+00:00,2026-03-16,spring,831498,PHI,DET,Chuck King,Jack Flaherty,0.5068321395705051,0.4708701528295961,0.5308067973977778,0.5070480127546709,0.5068321395705051,10.609879032801375,10.218100977553682,10.871064402966509,-0.0145931693231853,-0.0145931693231853,0.4929087583644449,1.0,0.6,0.6,0.0,9,9,0.3666666666666666,0.5070301478572953,4,4,-0.2357527515628085,0.95,0.7938931297709924,5.778761859582541,4.57620012616199,0.0,0.0,1.0,0.673716446529768,0.717738772416803,-0.1228676680438791,-0.717738772416803,0.1228676680438791,0.7269228579881261,0.0343222376266727,3.665734447252095,historical_replay,1.0,2026-03-30T00:22:24.869955+00:00,6.0,13.0,1.0,19.0,7.0,2026-03-17T15:41:35.759089+00:00
2026-03-17T02:25:46.408287+00:00,2026-03-16,spring,831506,PIT,MIN,Noah Davis,Joe Ryan,0.5179172322371569,0.5351024474112921,0.5064604221210668,0.5180054270474278,0.5179172322371569,10.487962308266836,9.913309166217337,10.871064402966509,0.1405683279925256,0.1405683279925256,0.1033667539370686,1.0,0.6,0.6,0.0,9,9,0.5,0.5311312915479581,0,2,-0.0964741811430162,0.95,0.7890625,5.8,4.912664220294473,0.0,0.0,1.0,0.511875,0.7928122411807843,0.6293374629104465,-0.7928122411807843,-0.6293374629104465,0.9278725561695268,0.8933515786724316,3.6202827830852073,historical_replay,1.0,2026-03-30T00:22:23.345733+00:00,1.0,5.0,1.0,6.0,4.0,2026-03-17T15:41:35.759158+00:00
2026-03-17T02:25:46.408287+00:00,2026-03-16,spring,831751,SF,SD,Tyler Mahle,Walker Buehler,0.5589110598954932,0.5420158509749143,0.5701745325092125,0.5593311450578894,0.5589110598954932,11.371813393745082,12.122936879912949,10.871064402966509,0.4260730684169385,0.4260730684169385,1.1227925201473994,1.0,0.6,0.6,0.0,9,9,0.5543584955349661,0.4333333333333333,3,2,-0.4605761968100187,0.8322981366459627,0.8200000000000001,5.075221736577446,4.926123286605233,0.0,0.0,0.6410633806133149,0.6043391817241303,-0.8796113862530446,-1.2390835003571603,0.8796113862530446,1.2390835003571603,-0.768959058583531,-1.6094509469547944,4.089298892528257,historical_replay,1.0,2026-03-30T00:22:33.574677+00:00,1.0,3.0,1.0,4.0,2.0,2026-03-17T15:41:35.759228+00:00
2026-03-17T02:25:46.408287+00:00,2026-03-16,spring,831557,TB,ATL,Nick Martinez,Chris Sale,0.5721319358217477,0.6319577513088958,0.5322480588303157,0.5721624284443234,0.5721319358217477,10.842342918439083,10.799260691647948,10.871064402966509,0.7519221445326627,0.7519221445326627,0.5159689412850508,1.0,0.6,0.6,0.0,9,9,0.3752136752136752,0.4666666666666667,5,1,-0.0356760342943317,0.8636363636363638,0.8,5.110933955148925,4.887850845843397,0.0,0.0,1.0,0.6510686213050477,0.6632224835596475,0.2858338007036894,-0.6632224835596475,-0.2858338007036894,0.8896232929512339,0.3439365191135062,3.817050306243599,historical_replay,1.0,2026-03-30T00:22:26.270073+00:00,2.0,11.0,1.0,13.0,9.0,2026-03-17T15:41:35.759299+00:00
2026-03-17T02:25:46.408287+00:00,2026-03-16,spring,831559,TOR,MIA,Lazaro Estrada,Janson Junk,0.4789938630239513,0.59608944562502,0.4009301412899056,0.4784929393266461,0.4789938630239513,10.63556818586001,10.282323860200265,10.871064402966509,0.0252160292886403,0.0252160292886403,-1.58511773936151,1.0,0.6,0.6,0.0,9,9,0.5154826958105647,0.5013735704054736,1,5,0.5658582419109763,0.95,0.8057553956834533,5.8,4.886459621474796,0.0,0.0,1.0,1.0,0.7769253548717765,-0.3895702887954666,-0.7769253548717765,0.3895702887954666,0.8633286178796244,-0.3587370846150876,3.834801517229375,historical_replay,1.0,2026-03-30T00:22:27.677815+00:00,5.0,4.0,0.0,9.0,-1.0,2026-03-17T15:41:35.759367+00:00
2026-03-17T02:25:46.408287+00:00,2026-03-16,spring,831457,WSH,NYM,Zach Penrod,David Peterson,0.5491541037906064,0.4642383833358608,0.6057645840937701,0.5498120755649035,0.5491541037906064,11.088811689804562,11.415432620061646,10.871064402966509,0.4748626159628921,0.4748626159628921,1.6922333455003216,1.0,0.6,0.6,0.0,9,9,0.3828078078078079,0.3666666666666666,6,4,-0.7196846312313534,0.6,0.7906976744186047,3.6134318224396096,4.624392560540898,0.3362200934528372,0.0,0.0,1.0,-0.4538335003959835,0.2067939564498604,0.4538335003959835,-0.2067939564498604,-0.4726883908905067,0.0220745572508271,4.100407239095769,historical_replay,1.0,2026-03-30T00:22:35.340101+00:00,12.0,6.0,0.0,18.0,-6.0,2026-03-17T15:41:35.759436+00:00
2026-03-18T01:41:53.774354+00:00,2026-03-17,spring,831942,ATH,CWS,Luis Morales,Anthony Kay,0.3976732539207143,0.4310112986602441,0.3569267547946222,0.3906939017576669,0.3976732539207143,10.357015012193209,10.357015012193209,9.9,-0.7417380876313615,-0.7417380876313615,-2.289171923286045,1.0,0.4499999999999999,0.0,0.0,9,9,0.4008752735229759,0.4921324097991147,3,2,0.803681374634135,0.8223684210526316,0.95,4.705344322421182,5.8,0.0,0.0,0.841773976291594,0.8726238349285903,-1.2150494452435414,0.1247345889260318,1.2150494452435414,-0.1247345889260318,-1.0438152919740973,-0.0390664871585383,4.185035316643214,historical_replay,1.0,2026-03-30T00:26:08.854223+00:00,4.0,6.0,1.0,10.0,2.0,2026-03-18T15:43:47.732594+00:00
2026-03-18T01:41:53.774354+00:00,2026-03-17,spring,831504,ATL,BOS,Reynaldo López,Sonny Gray,0.4456220073278779,0.4430636102759068,0.4487489370580648,0.4435245984954972,0.4456220073278779,9.137266604550824,9.137266604550824,9.9,-0.5770861731000805,-0.5770861731000805,-0.8200170070709625,1.0,0.4499999999999999,0.0,0.0,9,9,0.4359956236323851,0.5300953074374546,2,3,0.2817845086388582,0.95,0.7923076923076924,5.8,4.478549481418841,0.0,0.0,1.0,0.7975123601858932,-0.0807390776434706,0.3371128834572899,0.0807390776434706,-0.3371128834572899,-0.0518341679875095,0.2509214053041742,3.667922750324229,historical_replay,1.0,2026-03-30T00:26:04.500826+00:00,3.0,4.0,1.0,7.0,1.0,2026-03-18T15:43:47.732858+00:00
2026-03-18T01:41:53.774354+00:00,2026-03-17,spring,831610,BAL,DET,Chris Bassitt,Justin Verlander,0.4990520708723898,0.5050180613662669,0.4917603047132067,0.4965712106850177,0.4990520708723898,9.00876811206385,9.00876811206385,9.9,-0.006834992638538,-0.006834992638538,-0.1318351245886928,1.0,0.4499999999999999,0.0,0.0,9,9,0.3095439240438924,0.3617481168078434,8,7,0.1361181225910795,0.95,0.8608247422680413,5.8,5.105111440189966,0.0,0.0,0.84,0.8346863671923275,-0.256451163990387,-0.5667688877515027,0.256451163990387,0.5667688877515027,-0.3336319940791461,-0.4180588533581928,3.717445983996808,historical_replay,1.0,2026-03-30T00:25:58.689940+00:00,1.0,1.0,0.0,2.0,0.0,2026-03-18T15:43:47.733124+00:00
2026-03-18T01:41:53.774354+00:00,2026-03-17,spring,831883,CLE,CIN,Kolby Allard,Nick Lodolo,0.565437049665253,0.5605699756891956,0.5713856956359896,0.5662550695163528,0.565437049665253,9.054814134166868,9.054814134166868,9.9,0.4474917629235859,0.4474917629235859,1.142171130175834,1.0,0.4499999999999999,0.0,0.0,9,9,0.5515047315317172,0.6225329648199442,6,7,-0.2133522421030601,0.8043478260869565,0.8622448979591837,5.091519182805058,5.143862354948149,0.0,0.0,0.904525565054066,0.6217460317460316,0.3258731668147222,-0.4875061636319865,-0.3258731668147222,0.4875061636319865,0.0834033715186819,-0.7135191863825119,3.757515470737078,historical_replay,1.0,2026-03-30T00:26:14.547084+00:00,8.0,6.0,0.0,14.0,-2.0,2026-03-18T15:43:47.733312+00:00
2026-03-18T01:41:53.774354+00:00,2026-03-17,spring,831560,HOU,PIT,Lance McCullers Jr.,Mitch Keller,0.5144881188593554,0.4902920163774723,0.5440611330038793,0.5151908633210054,0.5144881188593554,8.122889440536218,8.122889440536218,9.9,-0.2157420615183625,-0.2157420615183625,0.7049781280620682,1.0,0.4499999999999999,0.0,0.0,9,9,0.4927404558340289,0.4283385659467859,4,4,-0.0866447012124934,0.7711864406779662,0.8137931034482759,4.452511120445516,4.658157922873496,0.0,0.0,0.9585348797823542,1.0,1.6594990238620322,0.3360917288958026,-1.6594990238620322,-0.3360917288958026,1.966944286656486,0.3470488588371094,3.6947245309756496,historical_replay,1.0,2026-03-30T00:26:00.134449+00:00,10.0,2.0,0.0,12.0,-8.0,2026-03-18T15:43:47.733492+00:00
2026-03-18T01:41:53.774354+00:00,2026-03-17,spring,831831,LAA,CHC,Alek Manoah,Shota Imanaga,0.5327721310385932,0.5049814111075658,0.5667385665098489,0.5355254782861644,0.5327721310385932,10.484855222341714,10.484855222341714,9.9,0.0445537995451301,0.0445537995451301,1.0678170641575822,1.0,0.4499999999999999,0.0,0.0,9,9,0.5823566449651438,0.6185187500045994,6,8,-0.4026581253608903,0.95,0.8014705882352942,5.8,4.692789572351893,0.0,0.0,1.0,0.9506008261653126,-0.1633622630712813,-0.4087946872958797,0.1633622630712813,0.4087946872958797,-0.2041994738635624,-0.2956093946893814,3.800856092416929,historical_replay,1.0,2026-03-30T00:26:13.116593+00:00,6.0,8.0,1.0,14.0,2.0,2026-03-18T15:43:47.733664+00:00
2026-03-18T01:41:53.774354+00:00,2026-03-17,spring,831806,LAD,KC,Roki Sasaki,Aaron Sanchez,0.4586178505238975,0.4334656658831212,0.4893594095292906,0.4582527697291669,0.4586178505238975,9.494296032328506,9.494296032328506,9.9,-0.468618374457546,-0.468618374457546,-0.1702494475313498,1.0,0.4499999999999999,0.0,0.0,9,9,0.5488696568402778,0.5293272351857025,5,3,0.3775440330042515,0.7938931297709924,0.6,5.418794716182502,5.379917406577156,0.0,0.0,0.7687531806615775,1.0,-1.3608274212846432,1.338441191679844,1.3608274212846432,-1.338441191679844,-1.4710229452042425,1.3548254476675887,4.237053582197823,historical_replay,1.0,2026-03-30T00:26:15.909962+00:00,10.0,4.0,0.0,14.0,-6.0,2026-03-18T15:43:47.733835+00:00
2026-03-18T01:41:53.774354+00:00,2026-03-17,spring,831554,MIN,PHI,Bailey Ober,Jesús Luzardo,0.5093916940094804,0.522113170736443,0.4938432224543037,0.5051810849510606,0.5093916940094804,8.427733355476999,8.427733355476999,9.9,-0.0073242774085562,-0.0073242774085562,-0.0985084407311402,1.0,0.4499999999999999,0.0,0.0,9,9,0.4399343544857768,0.4484963497995778,2,3,0.3142588981342226,0.8402366863905326,0.8656716417910448,4.990618134143581,5.196883806901242,0.0,0.0,0.9840874800069388,0.6116970702045328,0.2861737661614201,0.3263530628017866,-0.2861737661614201,-0.3263530628017866,0.6016483944476007,0.2917757603849354,3.641436463544064,historical_replay,1.0,2026-03-30T00:26:03.011312+00:00,0.0,2.0,1.0,2.0,2.0,2026-03-18T15:43:47.734004+00:00
2026-03-18T01:41:53.774354+00:00,2026-03-17,spring,831463,NYM,MIA,Sean Manaea,Sandy Alcantara,0.3608786278095832,0.3815986416745209,0.3355541664191039,0.3537429853436372,0.3608786278095832,8.337938379972472,8.337938379972472,9.9,-1.0771699393146972,-1.0771699393146972,-2.631133337294337,1.0,0.4499999999999999,0.0,0.0,9,9,0.4317943107221006,0.3421659077020127,3,6,0.9942898880105212,0.8363636363636364,0.7923076923076924,4.971670475664886,4.551650791500617,0.0,0.0,0.6794315411379397,0.7503236035417443,-0.1456867472788754,-0.4659113831562266,0.1456867472788754,0.4659113831562266,-0.4032365590974742,-0.800505985021678,3.766641656433776,historical_replay,1.0,2026-03-30T00:26:07.406659+00:00,5.0,5.0,0.0,10.0,0.0,2026-03-18T15:43:47.734169+00:00
2026-03-18T01:41:53.774354+00:00,2026-03-17,spring,831609,NYY,TB,Will Warren,Ryan Pepiot,0.4339574835016331,0.4323084746456029,0.4359729387701145,0.429564351352636,0.4339574835016331,9.322037772732491,9.322037772732491,9.9,-0.737450307436136,-0.737450307436136,-1.024432979678167,1.0,0.4499999999999999,0.0,0.0,9,9,0.4813900177138688,0.5448898704426698,2,4,0.5828815615763815,0.8571428571428572,0.8014705882352942,5.21861216532828,4.807694584999099,0.0,0.0,0.8024191663308325,0.964409173904896,-0.4492366222972078,0.1549125760925813,0.4492366222972078,-0.1549125760925813,-0.0702121197375835,0.3495187552079248,3.891913636265792,historical_replay,1.0,2026-03-30T00:26:05.923580+00:00,3.0,2.0,0.0,5.0,-1.0,2026-03-18T15:43:47.734334+00:00
2026-03-18T01:41:53.774354+00:00,2026-03-17,spring,831769,SD,SEA,Germán Márquez,Luis Castillo,0.5630580398880398,0.5861956819380755,0.534778699604663,0.562880701444778,0.5630580398880398,10.056754421870066,10.056754421870066,9.9,0.5635973702727384,0.5635973702727384,0.5564591936746073,1.0,0.4499999999999999,0.0,0.0,9,9,0.536133086461314,0.3424814772160159,3,6,-0.0303081059777132,0.8586387434554974,0.7906976744186047,4.897238174410053,4.688164844315179,0.0,0.0,1.0,0.8925065851389954,-1.3617757248644944,1.6081385818081038,1.3617757248644944,-1.6081385818081038,-1.9376993356904244,1.7353232198599584,4.247518763739186,historical_replay,1.0,2026-03-30T00:26:11.685067+00:00,9.0,6.0,0.0,15.0,-3.0,2026-03-18T15:43:47.734499+00:00
2026-03-18T01:41:53.774354+00:00,2026-03-17,spring,831742,SEA,COL,Cooper Criswell,Chase Dollander,0.3444625806970115,0.2426310898184704,0.468923291770784,0.3465148620635939,0.3444625806970115,9.07549994239612,9.07549994239612,9.9,-1.9396214267062404,-1.9396214267062404,-0.4972273316674558,1.0,0.4499999999999999,0.0,0.0,9,9,0.3378555798687089,0.5365779680827261,5,2,-0.0080618979552417,0.95,0.95,5.8,5.8,0.0,0.0,1.0,1.0,1.6081385818081038,1.2155426398399456,-1.6081385818081038,-1.2155426398399456,1.7353232198599584,1.527922429301926,3.960432028151181,historical_replay,1.0,2026-03-30T00:26:10.281592+00:00,10.0,6.0,0.0,16.0,-4.0,2026-03-18T15:43:47.734663+00:00
2026-03-18T01:41:53.774354+00:00,2026-03-17,spring,831454,STL,WSH,Dustin May,Jake Irvin,0.5104502394712589,0.4955988280518336,0.5286019645394453,0.5092306463490199,0.5104502394712589,9.165962432262816,9.165962432262816,9.9,-0.1446736063944866,-0.1446736063944866,0.4576314326311248,1.0,0.4499999999999999,0.0,0.0,9,9,0.4513414876967533,0.4554143522414857,4,4,0.080668122028651,0.95,0.8457142857142858,5.8,4.982854405962459,0.0,0.0,0.8612760977687787,0.9021458468388308,1.4886152856968369,-1.1745287092680623,-1.4886152856968369,1.1745287092680623,1.621321198291135,-0.8260074686184584,3.9114441974164817,historical_replay,1.0,2026-03-30T00:26:01.520326+00:00,0.0,1.0,1.0,1.0,1.0,2026-03-18T15:43:47.734928+00:00
2026-03-18T21:59:01.912616+00:00,2026-03-18,spring,831600,BAL,TOR,Albert Suárez,Josh Fleming,0.4595213488285517,0.4595213488285517,0.4991583679392106,0.4656501090777146,0.4595213488285517,10.496518951228314,9.934700773621024,10.871064402966509,-0.5187156848020456,-0.5187156848020456,-0.0134661129726305,1.0,0.0,0.6,0.0,9,9,0.4600519693654266,0.5237897047884257,3,3,-0.1910531585654045,0.95,0.95,5.8,5.8,0.0,0.0,1.0,1.0,-0.3724083782886714,1.4266480495032032,0.3724083782886714,-1.4266480495032032,-0.2822997456822371,1.8406314023741508,3.7079192168864,historical_replay,1.0,2026-03-30T00:29:13.683146+00:00,3.0,2.0,0.0,5.0,-1.0,2026-03-19T16:04:01.609522+00:00
2026-03-18T21:59:01.912616+00:00,2026-03-18,spring,831607,BOS,NYY,Connelly Early,Gerrit Cole,0.5532208004453987,0.5532208004453987,0.5788791603093334,0.5538999588097491,0.5532208004453987,10.531851163554212,10.023031304435769,10.871064402966509,0.5615979508540123,0.5615979508540123,1.2620665649493343,1.0,0.0,0.6,0.0,9,9,0.4638949671772429,0.523905579566817,1,2,-0.2921907831800261,0.8,0.6,4.842101441582593,3.2,0.0,0.5538157894736843,0.5012345679012348,0.0,0.2002733333814579,-0.5407965262875858,-0.2002733333814579,0.5407965262875858,0.2133736775172995,-1.0199928013033674,4.132163708145469,historical_replay,1.0,2026-03-30T00:29:12.423031+00:00,0.0,1.0,1.0,1.0,1.0,2026-03-19T16:04:01.609630+00:00
2026-03-18T21:59:01.912616+00:00,2026-03-18,spring,831932,CHC,AZ,Edward Cabrera,Merrill Kelly,0.4259517210058766,0.4259517210058766,0.4722380085417453,0.4315727903429944,0.4259517210058766,11.119601281473866,11.492406599234908,10.871064402966509,-0.5994839075098035,-0.5994839075098035,-0.4441918633320743,1.0,0.0,0.6,0.0,9,9,0.538497120396103,0.5380570120510668,3,4,-0.2411641404386426,0.7985074626865672,0.95,4.544356832880973,5.8,0.0,0.0,1.0,1.0,-0.9521790244452062,1.3856256135369782,0.9521790244452062,-1.3856256135369782,-1.1269469350967791,1.496895973267871,4.08199496748269,historical_replay,1.0,2026-03-30T00:29:17.541929+00:00,8.0,16.0,1.0,24.0,8.0,2026-03-19T16:04:01.609692+00:00
2026-03-18T21:59:01.912616+00:00,2026-03-18,spring,831895,CIN,LAA,Chase Burns,Jack Kochanowicz,0.4487364885668718,0.4487364885668718,0.4759181455877713,0.4470500503030649,0.4487364885668718,10.691747519832884,10.422772195132447,10.871064402966509,-0.4566356237199018,-0.4566356237199018,-0.3853096705956584,1.0,0.0,0.6,0.0,9,9,0.5169676964729444,0.3331711669605489,1,6,0.212870399420733,0.7938931297709924,0.95,4.598329254838959,5.8,0.0,0.0,0.4392366412213738,1.0,-0.4869554643970718,-0.4120465009349386,0.4869554643970718,0.4120465009349386,-0.576133128159871,-0.2172391782139317,3.891146273107684,historical_replay,1.0,2026-03-30T00:29:18.926802+00:00,4.0,7.0,1.0,11.0,3.0,2026-03-19T16:04:01.609752+00:00
2026-03-18T21:59:01.912616+00:00,2026-03-18,spring,831866,COL,CIN,Jose Quintana,Brady Singer,0.596240730829505,0.596240730829505,0.5721811443019444,0.5956248811354679,0.596240730829505,10.876175918702266,10.883843192305909,10.871064402966509,0.8909406034985903,0.8909406034985903,1.154898308831111,1.0,0.0,0.6,0.0,9,9,0.5,0.449416484318016,0,3,-0.3067865141986838,0.95,0.8402366863905326,5.8,4.908930280722948,0.0,0.0,1.0,0.7914175512585929,0.8058391478838303,-0.4869554643970718,-0.8058391478838303,0.4869554643970718,0.884394348961994,-0.576133128159871,4.016781657427135,historical_replay,1.0,2026-03-30T00:29:14.927542+00:00,8.0,6.0,0.0,14.0,-2.0,2026-03-19T16:04:01.609812+00:00
2026-03-18T21:59:01.912616+00:00,2026-03-18,spring,831558,DET,PIT,Casey Mize,Braxton Ashcraft,0.5092917783051841,0.5092917783051841,0.4881709465086485,0.5005806608468084,0.5092917783051841,10.378895297145448,9.640641638413864,10.871064402966509,-0.065006400187034,-0.065006400187034,-0.189264855861623,1.0,0.0,0.6,0.0,9,9,0.5882859207591582,0.5818710697423182,6,7,0.4358024623941656,0.8701923076923077,0.8085106382978724,5.210383824489138,4.913962412777406,0.0,0.0,0.961553237188572,0.5421276595744682,-0.639737236868599,0.0094753662528358,0.639737236868599,-0.0094753662528358,-0.3879885162866926,0.3312990119275812,3.7217218599306414,historical_replay,1.0,2026-03-30T00:29:23.033726+00:00,1.0,3.0,1.0,4.0,2.0,2026-03-19T16:04:01.609862+00:00
2026-03-18T21:59:01.912616+00:00,2026-03-18,spring,831556,HOU,STL,J.P. France,Kyle Leahy,0.5284503959586955,0.5284503959586955,0.5833053335155948,0.5374730283878952,0.5284503959586955,10.091513134342556,8.92218623140663,10.871064402966509,0.4545180568070757,0.4545180568070757,1.3328853362495163,1.0,0.0,0.6,0.0,9,9,0.5025293522505353,0.3819464610728235,1,5,-0.4982569425328698,0.826923076923077,0.8701923076923077,5.162263120426413,5.149304556843446,0.0,0.0,0.6106552706552706,0.6300324237114512,1.1815419642664775,0.9224599662180132,-1.1815419642664775,-0.9224599662180132,1.259035224069997,0.9355986052804952,3.6361044550201855,historical_replay,1.0,2026-03-30T00:29:09.975127+00:00,1.0,4.0,1.0,5.0,3.0,2026-03-19T16:04:01.609911+00:00
2026-03-18T21:59:01.912616+00:00,2026-03-18,spring,831833,KC,TEX,Michael Wacha,Kumar Rocker,0.5373666722347977,0.5373666722347977,0.5747455495464706,0.5462084977537952,0.5373666722347977,10.850504192910014,10.819663877825276,10.871064402966509,0.5013251383964956,0.5013251383964956,1.1959287927435298,1.0,0.0,0.6,0.0,9,9,0.5235951906340631,0.5892982215111805,4,7,-0.47021937219728,0.859375,0.95,4.941938626771771,5.8,0.0,0.0,0.8489080726460407,0.84,0.9020428208177276,0.907996094707503,-0.9020428208177276,-0.907996094707503,0.7563859414837193,0.5091854165147675,3.970530927090373,historical_replay,1.0,2026-03-30T00:29:24.885781+00:00,3.0,12.0,1.0,15.0,9.0,2026-03-19T16:04:01.609970+00:00
2026-03-18T21:59:01.912616+00:00,2026-03-18,spring,831818,LAA,MIL,Ryan Johnson,Kyle Harrison,0.4971961642445634,0.4971961642445634,0.5132528193969048,0.4928043593666969,0.4971961642445634,10.609762747632068,10.217810264630408,10.871064402966509,0.0054758155042806,0.0054758155042806,0.212045110350477,1.0,0.0,0.6,0.0,9,9,0.4757316826651991,0.5827180782303883,4,6,0.0901025291699757,0.95,0.8532608695652175,5.8,4.773455500882574,0.0,0.0,0.8563588394552506,1.0,-0.4120465009349386,1.1648375028188362,0.4120465009349386,-1.1648375028188362,-0.2172391782139317,1.1923174139863064,3.722587794683747,historical_replay,1.0,2026-03-30T00:29:20.290497+00:00,4.0,3.0,0.0,7.0,-1.0,2026-03-19T16:04:01.610023+00:00
2026-03-18T21:59:01.912616+00:00,2026-03-18,spring,831455,MIA,WSH,Braxton Garrett,Zack Littell,0.5192808738906936,0.5192808738906936,0.6024001732302988,0.5213485800945489,0.5192808738906936,10.082727884021402,8.900223105603747,10.871064402966509,0.108076069812709,0.108076069812709,1.638402771684781,1.0,0.0,0.6,0.0,0,0,0.0,0.0,0,0,0.0,0.25,0.7244897959183674,3.3000000000000003,4.168810289351944,0.8136842105263158,0.0164156371831875,0.2025833333333333,0.6920872408292509,-0.5418089332503024,-1.380928481314208,0.5418089332503024,1.380928481314208,-0.729562865952738,-0.904919427055775,5.1624167543793416,historical_replay,1.0,2026-03-30T00:29:23.420541+00:00,0.0,0.0,0.0,0.0,0.0,2026-03-19T16:04:01.610075+00:00
2026-03-18T21:59:01.912616+00:00,2026-03-18,spring,831784,MIL,SEA,Carlos Rodriguez,Emerson Hancock,0.5012377403258975,0.5012377403258975,0.5441774553972157,0.4958841032108173,0.5012377403258975,10.687464668403184,10.4120650665582,10.871064402966509,-0.148409055645855,-0.148409055645855,0.7068392863554518,1.0,0.0,0.6,0.0,9,9,0.498922116865224,0.5522111660752855,3,6,0.026400511203096,0.8301886792452831,0.8,4.867751571882259,4.681856826445174,0.0,0.0,0.5604801423746516,0.6740770128535745,1.1648375028188362,-0.2866093981291738,-1.1648375028188362,0.2866093981291738,1.1923174139863064,-0.6854845163599317,3.954891438634023,historical_replay,1.0,2026-03-30T00:29:21.688880+00:00,3.0,7.0,1.0,10.0,4.0,2026-03-19T16:04:01.610129+00:00
2026-03-18T21:59:01.912616+00:00,2026-03-18,spring,831453,PHI,ATL,Andrew Painter,Martín Pérez,0.607808326869988,0.607808326869988,0.5828209881818585,0.6166182429992358,0.607808326869988,10.655689300914128,10.33262664783556,10.871064402966509,1.0015082583747912,1.0015082583747912,1.325135810909735,1.0,0.0,0.6,0.0,9,9,0.5013461759556105,0.4805697382283814,3,2,-0.6483767853209599,0.95,0.95,5.8,5.8,0.0,0.0,1.0,1.0,0.1572751184878571,-0.2043592792750648,-0.1572751184878571,0.2043592792750648,0.1842455788805734,-0.107862188668678,3.6484047221908993,historical_replay,1.0,2026-03-30T00:29:11.215895+00:00,2.0,3.0,1.0,5.0,1.0,2026-03-19T16:04:01.610183+00:00
2026-03-18T21:59:01.912616+00:00,2026-03-18,spring,831761,SF,LAD,Landen Roupp,Shohei Ohtani,0.5819001986642592,0.5819001986642592,0.6009219340867203,0.5903906646616885,0.5819001986642592,10.799872456737656,10.69308453739438,10.871064402966509,0.6315498023719428,0.6315498023719428,1.6147509453875255,1.0,0.0,0.6,0.0,9,9,0.567952042678673,0.4352891286278899,4,5,-0.8399724090436043,0.95,0.7768595041322315,5.8,4.761654526516711,0.0,0.0,1.0,0.4851790633608813,0.8774761897586993,-0.9799766182407006,-0.8774761897586993,0.9799766182407006,1.0188146148050063,-1.153882084272026,4.019867927324019,historical_replay,1.0,2026-03-30T00:29:16.172756+00:00,1.0,5.0,1.0,6.0,4.0,2026-03-19T16:04:01.610239+00:00
2026-03-19T16:30:41.154097+00:00,2026-03-19,spring,831962,AZ,CWS,Michael Soroka,Davis Martin,0.4712238069222255,0.4712238069222255,0.4286092045339625,0.4701482195479301,0.4712238069222255,10.78493775025722,10.655747771193289,10.871064402966509,-0.442946959180758,-0.442946959180758,-1.1422527274566,1.0,0.0,0.6,0.0,0,0,0.0,0.0,0,0,0.0,0.7923076923076924,0.815068493150685,4.631952941070768,4.775873859514727,0.0,0.0,0.4331623931623933,0.743791844453469,0.8847266443037027,1.0298097729557516,-0.8847266443037027,-1.0298097729557516,0.6819924304355163,0.9057393049091268,3.757645783653302,historical_replay,1.0,2026-03-30T00:32:26.274951+00:00,2.0,4.0,1.0,6.0,2.0,2026-03-20T16:30:03.663152+00:00
2026-03-19T16:30:41.154097+00:00,2026-03-19,spring,832062,BAL,NYY,Dean Kremer,Max Fried,0.5296991420698344,0.5296991420698344,0.5712366203107554,0.5365884914221299,0.5296991420698344,10.288469647084131,9.41457751326057,10.871064402966509,0.3245365564903899,0.3245365564903899,1.1397859249720863,1.0,0.0,0.6,0.0,9,9,0.5630646873832763,0.5632870066649278,9,7,-0.6155129092290619,0.8111888111888113,0.875,4.971578431874913,5.144869256583918,0.0,0.0,0.5843667443667443,0.7764393937309316,-0.2415368237928215,-0.7926293888005493,0.2415368237928215,0.7926293888005493,-0.2828434225021771,-0.8819356795250961,3.814702424721895,historical_replay,1.0,2026-03-30T00:32:16.914471+00:00,4.0,5.0,1.0,9.0,1.0,2026-03-20T16:30:03.663374+00:00
2026-03-19T16:30:41.154097+00:00,2026-03-19,spring,831907,CWS,SD,Jonathan Cannon,,0.5481180766068479,0.5481180766068479,0.5864909918607726,0.5479434449790839,0.5481180766068479,10.827625062495688,10.762466051789463,10.871064402966509,0.3730145493198016,0.3730145493198016,1.3838558697723613,1.0,0.0,0.6,0.0,0,0,0.0,0.0,0,0,0.0,0.55,0.8601036269430052,3.727950680478834,4.656296832651701,0.303447010274298,0.0,0.1676798061510935,1.0,1.0298097729557516,0.3993558297663458,-1.0298097729557516,-0.3993558297663458,0.9057393049091268,0.2905715826957658,3.970795554852547,historical_replay,1.0,2026-03-30T00:32:30.790972+00:00,6.0,13.0,1.0,19.0,7.0,2026-03-20T16:30:03.663546+00:00
2026-03-19T16:30:41.154097+00:00,2026-03-19,spring,831846,KC,CLE,Noah Cameron,Parker Messick,0.557987168078862,0.557987168078862,0.529846437188897,0.5581464738646994,0.557987168078862,10.924912602230696,11.005684901126974,10.871064402966509,0.5625729685320184,0.5625729685320184,0.4775429950223522,1.0,0.0,0.6,0.0,0,0,0.0,0.0,0,0,0.0,0.8411764705882354,0.8163265306122449,4.82965779874363,4.676820014965315,0.0,0.0,1.0,1.0,0.2791474359141476,0.5186017158785954,-0.2791474359141476,-0.5186017158785954,0.0818010855114144,0.5926488819629547,3.922152853214569,historical_replay,1.0,2026-03-30T00:32:24.932346+00:00,5.0,6.0,1.0,11.0,1.0,2026-03-20T16:30:03.663709+00:00
2026-03-19T16:30:41.154097+00:00,2026-03-19,spring,831822,LAA,KC,Yusei Kikuchi,Kris Bubic,0.4492381402396956,0.4492381402396956,0.497444550198369,0.4492757799294403,0.4492381402396956,10.930048367462526,11.018524314206555,10.871064402966509,-0.5725974063490513,-0.5725974063490513,-0.0408871968260955,1.0,0.0,0.6,0.0,0,0,0.0,0.0,0,0,0.0,0.7822580645161291,0.6,4.531020019965267,5.544203116274007,0.0,0.0,0.5541051480652672,0.9288474905733004,-1.8680919279750643,0.2791474359141476,1.8680919279750643,-0.2791474359141476,-2.301650210317317,0.0818010855114144,4.378903984406643,historical_replay,1.0,2026-03-30T00:32:23.414677+00:00,4.0,3.0,0.0,7.0,-1.0,2026-03-20T16:30:03.663874+00:00
2026-03-19T16:30:41.154097+00:00,2026-03-19,spring,831606,MIN,BOS,Mick Abel,Brayan Bello,0.4940416537597782,0.4940416537597782,0.515853811240345,0.495688944365224,0.4940416537597782,10.206810322347032,9.210429201417822,10.871064402966509,-0.083243793735849,-0.083243793735849,0.2536609798455203,1.0,0.0,0.6,0.0,9,9,0.5976174487950924,0.5295256794228163,7,8,-0.0408695822619562,0.8430232558139535,0.8622448979591837,5.1937110282801,5.16598868130933,0.0,0.0,0.6025968992248063,0.6209523809523809,1.243028142805796,-0.0678270203050098,-1.243028142805796,0.0678270203050098,1.4245895355792637,0.1220696607393349,3.634072328083278,historical_replay,1.0,2026-03-30T00:32:22.045619+00:00,2.0,4.0,1.0,6.0,2.0,2026-03-20T16:30:03.664020+00:00
2026-03-19T16:30:41.154097+00:00,2026-03-19,spring,831500,NYM,HOU,Kodai Senga,Peter Lambert,0.2574410741021243,0.2574410741021243,0.3590390475963662,0.2566969109610871,0.2574410741021243,10.124988604166532,9.005874905966571,10.871064402966509,-2.598125149476325,-2.598125149476325,-2.255375238458141,1.0,0.0,0.6,0.0,0,0,0.0,0.0,0,0,0.0,0.95,0.95,5.8,5.8,0.0,0.0,0.84,1.0,0.9229134779703908,0.6765715213649192,-0.9229134779703908,-0.6765715213649192,1.033674988036915,0.8847977683425154,3.637727311360679,historical_replay,1.0,2026-03-30T00:32:19.388311+00:00,6.0,2.0,0.0,8.0,-4.0,2026-03-20T16:30:03.664165+00:00
2026-03-19T16:30:41.154097+00:00,2026-03-19,spring,831605,NYY,TOR,Ryan Weathers,Cody Ponce,0.4523961375674774,0.4523961375674774,0.4696448018725462,0.4468056298012218,0.4523961375674774,10.687919378688328,10.41320184227106,10.871064402966509,-0.5525082173990112,-0.5525082173990112,-0.4856831700392607,1.0,0.0,0.6,0.0,9,9,0.5153618056707474,0.5685400433102841,6,8,0.4248047492939599,0.834355828220859,0.95,4.781731674578694,5.8,0.0,0.0,1.0,0.84,-0.7926293888005493,0.9130857856739384,0.7926293888005493,-0.9130857856739384,-0.8819356795250961,0.9524708545572964,3.796705437133251,historical_replay,1.0,2026-03-30T00:32:18.112388+00:00,0.0,11.0,1.0,11.0,11.0,2026-03-20T16:30:03.664323+00:00
2026-03-19T16:30:41.154097+00:00,2026-03-19,spring,831501,PIT,BAL,Cam Sanders,Trevor Rogers,0.4971852709529987,0.4971852709529987,0.5284327753804166,0.4955900655063748,0.4971852709529987,10.551600837351357,10.072405488928627,10.871064402966509,0.0064311602706723,0.0064311602706723,0.4549244060866648,1.0,0.0,0.6,0.0,0,0,0.0,0.0,0,0,0.0,0.6,0.8669950738916257,4.476661136756428,4.848878026620236,0.0,0.0,1.0,1.0,-0.0223923140160353,-0.2415368237928215,0.0223923140160353,0.2415368237928215,0.1993699370109795,-0.2828434225021771,3.758134396611452,historical_replay,1.0,2026-03-30T00:32:20.680694+00:00,2.0,5.0,1.0,7.0,3.0,2026-03-20T16:30:03.664410+00:00
2026-03-19T16:30:41.154097+00:00,2026-03-19,spring,831755,SEA,ATH,,Aaron Civale,0.5393471148421031,0.5393471148421031,0.5780565269572797,0.5413582738067109,0.5393471148421031,11.351947520645869,12.073272197164911,10.871064402966509,0.4640340713204942,0.4640340713204942,1.2489044313164754,1.0,0.0,0.6,0.0,0,0,0.0,0.0,0,0,0.0,0.25,0.848314606741573,3.3000000000000003,5.289023777555736,0.8136842105263158,0.0,0.2025833333333333,0.6564794007490634,-0.1691248706647717,0.4939581448856975,0.1691248706647717,-0.4939581448856975,-0.0265539706791622,0.7021460871557275,4.576219346712632,historical_replay,1.0,2026-03-30T00:32:27.775478+00:00,6.0,4.0,0.0,10.0,-2.0,2026-03-20T16:30:03.664464+00:00
2026-03-19T16:30:41.154097+00:00,2026-03-19,spring,831756,SF,COL,Logan Webb,Tomoyuki Sugano,0.3707643449513169,0.3707643449513169,0.5112771459251934,0.3707742300066542,0.3707643449513169,10.944292279990258,11.054134095525889,10.871064402966509,-1.1535057642144777,-1.1535057642144777,0.1804343348030936,1.0,0.0,0.6,0.0,0,0,0.0,0.0,0,0,0.0,0.815068493150685,0.7127659574468086,4.713435284503258,3.9675120255082064,0.0,0.1223620918377862,0.863790504496914,1.0,0.4396178504729402,0.3743519345802099,-0.4396178504729402,-0.3743519345802099,0.0764352624675901,0.688163946040199,4.138803785789376,historical_replay,1.0,2026-03-30T00:32:29.308556+00:00,14.0,11.0,0.0,25.0,-3.0,2026-03-20T16:30:03.664519+00:00
2026-03-19T16:30:41.154097+00:00,2026-03-19,spring,831551,TB,PHI,Drew Rasmussen,Tim Mayza,0.5531034327639803,0.5531034327639803,0.5299726661272731,0.5511703657110951,0.5531034327639803,10.278638831012994,9.390000473082726,10.871064402966509,0.5178139848697443,0.5178139848697443,0.4795626580363699,1.0,0.0,0.6,0.0,9,9,0.4919782704984476,0.6089137406271488,4,8,0.1397656224555321,0.8474576271186441,0.7428571428571429,4.890705694792954,4.575211429721228,0.0,0.0,1.0,0.4233333333333332,1.168191093994954,-0.1454007065658933,-1.168191093994954,0.1454007065658933,1.3342429152278663,0.0603209403117491,3.758915511282064,historical_replay,1.0,2026-03-30T00:32:15.669641+00:00,2.0,8.0,1.0,10.0,6.0,2026-03-20T16:30:03.664570+00:00
2026-03-19T16:30:41.154097+00:00,2026-03-19,spring,831722,TEX,MIL,Jacob Latz,Brandon Woodruff,0.434676032433619,0.434676032433619,0.4317689085968121,0.4347268199241676,0.434676032433619,10.938618322086649,11.039949200766864,10.871064402966509,-0.6892891850775671,-0.6892891850775671,-1.0916974624510063,1.0,0.0,0.6,0.0,0,0,0.0,0.0,0,0,0.0,0.8258064516129033,0.95,4.924501696788985,5.8,0.0,0.0,1.0,1.0,0.2968669296075111,-0.628719965215421,-0.2968669296075111,0.628719965215421,0.2702054485550478,-1.1304592678834309,3.868051524329731,historical_replay,1.0,2026-03-30T00:32:32.200773+00:00,4.0,11.0,1.0,15.0,7.0,2026-03-20T16:30:03.664622+00:00
2026-03-19T16:30:41.154097+00:00,2026-03-19,spring,831452,WSH,STL,Zack Littell,Quinn Mathews,0.5321437847877154,0.5321437847877154,0.5128789149568623,0.5385721421350373,0.5321437847877154,10.605044565757217,10.20601480994328,10.871064402966509,0.3352397455593596,0.3352397455593596,0.2060626393097973,1.0,0.0,0.6,0.0,9,9,0.6007979252031416,0.5537610010513928,8,4,-0.2362561825407303,0.7857142857142858,0.95,4.417167778039396,5.8,0.0,0.0,0.9530610826021058,1.0,-1.2817428035668388,0.4327107152881115,1.2817428035668388,-0.4327107152881115,-0.8903605853642682,0.7889138827947012,4.026590867687654,historical_replay,1.0,2026-03-30T00:32:14.456318+00:00,1.0,5.0,1.0,6.0,4.0,2026-03-20T16:30:03.664675+00:00
2026-03-20T16:33:50.088353+00:00,2026-03-20,spring,831603,BAL,NYY,Zach Eflin,Luis Gil,0.4834001393241076,0.4834001393241076,0.5348242557412488,0.4834614094682934,0.4834001393241076,10.677125125708164,10.38621620982065,10.871064402966509,-0.0674826460761472,-0.0674826460761472,0.557188091859981,1.0,0.0,0.6,0.0,0,0,0.0,0.0,0,0,0.0,0.95,0.8629441624365483,5.8,5.002521775178825,0.0,0.0,0.84,1.0,-1.5623407050743954,-2.204754841584545,1.5623407050743954,2.204754841584545,-1.772545429037915,-2.805504117792037,4.192173725022796,historical_replay,1.0,2026-03-30T00:35:31.143046+00:00,1.0,3.0,1.0,4.0,2.0,2026-03-21T16:30:03.929393+00:00
2026-03-20T16:33:50.088353+00:00,2026-03-20,spring,831602,BOS,TB,Blake Wehunt,Shane McClanahan,0.566512295518465,0.566512295518465,0.5163001614395506,0.5609602843416508,0.566512295518465,10.053547333051554,8.827271728179126,10.871064402966509,0.3482406996947906,0.3482406996947906,0.2608025830328095,1.0,0.0,0.6,0.0,9,9,0.5304497388404168,0.5680861693289365,6,7,0.1167624857841866,0.95,0.95,5.8,5.8,0.0,0.0,1.0,0.84,-0.063032420294738,0.5375443167073473,0.063032420294738,-0.5375443167073473,0.0620754679263713,0.4677123489563141,3.595541733787208,historical_replay,1.0,2026-03-30T00:35:21.792508+00:00,0.0,2.0,1.0,2.0,2.0,2026-03-21T16:30:03.929535+00:00
2026-03-20T16:33:50.088353+00:00,2026-03-20,spring,831931,CHC,ATH,Jameson Taillon,,0.4939704521154188,0.4939704521154188,0.4845741289656469,0.4956516839364538,0.4939704521154188,11.255799901079769,11.832903148249663,10.871064402966509,-0.1134328714984667,-0.1134328714984667,-0.2468139365496489,1.0,0.0,0.6,0.0,0,0,0.0,0.0,0,0,0.0,0.8701923076923077,0.25,4.942422471888431,3.3000000000000003,0.0,0.8136842105263158,1.0,0.2025833333333333,0.6947432459716579,0.0988084497718081,-0.6947432459716579,-0.0988084497718081,0.8559649347152446,-0.1042472626535594,4.525919290968997,historical_replay,1.0,2026-03-30T00:35:40.925051+00:00,2.0,6.0,1.0,8.0,4.0,2026-03-21T16:30:03.929594+00:00
2026-03-20T16:33:50.088353+00:00,2026-03-20,spring,831902,CIN,CHC,Brandon Williamson,Matthew Boyd,0.4767808037782343,0.4767808037782343,0.5555705853495649,0.478308365514392,0.4767808037782343,11.060642166770062,11.345008812475395,10.871064402966509,-0.0845408664559732,-0.0845408664559732,0.889129365593039,1.0,0.0,0.6,0.0,0,0,0.0,0.0,0,0,0.0,0.95,0.8163265306122449,5.8,4.545455827076708,0.0,0.0,0.9117440250682768,1.0,-0.0696437622231975,0.6947432459716579,0.0696437622231975,-0.6947432459716579,0.145841718233851,0.8559649347152446,3.950416000693592,historical_replay,1.0,2026-03-30T00:35:35.386958+00:00,8.0,6.0,0.0,14.0,-2.0,2026-03-21T16:30:03.929646+00:00
2026-03-20T16:33:50.088353+00:00,2026-03-20,spring,831864,COL,SD,Juan Mejia,Nick Pivetta,0.5542835135496135,0.5542835135496135,0.5682460355181347,0.5537913470435468,0.5542835135496135,10.958942004625683,11.090758407114448,10.871064402966509,0.5992507077321312,0.5992507077321312,1.091936568290155,1.0,0.0,0.6,0.0,0,0,0.0,0.0,0,0,0.0,0.6086956521739131,0.95,3.9601177863246058,5.8,0.148971187975608,0.0,0.2840226401171566,1.0,0.3436077596949161,-0.0681541904539626,-0.3436077596949161,0.0681541904539626,0.4793145183174297,-0.3482826853319133,3.914017924148147,historical_replay,1.0,2026-03-30T00:35:42.307176+00:00,9.0,3.0,0.0,12.0,-6.0,2026-03-21T16:30:03.929698+00:00
2026-03-20T16:33:50.088353+00:00,2026-03-20,spring,831910,CWS,LAA,Shane Smith,José Soriano,0.4389390920084036,0.4389390920084036,0.5097507466712906,0.4377605369631491,0.4389390920084036,10.663935567736672,10.35324231489192,10.871064402966509,-0.5856856644879951,-0.5856856644879951,0.1560119467406497,1.0,0.0,0.6,0.0,9,0,0.5525970902742855,0.0,3,0,0.1379148472578122,0.7969924812030076,0.6,4.806089285617118,5.513559060218128,0.0,0.0,0.5534399390130471,1.0,-0.0285533144184576,-1.7219021817451854,0.0285533144184576,1.7219021817451854,-0.6053337350857203,-1.3313618113124164,4.3377413116186885,historical_replay,1.0,2026-03-30T00:35:26.777925+00:00,3.0,4.0,1.0,7.0,1.0,2026-03-21T16:30:03.929747+00:00
2026-03-20T16:33:50.088353+00:00,2026-03-20,spring,831550,DET,PHI,Tarik Skubal,Cristopher Sánchez,0.5048589859579907,0.5048589859579907,0.4881642568267228,0.4990639108571908,0.5048589859579907,10.09684750200818,8.935522150570689,10.871064402966509,-0.1737930525592741,-0.1737930525592741,-0.1893718907724348,1.0,0.0,0.6,0.0,9,9,0.5707821092625802,0.5724661317968691,7,8,0.4189902165528552,0.83125,0.7545454545454546,5.044604554881325,4.864323621265918,0.0,0.0,0.5950000000000002,0.4899999999999999,0.819097313330283,-0.081777790493919,-0.819097313330283,0.081777790493919,0.9978126476192872,0.1398993895300488,3.664815635127787,historical_replay,1.0,2026-03-30T00:35:24.195076+00:00,4.0,4.0,0.0,8.0,0.0,2026-03-21T16:30:03.929795+00:00
2026-03-20T16:33:50.088353+00:00,2026-03-20,spring,831835,KC,SF,Ryan Bergert,Adrian Houser,0.6580776644060192,0.6580776644060192,0.5793131662136594,0.6575096699689761,0.6580776644060192,11.012633534913473,11.224987232833923,10.871064402966509,1.311355827875026,1.311355827875026,1.2690106594185495,1.0,0.0,0.6,0.0,0,0,0.0,0.0,0,0,0.0,0.95,0.8474576271186441,5.8,5.014910675834233,0.0,0.0,1.0,1.0,-1.0906610624841555,-0.0454527807853518,1.0906610624841555,0.0454527807853518,-1.5384760019380748,-0.0530470789848932,4.075079933151806,historical_replay,1.0,2026-03-30T00:35:33.935439+00:00,2.0,5.0,1.0,7.0,3.0,2026-03-21T16:30:03.929843+00:00
2026-03-20T16:33:50.088353+00:00,2026-03-20,spring,831505,MIA,HOU,Eury Pérez,Hunter Brown,0.509614155469635,0.509614155469635,0.5363501036716816,0.4974615732062509,0.509614155469635,9.668944246300866,7.865764011302405,10.871064402966509,-0.0016954520564436,-0.0016954520564436,0.5816016587469051,1.0,0.0,0.6,0.0,0,9,0.0,0.574041247347109,0,6,0.7440187831498618,0.8608247422680413,0.8111888111888113,5.123572035959719,4.790938047879241,0.0,0.0,0.5914318442153492,0.5335770263499411,0.7158662768654431,0.6582349602462848,-0.7158662768654431,-0.6582349602462848,0.989502696219858,0.823796577121881,3.643554887056686,historical_replay,1.0,2026-03-30T00:35:29.717960+00:00,7.0,4.0,0.0,11.0,-3.0,2026-03-21T16:30:03.929889+00:00
2026-03-20T16:33:50.088353+00:00,2026-03-20,spring,831796,MIL,AZ,Jacob Misiorowski,Zac Gallen,0.4534786755073391,0.4534786755073391,0.5191496495062028,0.4531290401796857,0.4534786755073391,11.012225612181924,11.22396742600505,10.871064402966509,-0.3393646851998015,-0.3393646851998015,0.3063943920992447,1.0,0.0,0.6,0.0,0,0,0.0,0.0,0,0,0.0,0.850828729281768,0.815068493150685,5.066016514403215,4.337144835307004,0.0,0.0,0.8934148925803311,1.0,-0.687451228733241,0.5514160425043229,0.687451228733241,-0.5514160425043229,-0.5855226780571726,0.5223820272869888,4.047172084263269,historical_replay,1.0,2026-03-30T00:35:43.639229+00:00,7.0,8.0,1.0,15.0,1.0,2026-03-21T16:30:03.929936+00:00
2026-03-20T16:33:50.088353+00:00,2026-03-20,spring,831451,PIT,ATL,Yohan Ramírez,Bryce Elder,0.5599646301730319,0.5599646301730319,0.5693473577248768,0.5598955696190128,0.5599646301730319,10.432449905758304,9.774528159946003,10.871064402966509,0.5967179135157696,0.5967179135157696,1.1095577235980283,1.0,0.0,0.6,0.0,0,9,0.0,0.5528739189816284,0,6,-0.0645288122585423,0.6896551724137931,0.8622448979591837,3.543710358621568,5.012434362948465,0.3454156007254906,0.0,0.0054353157657299,1.0,-0.0132939030588431,1.016356006855167,0.0132939030588431,-1.016356006855167,0.1850159783702202,1.3008054077094622,3.8683110001813024,historical_replay,1.0,2026-03-30T00:35:28.267730+00:00,1.0,8.0,1.0,9.0,7.0,2026-03-21T16:30:03.929982+00:00
2026-03-20T16:33:50.088353+00:00,2026-03-20,spring,831766,SD,LAD,Marco Gonzales,Yoshinobu Yamamoto,0.5811114222746072,0.5811114222746072,0.483204190322881,0.5833950173964733,0.5811114222746072,11.17747196800717,11.637083315568166,10.871064402966509,0.3312005354644345,0.3312005354644345,-0.2687329548339043,1.0,0.0,0.6,0.0,0,0,0.0,0.0,0,0,0.0,0.95,0.7890625,5.8,4.874651620929543,0.0,0.0,1.0,0.5410416666666665,-0.0681541904539626,0.5558830561955168,0.0681541904539626,-0.5558830561955168,-0.3482826853319133,0.5293999589720945,3.836288664470285,historical_replay,1.0,2026-03-30T00:35:36.707470+00:00,3.0,4.0,1.0,7.0,1.0,2026-03-21T16:30:03.930030+00:00
2026-03-20T16:33:50.088353+00:00,2026-03-20,spring,831743,SEA,CLE,Gabe Mosser,Logan Allen,0.5122968826302912,0.5122968826302912,0.5361391993768855,0.508270036174144,0.5122968826302912,10.922869951101235,11.000578273303333,10.871064402966509,0.1489073195376127,0.1489073195376127,0.5782271900301676,1.0,0.0,0.6,0.0,0,0,0.0,0.0,0,0,0.0,0.95,0.8491620111731844,5.8,4.602791608643074,0.0,0.0,1.0,1.0,0.1003919840081325,0.2720497024436358,-0.1003919840081325,-0.2720497024436358,-0.14032881985919,0.4294587830056866,4.04385855703738,historical_replay,1.0,2026-03-30T00:35:38.148999+00:00,20.0,8.0,0.0,28.0,-12.0,2026-03-21T16:30:03.930078+00:00
2026-03-20T16:33:50.088353+00:00,2026-03-20,spring,831749,SF,TEX,Spencer Bivens,,0.5423781664666869,0.5423781664666869,0.5435695733417087,0.5436776247670655,0.5423781664666869,10.964121036803837,11.103705987559833,10.871064402966509,0.4522731917178131,0.4522731917178131,0.6971131734673399,1.0,0.0,0.6,0.0,0,0,0.0,0.0,0,0,0.0,0.7522935779816514,0.95,4.346976422632553,5.8,0.0,0.0,0.6471822877552234,1.0,-0.0454527807853518,-0.0491874346904986,0.0454527807853518,0.0491874346904986,-0.0530470789848932,-0.3863207430920924,3.781429709765057,historical_replay,1.0,2026-03-30T00:35:39.507252+00:00,5.0,6.0,1.0,11.0,1.0,2026-03-21T16:30:03.930126+00:00
2026-03-20T16:33:50.088353+00:00,2026-03-20,spring,831456,STL,NYM,Matthew Liberatore,Tobias Myers,0.5588466681665265,0.5588466681665265,0.5888628197773802,0.5670954301909132,0.5588466681665265,10.73000388178086,10.51841310000239,10.871064402966509,0.684162124868986,0.684162124868986,1.4218051164380832,1.0,0.0,0.6,0.0,9,9,0.5403603726423458,0.500445291504308,7,4,-0.6587276686306763,0.6,0.7857142857142858,5.703640548413345,4.780369526145799,0.0,0.0,0.84,1.0,0.3933697029504853,0.6685519967440243,-0.3933697029504853,-0.6685519967440243,0.6365862239882725,0.5488802247714599,3.878942517005544,historical_replay,1.0,2026-03-30T00:35:25.494979+00:00,4.0,3.0,0.0,7.0,-1.0,2026-03-21T16:30:03.930173+00:00
2026-03-20T16:33:50.088353+00:00,2026-03-20,spring,831604,TOR,MIN,Max Scherzer,Simeon Woods Richardson,0.5204655987727533,0.5204655987727533,0.4632449409672313,0.5108356758402298,0.5204655987727533,10.37823874790831,9.639000265321013,10.871064402966509,0.0782247577855734,0.0782247577855734,-0.5880809445242994,1.0,0.0,0.6,0.0,9,9,0.5557844000353347,0.5411933394427925,5,7,0.617958822830681,0.834355828220859,0.8578947368421053,4.874198262525559,5.031266394197095,0.0,0.0,0.7044520341159233,0.5796491228070173,0.5438260113828638,0.9319144193959206,-0.5438260113828638,-0.9319144193959206,0.6193962071346595,0.8726355645024836,3.629986644146123,historical_replay,1.0,2026-03-30T00:35:23.005466+00:00,2.0,1.0,0.0,3.0,-1.0,2026-03-21T16:30:03.930728+00:00
2026-03-20T16:33:50.088353+00:00,2026-03-20,spring,831450,WSH,MIA,,Chris Paddack,0.4666460231006174,0.4666460231006174,0.4124999874276513,0.4664815642778329,0.4666460231006174,10.182433573944229,9.149487330410809,10.871064402966509,-0.1839588525371267,-0.1839588525371267,-1.400000201157579,1.0,0.0,0.6,0.0,0,0,0.0,0.0,0,0,0.0,0.95,0.7567567567567568,5.8,4.416528620418955,0.0,0.0,0.84,0.6872306205952651,-1.215455629027322,0.7158662768654431,1.215455629027322,-0.7158662768654431,-0.9355103112366284,0.989502696219858,3.9153663486276087,historical_replay,1.0,2026-03-30T00:35:32.530327+00:00,2.0,3.0,1.0,5.0,1.0,2026-03-21T16:30:03.931036+00:00
2026-03-21T16:33:33.839004+00:00,2026-03-21,spring,831937,ATH,LAD,Jacob Lopez,Emmet Sheehan,0.4250279659595506,0.4250279659595506,0.5119268131347765,0.4256341798448864,0.4250279659595506,10.526277728043516,10.009097715659031,10.871064402966509,-0.5774555360390519,-0.5774555360390519,0.190829010156424,1.0,0.0,0.6,0.0,9,9,0.526336865891506,0.5225910719867816,3,5,-0.114990744715346,0.95,0.8457142857142858,5.8,5.349511041501006,0.0,0.0,1.0,0.7066666666666664,-0.303740539516935,0.6975115815424788,0.303740539516935,-0.6975115815424788,-0.4268371730255508,0.3437272796192361,3.808488297172723,historical_replay,1.0,2026-03-30T00:38:44.731525+00:00,5.0,5.0,0.0,10.0,0.0,2026-03-22T16:30:04.034759+00:00
2026-03-21T16:33:33.839004+00:00,2026-03-21,spring,831502,ATL,BOS,Chris Sale,Garrett Crochet,0.4828971684458318,0.4828971684458318,0.4154383885694089,0.4820941202110874,0.4828971684458318,10.187301727395596,9.16165771403923,10.871064402966509,-0.3164938513355659,-0.3164938513355659,-1.3529857828894576,1.0,0.0,0.6,0.0,9,9,0.5421994150306425,0.5619761627642906,6,7,0.3781185300895978,0.8778280542986425,0.8187919463087249,5.285271687914878,4.759074548856858,0.0,0.0,0.7042787174892886,0.5942715921627663,1.0675044702406942,0.2426956226911545,-1.0675044702406942,-0.2426956226911545,1.144989443875097,0.5376925447535685,3.674165666101623,historical_replay,1.0,2026-03-30T00:38:39.394905+00:00,6.0,1.0,0.0,7.0,-5.0,2026-03-22T16:30:04.034883+00:00
2026-03-21T16:33:33.839004+00:00,2026-03-21,spring,831923,CHC,SEA,Colin Rea,,0.4955460297481517,0.4955460297481517,0.5425019440512252,0.4943372378664177,0.4955460297481517,11.222224125049737,11.748963708174577,10.871064402966509,0.0335048265280093,0.0335048265280093,0.6800311048196033,1.0,0.0,0.6,0.0,0,0,0.0,0.0,0,0,0.0,0.8615384615384616,0.25,5.2410448148959725,3.3000000000000003,0.0,0.8136842105263158,0.6545299145299145,0.2025833333333333,-0.052391113847992,-0.0014776361602311,0.052391113847992,0.0014776361602311,-0.5943403802344208,-0.1111346790130265,4.68913975548461,historical_replay,1.0,2026-03-30T00:38:52.930215+00:00,7.0,1.0,0.0,8.0,-6.0,2026-03-22T16:30:04.034978+00:00
2026-03-21T16:33:33.839004+00:00,2026-03-21,spring,831873,CLE,SF,Tanner Bibee,Robbie Ray,0.6518646714458469,0.6518646714458469,0.5304607522201242,0.6480330681792876,0.6518646714458469,10.84179793261129,10.797898227078464,10.871064402966509,1.1124311754393077,1.1124311754393077,0.4873720355219877,1.0,0.0,0.6,0.0,9,9,0.5643146000496461,0.5899393647809484,5,8,0.1574927335281905,0.8532608695652175,0.95,4.8458702274644345,5.8,0.0,0.0,1.0,0.84,0.2593471490662983,-1.413733808348285,-0.2593471490662983,1.413733808348285,0.2642784555807719,-1.8219750639608647,4.1301513103196354,historical_replay,1.0,2026-03-30T00:38:47.438889+00:00,7.0,10.0,1.0,17.0,3.0,2026-03-22T16:30:04.035042+00:00
2026-03-21T16:33:33.839004+00:00,2026-03-21,spring,831868,COL,KC,Kyle Freeland,Cole Ragans,0.5483920087941807,0.5483920087941807,0.5122862936244119,0.5452110616059963,0.5483920087941807,10.821207643804044,10.746422505060348,10.871064402966509,0.2036225714394204,0.2036225714394204,0.1965806979905906,1.0,0.0,0.6,0.0,9,9,0.532002169566573,0.5416046053751832,6,5,0.1223581031687668,0.7804878048780488,0.848314606741573,4.475182368941284,5.0975495714152,0.0,0.0,0.8960546714921019,0.5974906367041198,0.3562767493940057,-1.1251005802106546,-0.3562767493940057,1.1251005802106546,0.3927692301023834,-1.1739886953180667,4.196627916684204,historical_replay,1.0,2026-03-30T00:38:46.051189+00:00,5.0,6.0,1.0,11.0,1.0,2026-03-22T16:30:04.035114+00:00
2026-03-21T16:33:33.839004+00:00,2026-03-21,spring,831916,CWS,CIN,Ryan Borucki,Andrew Abbott,0.4995139949613967,0.4995139949613967,0.5755862309022055,0.5009834914430661,0.4995139949613967,11.012160235094314,11.223803983286029,10.871064402966509,0.1931333335598442,0.1931333335598442,1.209379694435288,1.0,0.0,0.6,0.0,0,0,0.0,0.0,0,0,0.0,0.95,0.8772727272727273,5.8,4.985820651088326,0.0,0.0,1.0,1.0,-0.0089171063154335,0.5881032895003045,0.0089171063154335,-0.5881032895003045,-0.5920268524985812,0.213809781714624,4.03955859761786,historical_replay,1.0,2026-03-30T00:38:51.521508+00:00,7.0,11.0,1.0,18.0,4.0,2026-03-22T16:30:04.035173+00:00
2026-03-21T16:33:33.839004+00:00,2026-03-21,spring,831549,HOU,NYM,Mike Burrows,Jonah Tong,0.6138892767284088,0.6138892767284088,0.6841384381308411,0.6222803635241758,0.6138892767284088,10.618073616653117,10.238587437183032,10.871064402966509,1.326733703590313,1.326733703590313,2.946215010093457,1.0,0.0,0.6,0.0,9,9,0.5970981914282735,0.569300422366492,7,5,-1.014241022144744,0.8029197080291971,0.8057553956834533,5.241465358494235,4.601090595199784,0.0,0.0,1.0,1.0,0.9608529700624584,0.7573080344122455,-0.9608529700624584,-0.7573080344122455,1.277951081590682,0.968254822130604,3.711099110170372,historical_replay,1.0,2026-03-30T00:38:43.402415+00:00,7.0,5.0,0.0,12.0,-2.0,2026-03-22T16:30:04.035231+00:00
2026-03-21T16:33:33.839004+00:00,2026-03-21,spring,831449,MIA,STL,Janson Junk,,0.5576938399238548,0.5576938399238548,0.6188209239799518,0.569290950863358,0.5576938399238548,10.488272143178865,9.9140837534974,10.871064402966509,0.5241403844281276,0.5241403844281276,1.901134783679229,1.0,0.0,0.6,0.0,9,9,0.5725198439425734,0.5774528185236946,9,6,-0.9774955390640692,0.8301886792452831,0.25,4.9558517356644645,3.3000000000000003,0.0,0.8136842105263158,1.0,0.2025833333333333,-0.2412483475682316,0.655061188593805,0.2412483475682316,-0.655061188593805,-0.3449161742673654,0.9165205765888852,4.296893416628543,historical_replay,1.0,2026-03-30T00:38:40.708150+00:00,4.0,7.0,1.0,11.0,3.0,2026-03-22T16:30:04.035288+00:00
2026-03-21T16:33:33.839004+00:00,2026-03-21,spring,831599,MIN,TB,Joe Ryan,Jackson Baumeister,0.4426734972230547,0.4426734972230547,0.4952463184680068,0.4402945707476505,0.4426734972230547,10.12981522329178,9.017941453779688,10.871064402966509,-0.5741808441029983,-0.5741808441029983,-0.0760589045118909,1.0,0.0,0.6,0.0,9,9,0.6008562039475176,0.5741828747691016,7,6,0.1793509709300978,0.8556149732620322,0.6,5.133686122332746,5.500768047481053,0.0,0.0,0.6154010695187165,1.0,1.0358743904805177,0.552885075590304,-1.0358743904805177,-0.552885075590304,1.3586121894413732,1.0139727328115944,3.7976639881897687,historical_replay,1.0,2026-03-30T00:38:37.005293+00:00,2.0,3.0,1.0,5.0,1.0,2026-03-22T16:30:04.035345+00:00
2026-03-21T16:33:33.839004+00:00,2026-03-21,spring,831448,NYM,WSH,,Cade Cavalli,0.429920556425004,0.429920556425004,0.4464961906744392,0.4193381912108612,0.429920556425004,10.715399895365913,10.48190313396502,10.871064402966509,-0.9151324251818852,-0.9151324251818852,-0.8560609492089721,1.0,0.0,0.6,0.0,9,9,0.512223919944748,0.5088116688764088,5,6,0.6901335975082634,0.25,0.7938931297709924,3.3000000000000003,4.707422145729046,0.8136842105263158,0.0,0.2025833333333333,0.7007478224806459,0.7573080344122455,-0.8295878082463976,-0.7573080344122455,0.8295878082463976,0.968254822130604,-0.3733842607613384,4.418858872445754,historical_replay,1.0,2026-03-30T00:38:34.529509+00:00,1.0,3.0,1.0,4.0,2.0,2026-03-22T16:30:04.035401+00:00
2026-03-21T16:33:33.839004+00:00,2026-03-21,spring,831601,NYY,DET,Cam Schlittler,Framber Valdez,0.4747746047553313,0.4747746047553313,0.4503736849007174,0.4685245979564308,0.4747746047553313,10.22629649397368,9.259144630484444,10.871064402966509,-0.272364247636025,-0.272364247636025,-0.7940210415885209,1.0,0.0,0.6,0.0,9,9,0.5497558420615218,0.6157495928916804,6,7,0.5165251943961646,0.778688524590164,0.8402366863905326,4.839605364488843,5.0098681797329645,0.0,0.0,0.5492896174863384,0.7182627324970083,-1.4494886735950951,0.7965658673047167,1.4494886735950951,-0.7965658673047167,-1.28722519125639,0.8206715185698408,3.873266366499986,historical_replay,1.0,2026-03-30T00:38:42.065274+00:00,1.0,3.0,1.0,4.0,2.0,2026-03-22T16:30:04.035457+00:00
2026-03-21T16:33:33.839004+00:00,2026-03-21,spring,831499,PHI,BAL,Ryan Cusick,Levi Wells,0.4971654498247977,0.4971654498247977,0.5218467595435972,0.4972955080610529,0.4971654498247977,10.352849285263416,9.575526608708785,10.871064402966509,-0.1417525287516889,-0.1417525287516889,0.3495481526975545,1.0,0.0,0.6,0.0,9,9,0.6013264644022529,0.5559193275646016,6,9,0.1066231487959651,0.95,0.95,5.8,5.8,0.0,0.0,1.0,1.0,0.2361481850343849,-0.87086746525156,-0.2361481850343849,0.87086746525156,0.5251747849060204,-0.624506903250946,3.708193018621871,historical_replay,1.0,2026-03-30T00:38:38.186219+00:00,8.0,10.0,1.0,18.0,2.0,2026-03-22T16:30:04.035517+00:00
2026-03-21T16:33:33.839004+00:00,2026-03-21,spring,831767,SD,MIL,Randy Vásquez,Robert Gasser,0.4655446209165719,0.4655446209165719,0.4846463613029718,0.4656988940691283,0.4655446209165719,10.948252818391968,11.064035441530155,10.871064402966509,-0.3816288328791213,-0.3816288328791213,-0.2456582191524514,1.0,0.0,0.6,0.0,0,0,0.0,0.0,0,0,0.0,0.8448275862068966,0.8057553956834533,4.930423423843188,4.81504198260747,0.0,0.0,1.0,0.861749450589467,-1.9051838398667469,-0.4535334485796565,1.9051838398667469,0.4535334485796565,-2.0825587205368485,-0.8036455217332655,4.519762207503076,historical_replay,1.0,2026-03-30T00:38:50.149105+00:00,1.0,6.0,1.0,7.0,5.0,2026-03-22T16:30:04.035565+00:00
2026-03-21T16:33:33.839004+00:00,2026-03-21,spring,831734,TEX,AZ,,Ryne Nelson,0.5191454335360101,0.5191454335360101,0.5387392153104051,0.5167803120228749,0.5191454335360101,10.932237338757766,11.023996742444655,10.871064402966509,0.1003541982559959,0.1003541982559959,0.6198274449664822,1.0,0.0,0.6,0.0,9,0,0.5570776654344645,0.0,5,0,0.2805190348112268,0.25,0.8629441624365483,3.3000000000000003,5.16597398856569,0.8136842105263158,0.0,0.2025833333333333,0.7156109735604614,-0.0711146188133953,0.2491977011685998,0.0711146188133953,-0.2491977011685998,-0.1201310383609602,0.1340451443123725,4.336885356839,historical_replay,1.0,2026-03-30T00:38:48.785717+00:00,2.0,5.0,1.0,7.0,3.0,2026-03-22T16:30:04.035613+00:00
2026-03-21T16:33:33.839004+00:00,2026-03-21,spring,831553,TOR,PIT,Kevin Gausman,Paul Skenes,0.4547451983551988,0.4547451983551988,0.4171547180463342,0.4472263807985531,0.4547451983551988,10.277520957270536,9.38720578872658,10.871064402966509,-0.7335928033700059,-0.7335928033700059,-1.325524511258653,1.0,0.0,0.6,0.0,9,9,0.5861134767399507,0.594484048202262,8,6,0.610396613688297,0.8043478260869565,0.784,4.597717545567157,4.700157414172851,0.0,0.0,0.9801752306722202,0.4666666666666667,0.7486665728370855,0.3346020295481036,-0.7486665728370855,-0.3346020295481036,0.955041438189461,0.777203666290865,3.70267822177492,historical_replay,1.0,2026-03-30T00:38:35.821646+00:00,3.0,8.0,1.0,11.0,5.0,2026-03-22T16:30:04.035664+00:00
2026-03-22T16:33:33.100801+00:00,2026-03-22,spring,831945,ATH,COL,Jeffrey Springs,Michael Lorenzen,0.5209557019147578,0.5209557019147578,0.5625464301772456,0.5318236174775958,0.5209557019147578,10.711857725156012,10.473047708440268,10.871064402966509,0.2401870856603549,0.2401870856603549,1.0007428828359295,1.0,0.0,0.6,0.0,9,9,0.6115946395795648,0.6305923294844651,8,9,-0.5935021390114809,0.778688524590164,0.7969924812030076,4.979783122216396,4.5609806046927135,0.0,0.0,0.5722404371584698,0.8116813915553975,-0.4962228017217968,0.3463712315889852,0.4962228017217968,-0.3463712315889852,-0.6693309532315512,0.3485353546525946,3.858401384134816,historical_replay,1.0,2026-03-30T00:41:52.992185+00:00,5.0,6.0,1.0,11.0,1.0,2026-03-23T16:30:03.873863+00:00
2026-03-22T16:33:33.100801+00:00,2026-03-22,spring,831492,ATL,MIN,Reynaldo López,Taj Bradley,0.5002871315816771,0.5002871315816771,0.4131445391981683,0.4841204689952136,0.5002871315816771,10.34988280003023,9.568110395625812,10.871064402966509,-0.1369794566377971,-0.1369794566377971,-1.389687372829307,1.0,0.0,0.6,0.0,9,9,0.5587912625079514,0.5527693875790762,7,7,1.3172283271663392,0.95,0.7804878048780488,5.8,4.796592807287767,0.0,0.0,1.0,0.4985365853658536,0.8817887517781912,1.1238873578357065,-0.8817887517781912,-1.1238873578357065,1.2023207950702306,1.319147970503932,3.674190627132356,historical_replay,1.0,2026-03-30T00:41:43.733673+00:00,3.0,7.0,1.0,10.0,4.0,2026-03-23T16:30:03.874042+00:00
2026-03-22T16:33:33.100801+00:00,2026-03-22,spring,831947,AZ,SD,Joe Ross,Walker Buehler,0.5372260871054442,0.5372260871054442,0.4967491498471364,0.5365147384480184,0.5372260871054442,11.243229653840183,11.8014775301507,10.871064402966509,-0.0023760716280518,-0.0023760716280518,-0.0520136024458173,1.0,0.0,0.6,0.0,0,0,0.0,0.0,0,0,0.0,0.6,0.834355828220859,5.177968749984867,4.759709770565398,0.0,0.0,1.0,1.0,0.0303259557353344,-2.218847614025289,-0.0303259557353344,2.218847614025289,-0.0244276363965599,-2.340471166961573,4.537327462165543,historical_replay,1.0,2026-03-30T00:41:58.589435+00:00,11.0,1.0,0.0,12.0,-10.0,2026-03-23T16:30:03.874180+00:00
2026-03-22T16:33:33.100801+00:00,2026-03-22,spring,831552,BOS,PIT,Sonny Gray,Mitch Keller,0.5121746227759738,0.5121746227759738,0.5519651346381741,0.513346164117823,0.5121746227759738,10.35819998158868,9.58890334952194,10.871064402966509,0.079041576329355,0.079041576329355,0.8314421542107855,1.0,0.0,0.6,0.0,9,9,0.590437197731416,0.5899574806941555,7,7,-0.2513313989370042,0.8701923076923077,0.8755760368663594,5.031540575935255,5.082911335966135,0.0,0.0,0.7919840365635146,1.0,0.4138575392631159,0.5185280290361474,-0.4138575392631159,-0.5185280290361474,0.5837087477930923,0.8858540391071252,3.628832266168703,historical_replay,1.0,2026-03-30T00:41:42.512581+00:00,6.0,3.0,0.0,9.0,-3.0,2026-03-23T16:30:03.874308+00:00
2026-03-22T16:33:33.100801+00:00,2026-03-22,spring,831896,CIN,CLE,Nick Lodolo,Gavin Williams,0.4425880802822835,0.4425880802822835,0.4739105267619545,0.4424216814117117,0.4425880802822835,10.875133726351663,10.8812377114294,10.871064402966509,-0.5391925736283518,-0.5391925736283518,-0.417431571808728,1.0,0.0,0.6,0.0,9,9,0.6024568003983076,0.6075352417524185,6,8,0.0715285866910545,0.8163265306122449,0.826923076923077,4.893532105396051,4.982422711457708,0.0,0.0,0.5489947089947088,0.5647863247863247,0.022650644601525,0.1551809243556846,-0.022650644601525,-0.1551809243556846,-0.3626044000053673,0.1354622649562018,3.9478671846022335,historical_replay,1.0,2026-03-30T00:41:50.244031+00:00,2.0,8.0,1.0,10.0,6.0,2026-03-23T16:30:03.874434+00:00
2026-03-22T16:33:33.100801+00:00,2026-03-22,spring,831804,LAD,LAA,Tyler Glasnow,George Klassen,0.4021040301084897,0.4021040301084897,0.4498366498100211,0.4019975231914898,0.4021040301084897,10.795082825236852,10.68111045864237,10.871064402966509,-0.8899237466204966,-0.8899237466204966,-0.8026136030396627,1.0,0.0,0.6,0.0,0,0,0.0,0.0,0,0,0.0,0.8448275862068966,0.95,5.051561323832024,5.8,0.0,0.0,0.6272297070260262,1.0,0.1651506172327792,0.7332007854075301,-0.1651506172327792,-0.7332007854075301,-0.5268898140564977,0.9097744313303364,3.745238539368037,historical_replay,1.0,2026-03-30T00:41:57.174277+00:00,13.0,5.0,0.0,18.0,-8.0,2026-03-23T16:30:03.874557+00:00
2026-03-22T16:33:33.100801+00:00,2026-03-22,spring,831789,MIL,CHC,Chad Patrick,Cade Horton,0.5261187568304103,0.5261187568304103,0.5123387995291877,0.5259541067543985,0.5261187568304103,11.150156296603097,11.568794137057983,10.871064402966509,0.1463134390914611,0.1463134390914611,0.1974207924670032,1.0,0.0,0.6,0.0,0,0,0.0,0.0,0,0,0.0,0.8474576271186441,0.8163265306122449,4.899911949143109,4.441622108879408,0.0,0.0,1.0,0.6403321227303899,-0.593872820660489,-0.6334134312867675,0.593872820660489,0.6334134312867675,-0.9047317872794068,-1.232919848129432,4.111832210340655,historical_replay,1.0,2026-03-30T00:41:51.623595+00:00,0.0,12.0,1.0,12.0,12.0,2026-03-23T16:30:03.874679+00:00
2026-03-22T16:33:33.100801+00:00,2026-03-22,spring,831446,NYM,MIA,David Peterson,Sandy Alcantara,0.4847678965876471,0.4847678965876471,0.4217087994006479,0.4829568969846242,0.4847678965876471,10.612432179825088,10.224483845112962,10.871064402966509,-0.2691446669862278,-0.2691446669862278,-1.2526592095896332,1.0,0.0,0.6,0.0,9,9,0.571418127458013,0.5188976303781705,5,6,0.4044496171510529,0.8223684210526316,0.875,4.844627569316214,5.067741748268134,0.0,0.0,1.0,0.8643204191038223,-0.4282111715973342,-0.1084947608178975,0.4282111715973342,0.1084947608178975,-0.5759642147533669,0.1639181990606805,3.730318040909432,historical_replay,1.0,2026-03-30T00:41:47.509396+00:00,3.0,4.0,1.0,7.0,1.0,2026-03-23T16:30:03.874798+00:00
2026-03-22T16:33:33.100801+00:00,2026-03-22,spring,831493,PHI,NYY,Aaron Nola,Will Warren,0.485358446706416,0.485358446706416,0.5602432632577352,0.4842182845820169,0.485358446706416,10.105977296934665,8.958346637886901,10.871064402966509,-0.0130461069049188,-0.0130461069049188,0.9638922121237634,1.0,0.0,0.6,0.0,9,9,0.570813056005088,0.60749174946945,7,8,-0.0721593510774276,0.8057553956834533,0.8578947368421053,4.8426844785869125,5.2685331530814645,0.0,0.0,0.537841726618705,0.686747101078159,0.4508837215422513,-0.9025830428574996,-0.4508837215422513,0.9025830428574996,0.7494950590052838,-1.0076547203835695,3.83356527017006,historical_replay,1.0,2026-03-30T00:41:44.959504+00:00,2.0,6.0,1.0,8.0,4.0,2026-03-23T16:30:03.874915+00:00
2026-03-22T16:33:33.100801+00:00,2026-03-22,spring,831746,SEA,CWS,Bryan Woo,Sean Burke,0.4596490739790037,0.4596490739790037,0.4436554758612026,0.4599907555289296,0.4596490739790037,11.140775312490009,11.545341676775262,10.871064402966509,-0.4927932327582178,-0.4927932327582178,-0.901512386220758,1.0,0.0,0.6,0.0,0,0,0.0,0.0,0,0,0.0,0.95,0.83125,5.8,5.113358678998248,0.0,0.0,0.84,0.6761148552455305,-0.1773526138487079,0.252696945055017,0.1773526138487079,-0.252696945055017,-0.1569194237035785,0.4476358282378678,4.0303876088757615,historical_replay,1.0,2026-03-30T00:41:55.817880+00:00,4.0,2.0,0.0,6.0,-2.0,2026-03-23T16:30:03.875035+00:00
2026-03-22T16:33:33.100801+00:00,2026-03-22,spring,831752,SF,SAC,,Tyler Mahle,0.5143245193275722,0.5143245193275722,0.4743242127797579,0.5154159283961592,0.5143245193275722,11.07268230832998,11.375109166375193,10.871064402966509,0.0639089915734709,0.0639089915734709,-0.4108125955238728,1.0,0.0,0.6,0.0,0,0,0.0,0.0,0,0,0.0,0.5573770491803279,0.25,3.9111020887352552,3.3000000000000003,0.2029941551954222,0.8136842105263158,0.3878203140621903,0.2025833333333333,-1.7311600857024174,0.0,1.7311600857024174,0.0,-2.2571757545427813,0.0,4.936905051295069,historical_replay,1.0,2026-03-30T00:41:54.276979+00:00,1.0,2.0,1.0,3.0,1.0,2026-03-23T16:30:03.875160+00:00
2026-03-22T16:33:33.100801+00:00,2026-03-22,spring,831496,STL,HOU,Michael McGreevy,Cristian Javier,0.4615251902473276,0.4615251902473276,0.4241095994138242,0.455964649397135,0.4615251902473276,10.36787137486974,9.61308183272459,10.871064402966509,-0.5953808684709152,-0.5953808684709152,-1.2142464093788128,1.0,0.0,0.6,0.0,9,9,0.5431346041050934,0.5758167807767857,7,5,0.4305543456136077,0.778688524590164,0.7923076923076924,4.624909576884161,4.792523540121378,0.0,0.0,0.5919267593110936,0.763090638884889,0.7768972280792323,0.9276066030148588,-0.7768972280792323,-0.9276066030148588,0.9522291339092424,1.1736190690670862,3.6652887839117687,historical_replay,1.0,2026-03-30T00:41:41.249071+00:00,3.0,2.0,0.0,5.0,-1.0,2026-03-23T16:30:03.875288+00:00
2026-03-22T16:33:33.100801+00:00,2026-03-22,spring,831592,TB,TOR,Nick Martinez,Dylan Cease,0.6401301454611403,0.6401301454611403,0.5895615422266723,0.6451950040392174,0.6401301454611403,10.343412217889112,9.55193394027302,10.871064402966509,1.4143063148691235,1.4143063148691235,1.4329846756267577,1.0,0.0,0.6,0.0,9,9,0.5698417418050497,0.6178842091155892,6,8,-0.4722067055396028,0.8322981366459627,0.8111888111888113,4.848535755356302,4.837307887640227,0.0,0.0,1.0,0.5027816627816628,0.5644449538692933,0.8587527064797327,-0.5644449538692933,-0.8587527064797327,0.9361465334839296,0.9688478470187858,3.975056491823354,historical_replay,1.0,2026-03-30T00:41:46.174185+00:00,1.0,14.0,1.0,15.0,13.0,2026-03-23T16:30:03.875347+00:00
2026-03-22T16:33:33.100801+00:00,2026-03-22,spring,831503,WSH,BAL,Mitchell Parker,Kyle Bradish,0.5715783380723364,0.5715783380723364,0.5103081491620496,0.5752812654540532,0.5715783380723364,10.260605717330852,9.344917688877372,10.871064402966509,0.6226888631469532,0.6226888631469532,0.1649303865927933,1.0,0.0,0.6,0.0,9,9,0.6086691941295493,0.6139329307141406,7,8,-0.0824437018796612,0.8,0.7985074626865672,4.220459618393881,4.716728696600078,0.0,0.0,0.7755439436616877,0.5676486482518511,-0.6297865153478941,-0.2588084253357728,0.6297865153478941,0.2588084253357728,-0.298075990917916,-0.290662947593455,3.813550831945069,historical_replay,1.0,2026-03-30T00:41:48.895282+00:00,1.0,8.0,1.0,9.0,7.0,2026-03-23T16:30:03.875398+00:00
2026-03-23T18:56:52.873791+00:00,2026-03-23,spring,831447,ATL,PIT,Didier Fuentes,Carson Fulmer,0.4530235256590149,0.4530235256590149,0.4697794396676599,0.4480267249233366,0.4530235256590149,10.2398677298979,9.29307272029499,10.871064402966509,-0.4828247732354267,-0.4828247732354267,-0.4835289653174417,1.0,0.0,0.6,0.0,9,9,0.4732280468081057,0.449399574854696,2,6,0.4311541729436318,0.95,0.95,5.8,5.8,0.0,0.0,0.84,1.0,0.4095135916121831,0.2405823643417161,-0.4095135916121831,-0.2405823643417161,0.6069679268054637,0.5150308073866231,3.6933075201587706,historical_replay,1.0,2026-03-30T00:44:51.912185+00:00,5.0,2.0,0.0,7.0,-3.0,2026-03-24T16:30:04.430084+00:00
2026-03-23T18:56:52.873791+00:00,2026-03-23,spring,831546,BAL,WSH,Shane Baz,PJ Poulin,0.499878858592827,0.499878858592827,0.4909139469135481,0.4929153039986441,0.499878858592827,10.058080650015713,8.838605020589517,10.871064402966509,-0.2049150076040593,-0.2049150076040593,-0.1453768493832292,1.0,0.0,0.6,0.0,9,9,0.5658886525985014,0.6061150607231985,5,6,0.4893679499786816,0.7969924812030076,0.7000000000000001,4.730253132522877,3.591321178214079,0.0,0.3203572746241691,0.4657309941520467,0.0,-0.3494106805285278,-0.7759536211869904,0.3494106805285278,0.7759536211869904,-0.4076655101015352,-0.6198101086198368,4.152109371521584,historical_replay,1.0,2026-03-30T00:44:49.340891+00:00,2.0,0.0,0.0,2.0,-2.0,2026-03-24T16:30:04.430169+00:00
2026-03-23T18:56:52.873791+00:00,2026-03-23,spring,832078,CIN,MIL,Brady Singer,Aaron Ashby,0.5503525435937734,0.5503525435937734,0.513478541520223,0.5517817413714872,0.5503525435937734,10.908642193355366,10.965008878938653,10.871064402966509,0.3563943697785774,0.3563943697785774,0.2156566643235677,1.0,0.0,0.6,0.0,0,0,0.0,0.0,0,0,0.0,0.8571428571428572,0.7938931297709924,4.941099405045385,4.339610883271948,0.0,0.0,1.0,0.2898162284421824,-0.5827225039578061,-0.5131042635170885,0.5827225039578061,0.5131042635170885,-1.0188964134043066,-0.6329663325432657,4.142373929529298,historical_replay,1.0,2026-03-30T00:44:58.478317+00:00,1.0,9.0,1.0,10.0,8.0,2026-03-24T16:30:04.430238+00:00
2026-03-23T18:56:52.873791+00:00,2026-03-23,spring,831885,CLE,AZ,Slade Cecconi,Merrill Kelly,0.4717363648914441,0.4717363648914441,0.5326237648533817,0.4701669070275946,0.4717363648914441,11.679706988451365,12.892670866678651,10.871064402966509,-0.1218798824187779,-0.1218798824187779,0.5219802376541072,1.0,0.0,0.6,0.0,0,0,0.0,0.0,0,0,0.0,0.7692307692307693,0.95,4.660421341155291,5.8,0.0,0.0,0.6442598348884123,1.0,-0.0151524834416666,-0.1465857845225556,0.0151524834416666,0.1465857845225556,-0.0566170240014723,-0.1008132751360005,3.790333763978152,historical_replay,1.0,2026-03-30T00:45:05.533333+00:00,7.0,0.0,0.0,7.0,-7.0,2026-03-24T16:30:04.430300+00:00
2026-03-23T18:56:52.873791+00:00,2026-03-23,spring,831915,CWS,ATH,Anthony Kay,Luis Morales,0.5019635846304782,0.5019635846304782,0.5087815902878308,0.4992551180807986,0.5019635846304782,10.646602305932696,10.309909160381984,10.871064402966509,0.0981184405635122,0.0981184405635122,0.1405054446052922,1.0,0.0,0.6,0.0,9,9,0.6230001054451739,0.4921189420366431,7,3,-0.0668533014943036,0.95,0.8373493975903614,5.8,4.752802192844087,0.0,0.0,1.0,0.9550938914130936,-0.047587964472931,-0.5174082230499535,0.047587964472931,0.5174082230499535,-0.6053264548549265,-0.642891980962892,4.017098071044677,historical_replay,1.0,2026-03-30T00:44:53.172181+00:00,9.0,10.0,1.0,19.0,1.0,2026-03-24T16:30:04.430360+00:00
2026-03-23T18:56:52.873791+00:00,2026-03-23,spring,831857,DET,COL,Jack Flaherty,,0.597513144977662,0.597513144977662,0.6706563669366767,0.5960488958781768,0.597513144977662,10.424370906816687,9.754330662591956,10.871064402966509,0.8368523641399541,0.8368523641399541,2.730501870986828,1.0,0.0,0.6,0.0,0,0,0.0,0.0,0,0,0.0,0.8085106382978724,0.25,4.597469216955436,3.3000000000000003,0.0,0.8136842105263158,0.8854353367786125,0.2025833333333333,1.291541183374774,0.1230757564135126,-1.291541183374774,-0.1230757564135126,1.5697318448392372,0.231657869720299,4.33453685395976,historical_replay,1.0,2026-03-30T00:45:02.612932+00:00,5.0,6.0,1.0,11.0,1.0,2026-03-24T16:30:04.430414+00:00
2026-03-23T18:56:52.873791+00:00,2026-03-23,spring,831838,KC,TEX,Michael Wacha,MacKenzie Gore,0.5206938277968842,0.5206938277968842,0.4935578039938695,0.5257431565016047,0.5206938277968842,10.412626420309184,9.724969446323197,10.871064402966509,0.1513534939594594,0.1513534939594594,-0.1030751360980879,1.0,0.0,0.6,0.0,9,0,0.5634592574940586,0.0,8,0,-0.1241278462838801,0.8789237668161436,0.6,5.030277450393378,5.483986854059983,0.0,0.0,0.983242395878738,1.0,0.7510366295528079,1.0473447119031722,-0.7510366295528079,-1.0473447119031722,0.933704158175052,1.338774511593176,3.708276159266366,historical_replay,1.0,2026-03-30T00:44:59.790778+00:00,2.0,3.0,1.0,5.0,1.0,2026-03-24T16:30:04.430468+00:00
2026-03-23T18:56:52.873791+00:00,2026-03-23,spring,831821,LAA,LAD,Reid Detmers,Roki Sasaki,0.5934458701593451,0.5934458701593451,0.5759288715998926,0.5941026980462516,0.5934458701593451,10.653713320158598,10.327686695946737,10.871064402966509,0.8945903730507521,0.8945903730507521,1.2148619455982814,1.0,0.0,0.6,0.0,0,0,0.0,0.0,0,0,0.0,0.95,0.8200000000000001,5.8,5.412987573332234,0.0,0.0,1.0,0.8947271833221297,0.3525517208583132,-0.2459297902209096,-0.3525517208583132,0.2459297902209096,0.0062512654222547,-0.3018742084513375,3.7988763470989775,historical_replay,1.0,2026-03-30T00:45:04.039218+00:00,7.0,7.0,0.0,14.0,0.0,2026-03-24T16:30:04.430521+00:00
2026-03-23T18:56:52.873791+00:00,2026-03-23,spring,832036,MIN,BOS,Bailey Ober,Johan Oviedo,0.5065186516530326,0.5065186516530326,0.4921587755817577,0.4974545085980127,0.5065186516530326,10.104582880030218,8.954860595625785,10.871064402966509,-0.0615896508903048,-0.0615896508903048,-0.125459590691876,1.0,0.0,0.6,0.0,9,9,0.5626207465263338,0.5789115636631637,9,6,0.343487658970111,0.8223684210526316,0.8125,4.877259116750131,4.755243623820376,0.0,0.0,1.0,1.0,0.6847246012005077,0.0609018148897876,-0.6847246012005077,-0.0609018148897876,0.8443523430523191,0.1801503473816219,3.730039672635258,historical_replay,1.0,2026-03-30T00:44:50.637350+00:00,9.0,6.0,0.0,15.0,-3.0,2026-03-24T16:30:04.430575+00:00
2026-03-23T18:56:52.873791+00:00,2026-03-23,spring,831786,MTY,SF,,,0.5354389538705557,0.5354389538705557,0.5696403590450531,0.5354389538705557,0.5354389538705557,10.728488791797997,10.514625375045227,10.871064402966509,0.2889928399723054,0.2889928399723054,1.114245744720849,1.0,0.0,0.6,0.0,0,0,0.0,0.0,0,0,0.0,0.25,0.64,3.3000000000000003,3.268802318879498,0.8136842105263158,0.4956040426950012,0.2025833333333333,0.0,0.0,-1.281489625854082,0.0,1.281489625854082,0.0,-1.2678788272085035,5.028893415397531,historical_replay,1.0,2026-03-30T00:45:06.925629+00:00,2.0,10.0,1.0,12.0,8.0,2026-03-24T16:30:04.430627+00:00
2026-03-23T18:56:52.873791+00:00,2026-03-23,spring,831780,NYY,CHC,Carlos Lagrange,Shota Imanaga,0.4593417964291143,0.4593417964291143,0.5433704841156679,0.4689485489024282,0.4593417964291143,10.937130450277666,11.036229521244405,10.871064402966509,-0.2429716623547761,-0.2429716623547761,0.6939277458506865,1.0,0.0,0.6,0.0,9,9,0.6305142098010181,0.6329326082629981,9,9,-0.5507416985611489,0.95,0.8411764705882354,5.8,4.756713714436622,0.0,0.0,1.0,1.0,-0.8719149339050872,-1.0299359845875338,0.8719149339050872,1.0299359845875338,-0.9718201474158508,-1.4419652643643754,4.397221684797121,historical_replay,1.0,2026-03-30T00:44:54.472249+00:00,6.0,15.0,1.0,21.0,9.0,2026-03-24T16:30:04.430680+00:00
2026-03-23T18:56:52.873791+00:00,2026-03-23,spring,831735,SEA,SD,Luis Castillo,Germán Márquez,0.4788546761584455,0.4788546761584455,0.516301960504172,0.4789601714253017,0.4788546761584455,11.259378438170431,11.841849490976324,10.871064402966509,-0.2246741575220676,-0.2246741575220676,0.2608313680667518,1.0,0.0,0.6,0.0,9,9,0.6503941442099954,0.6177075383911104,8,8,0.1042449254243307,0.8291139240506329,0.8430232558139535,5.060224168977884,4.8729836577276044,0.0,0.0,0.5918987341772151,1.0,-0.6687917149239929,-1.6649252072975451,0.6687917149239929,1.6649252072975451,-1.0710742787309648,-1.3771656687456622,4.306604339818644,historical_replay,1.0,2026-03-30T00:44:55.910892+00:00,3.0,10.0,1.0,13.0,7.0,2026-03-24T16:30:04.430754+00:00
2026-03-23T18:56:52.873791+00:00,2026-03-23,spring,831442,STL,SPR,,,0.5002002489467379,0.5002002489467379,0.5150769080284985,0.5002002489467379,0.5002002489467379,10.610271625248824,10.2190824586723,10.871064402966509,-0.0801019768853219,-0.0801019768853219,0.2412305284559757,1.0,0.0,0.6,0.0,0,0,0.0,0.0,0,0,0.0,0.6,0.25,5.5493047160081375,3.3000000000000003,0.0,0.8136842105263158,0.9390302087046244,0.2025833333333333,0.3610190030346135,0.0,-0.3610190030346135,0.0,0.4490297369897083,0.0,4.330394133930801,historical_replay,1.0,2026-03-30T00:44:57.067873+00:00,3.0,2.0,0.0,5.0,-1.0,2026-03-24T16:30:04.430810+00:00
2026-03-23T18:56:52.873791+00:00,2026-03-23,spring,831443,SUG,HOU,,Tatsuya Imai,0.4436126793557999,0.4436126793557999,0.4289425763855431,0.4436126793557999,0.4436126793557999,10.010106890509496,8.71867062182398,10.871064402966509,-0.7123109047900664,-0.7123109047900664,-1.13691877783131,1.0,0.0,0.6,0.0,0,0,0.0,0.0,0,0,0.0,0.25,0.25,3.3000000000000003,3.3000000000000003,0.8136842105263158,0.8136842105263158,0.2025833333333333,0.2025833333333333,0.0,0.4035333451959536,0.0,-0.4035333451959536,0.0,0.5453063247003003,4.898872681473674,historical_replay,1.0,2026-03-30T00:45:01.215859+00:00,1.0,9.0,1.0,10.0,8.0,2026-03-24T16:30:04.430870+00:00
2026-03-23T18:56:52.873791+00:00,2026-03-23,spring,831547,TB,PHI,Steven Matz,Jesús Luzardo,0.6134517654493566,0.6134517654493566,0.573900951914005,0.6165711081890547,0.6134517654493566,10.329646834226196,9.51752048111573,10.871064402966509,1.165422197042658,1.165422197042658,1.1824152306240805,1.0,0.0,0.6,0.0,9,9,0.3337819958271844,0.5241987007026286,6,5,-0.362382172079339,0.7938931297709924,0.848314606741573,4.690483242394006,5.0852319426334445,0.0,0.0,0.4987294589602088,0.5821972534332086,0.1891059887138394,0.1481443945798417,-0.1891059887138394,-0.1481443945798417,0.3741067305826309,0.3565242257635251,3.817807398295633,historical_replay,1.0,2026-03-30T00:44:48.145217+00:00,7.0,0.0,0.0,7.0,-7.0,2026-03-24T16:30:04.430937+00:00
2026-03-24T16:33:50.857321+00:00,2026-03-24,spring,832037,BOS,MIN,Ranger Suarez,Zak Kent,0.5779330265418376,0.5779330265418376,0.5425586478624002,0.5848952948837756,0.5779330265418376,10.56633888860798,10.109250617070192,10.871064402966509,0.7542351444253317,0.7542351444253317,0.6809383657984025,1.0,0.0,0.6,0.0,9,9,0.59683443346695,0.5961960725643123,6,8,-0.2845078602648835,0.7906976744186047,0.7000000000000001,4.413473465998788,3.675555378748871,0.0,0.2760234848690155,1.0,0.1803739314471245,-0.1053158196034361,0.3035542631205669,0.1053158196034361,-0.3035542631205669,0.1527455184831352,0.5428425992706163,4.033122841474176,historical_replay,1.0,2026-03-30T00:47:57.741988+00:00,6.0,15.0,1.0,21.0,9.0,2026-03-25T16:02:25.041260+00:00
2026-03-24T16:33:50.857321+00:00,2026-03-24,spring,832077,CIN,MIL,,Brandon Sproat,0.5568617715184483,0.5568617715184483,0.5705927681235468,0.5564686838093469,0.5568617715184483,11.10829438921958,11.464139368599191,10.871064402966509,0.6913415424486642,0.6913415424486642,1.129484289976748,1.0,0.0,0.6,0.0,0,0,0.0,0.0,0,0,0.0,0.8333333333333334,0.778688524590164,4.871493841194906,4.819444318730412,0.0,0.0,0.5159259259259257,0.8214314609538014,-0.6122313086792514,-0.422658603146888,0.6122313086792514,0.422658603146888,-0.5304613944234456,-0.5632881515032527,4.067979313957961,historical_replay,1.0,2026-03-30T00:48:06.573771+00:00,1.0,4.0,1.0,5.0,3.0,2026-03-25T16:02:25.041370+00:00
2026-03-24T16:33:50.857321+00:00,2026-03-24,spring,831887,CLE,AZ,Parker Messick,Michael Soroka,0.5107327186060138,0.5107327186060138,0.4631647865828336,0.5051390173464946,0.5107327186060138,11.179932455157276,11.643234533443431,10.871064402966509,-0.1088833763897731,-0.1088833763897731,-0.5893634146746622,1.0,0.0,0.6,0.0,9,0,0.5849090999182273,0.0,9,0,0.75,0.8789237668161436,0.8714285714285714,5.092596912906385,4.948366297157894,0.0,0.0,1.0,0.906781249935257,-0.1824713002445376,-0.5767814415920989,0.1824713002445376,0.5767814415920989,-0.2627950025674486,-1.027494937622199,3.842394576044235,historical_replay,1.0,2026-03-30T00:48:04.793157+00:00,10.0,5.0,0.0,15.0,-5.0,2026-03-25T16:02:25.041425+00:00
2026-03-24T16:33:50.857321+00:00,2026-03-24,spring,831856,DET,COL,Justin Verlander,Tomoyuki Sugano,0.5034267953267397,0.5034267953267397,0.6453543389459168,0.5037479777876134,0.5034267953267397,10.514583467177378,9.979862063493687,10.871064402966509,0.1783023593137791,0.1783023593137791,2.325669423134668,1.0,0.0,0.6,0.0,0,9,0.0,0.643229313383881,0,8,-0.2597269836887977,0.7923076923076924,0.8474576271186441,4.701993612546046,4.730555805480811,0.0,0.0,0.813522982933111,1.0,0.3737302768269083,-0.1809326158791372,-0.3737302768269083,0.1809326158791372,0.205966615738378,-0.0646547472662779,3.8823609870493807,historical_replay,1.0,2026-03-30T00:48:03.080112+00:00,11.0,8.0,0.0,19.0,-3.0,2026-03-25T16:02:25.041476+00:00
2026-03-24T16:33:50.857321+00:00,2026-03-24,spring,831837,KC,TEX,Seth Lugo,Jack Leiter,0.5263087426888862,0.5263087426888862,0.5071635000294817,0.5275775462743464,0.5263087426888862,10.41735482089598,9.736790447790188,10.871064402966509,0.2016487481064484,0.2016487481064484,0.1146160004717078,1.0,0.0,0.6,0.0,9,9,0.5750773200834101,0.6132551015678152,7,7,-0.0127460871093426,0.95,0.7672413793103449,5.8,4.592649978333752,0.0,0.0,1.0,0.4309961685823752,0.2515751530491718,0.5421048305731724,-0.2515751530491718,-0.5421048305731724,0.1282138985323261,0.3367919531616666,3.68977431298787,historical_replay,1.0,2026-03-30T00:47:59.611505+00:00,1.0,4.0,1.0,5.0,3.0,2026-03-25T16:02:25.041527+00:00
2026-03-24T16:33:50.857321+00:00,2026-03-24,spring,831820,LAA,LAD,Jack Kochanowicz,Shohei Ohtani,0.5907749499952273,0.5907749499952273,0.5613610755275669,0.5899971028036799,0.5907749499952273,10.627111879221278,10.261183093603435,10.871064402966509,0.8640567124714238,0.8640567124714238,0.98177720844107,1.0,0.0,0.6,0.0,0,0,0.0,0.0,0,0,0.0,0.95,0.8608247422680413,5.8,5.216745775968284,0.0,0.0,0.84,0.6186941580756015,-0.5477297712790037,-0.628488492889129,0.5477297712790037,0.628488492889129,-0.7992727388035233,-1.0645751866005984,3.9296527943907913,historical_replay,1.0,2026-03-30T00:48:08.444167+00:00,3.0,0.0,0.0,3.0,-3.0,2026-03-25T16:02:25.041577+00:00
2026-03-24T16:33:50.857321+00:00,2026-03-24,spring,831782,MTY,SF,,,0.5255996820225463,0.5255996820225463,0.5664253086173712,0.5255996820225463,0.5255996820225463,10.658242954194408,10.339010781036254,10.871064402966509,0.1112124568001675,0.1112124568001675,1.0628049378779387,1.0,0.0,0.6,0.0,0,0,0.0,0.0,0,0,0.0,0.25,0.95,3.3000000000000003,5.8,0.8136842105263158,0.0,0.2025833333333333,1.0,2.0828328580015416,-1.180086587580501,-2.0828328580015416,1.180086587580501,1.9730065392980944,-1.6817833469297525,4.56157270951678,historical_replay,1.0,2026-03-30T00:48:11.910697+00:00,2.0,8.0,1.0,10.0,6.0,2026-03-25T16:02:25.041625+00:00
2026-03-24T16:33:50.857321+00:00,2026-03-24,spring,831779,NYY,CHC,Gerrit Cole,Edward Cabrera,0.5054710070929819,0.5054710070929819,0.5524426186325313,0.5060071036028343,0.5054710070929819,11.424356321153311,12.254294198433517,10.871064402966509,0.0528181002328729,0.0528181002328729,0.8390818981205008,1.0,0.0,0.6,0.0,0,0,0.0,0.0,0,0,0.0,0.6,0.8676470588235294,5.302248789163954,4.876229806270704,0.0,0.0,1.0,1.0,-1.0737041720983542,-0.7149436519023987,1.0737041720983542,0.7149436519023987,-0.9350586074728142,-0.5698200861396399,4.504815616199321,historical_replay,1.0,2026-03-30T00:48:01.291378+00:00,8.0,3.0,0.0,11.0,-5.0,2026-03-25T16:02:25.041672+00:00
2026-03-24T16:33:50.857321+00:00,2026-03-24,spring,831441,SUG,HOU,,,0.448444802088569,0.448444802088569,0.4059249108771857,0.448444802088569,0.448444802088569,10.08747369097449,8.912087622986464,10.871064402966509,-0.6434275059739436,-0.6434275059739436,-1.505201425965029,1.0,0.0,0.6,0.0,0,0,0.0,0.0,0,0,0.0,0.25,0.55,3.3000000000000003,3.676298585627799,0.8136842105263158,0.3306323233537902,0.2025833333333333,0.278318937436726,1.8980643924579268,-0.032061454739753,-1.8980643924579268,0.032061454739753,1.746129476871567,0.2666135212524703,4.557778547822695,historical_replay,1.0,2026-03-30T00:48:10.126675+00:00,5.0,6.0,1.0,11.0,1.0,2026-03-25T16:02:25.041720+00:00
2026-03-24T16:33:50.857321+00:00,2026-03-24,spring,831545,TB,ATL,Cam Booser,Grant Holmes,0.6100950554775405,0.6100950554775405,0.5986646070094993,0.6158452221750379,0.6100950554775405,10.912367725836972,10.97432271014267,10.871064402966509,0.9311715277404408,0.9311715277404408,1.5786337121519889,1.0,0.0,0.6,0.0,9,9,0.5849942600557936,0.5836984757040712,7,6,-0.4271750034066945,0.75,0.95,3.2,5.8,0.5263157894736842,0.0,0.0,1.0,-0.1727105626252988,-0.0186253377051138,0.1727105626252988,0.0186253377051138,0.062643518610979,0.2052855842745093,4.308459549474129,historical_replay,1.0,2026-03-30T00:47:55.764855+00:00,2.0,3.0,1.0,5.0,1.0,2026-03-25T16:02:25.041796+00:00
2026-03-25T16:30:23.205269+00:00,2026-03-25,regular,823244,NYY,SF,Max Fried,Logan Webb,0.355498544387686,0.355498544387686,0.4077244173544725,0.355498544387686,0.355498544387686,9.986741276005883,10.208426595007356,9.1,-1.6759049794332643,-1.6759049794332643,-1.4764093223284398,0.0,0.0,0.2,0.0,0,0,0.0,0.0,0,0,0.0,0.815068493150685,0.815068493150685,5.186805843802951,5.107256310670938,0.0069442927352891,0.0488124680679272,0.5168702059895349,0.6356530598529483,-1.2262165447005935,-1.7174735986337528,1.2262165447005935,1.7174735986337528,-1.163400722324142,-1.7220382587433851,4.787162270636309,historical_replay,1.0,2026-03-30T00:48:20.600173+00:00,7.0,0.0,0.0,7.0,-7.0,2026-03-26T16:04:10.721741+00:00
2026-03-26T16:32:28.382830+00:00,2026-03-26,regular,823974,AZ,LAD,Zac Gallen,Yoshinobu Yamamoto,0.5764358375167712,0.5764358375167712,0.4934812267640021,0.5764358375167712,0.5764358375167712,9.5416756632454,9.645599348714908,9.1,0.4043462192796658,0.4043462192796658,-0.1043003717759658,0.0,0.0,0.1904761904761904,0.0,0,0,0.0,0.0,0,0,0.0,0.8014705882352942,0.8258064516129033,4.768451592136195,5.360740559087497,0.2271307409809501,0.0,1.0,0.4881182795698922,-0.6969932684306112,-1.405651323892819,0.6969932684306112,1.405651323892819,-0.4958700615320438,-1.9288520968246392,4.529174337597876,historical_replay,1.0,2026-03-30T00:49:03.911358+00:00,2.0,8.0,1.0,10.0,6.0,2026-03-27T15:51:53.050463+00:00
2026-03-26T16:32:28.382830+00:00,2026-03-26,regular,824541,BOS,CIN,Garrett Crochet,Andrew Abbott,0.4389263958229794,0.4389263958229794,0.5054318341811156,0.4389263958229794,0.4399623862272058,8.970948942372235,8.940583987636291,9.1,-0.5272759830613332,-0.5272759830613332,0.0869093468978494,0.0,0.0,0.1904761904761904,0.0,9,9,0.387636761487965,0.4499999999999999,9,9,0.2224045319228116,0.8071428571428572,0.8111888111888113,5.216474321860236,5.104354799706591,0.0,0.0503395791017945,0.3905555555555555,0.4868220972973641,-0.1469164331699901,-0.3300829096801216,0.1469164331699901,0.3300829096801216,0.1037752189902756,-0.2880159942798703,4.044799935726207,historical_replay,1.0,2026-03-30T00:48:59.512602+00:00,3.0,0.0,0.0,3.0,-3.0,2026-03-27T15:51:53.050545+00:00
2026-03-26T16:32:28.382830+00:00,2026-03-26,regular,823163,CLE,SEA,Tanner Bibee,Logan Gilbert,0.6001395090606552,0.6001395090606552,0.6149619203459089,0.6001395090606552,0.6020388525506741,9.631442466903568,9.75648775323382,9.1,0.8059542893572536,0.8059542893572536,1.8393907255345423,0.0,0.0,0.1904761904761904,0.0,0,0,0.0,0.0,0,0,0.0,0.8043478260869565,0.815068493150685,5.023331078507282,5.315851547074255,0.0929836428909041,0.0,0.6976822609751965,0.4713013698630137,-0.5319142964888611,0.3083707143513094,0.5319142964888611,-0.3083707143513094,-0.3890509613592349,0.1724388629091013,4.117522727884598,historical_replay,1.0,2026-03-30T00:49:04.859745+00:00,6.0,4.0,0.0,10.0,-2.0,2026-03-27T15:51:53.050607+00:00
2026-03-26T16:32:28.382830+00:00,2026-03-26,regular,823812,CWS,MIL,Shane Smith,Jacob Misiorowski,0.4842182967999213,0.4842182967999213,0.524333318166906,0.4842182967999213,0.4812099936911657,9.41503791572719,9.489164484133587,9.1,7.943438636726086e-05,7.943438636726086e-05,0.3893330906704957,0.0,0.0,0.1904761904761904,0.0,9,9,0.3950218818380744,0.4259299781181619,9,9,0.0302909254012319,0.7631578947368421,0.8258064516129033,5.134063622066227,5.377457050177366,0.0347033568072489,0.0,0.3802241715399609,0.534947660314857,0.4857892482081149,-0.4505731175786484,-0.4857892482081149,0.4505731175786484,0.3325537798579945,-0.4442426835910046,4.212864335960864,historical_replay,1.0,2026-03-30T00:48:56.720975+00:00,2.0,14.0,1.0,16.0,12.0,2026-03-27T15:51:53.050666+00:00
2026-03-26T16:32:28.382830+00:00,2026-03-26,regular,823325,DET,SD,Tarik Skubal,Nick Pivetta,0.6064244595537784,0.6064244595537784,0.6791561439151828,0.6064244595537784,0.5980836200739521,8.623087480813174,8.510872770416274,9.1,1.0566668844525684,1.0566668844525684,2.866498302642924,0.0,0.0,0.1904761904761904,0.0,9,9,0.3939277899343545,0.4499999999999999,9,9,-1.1369731973280888,0.7985074626865672,0.95,5.379893616370255,6.2133547329477725,0.0,0.0,0.4424626865671646,1.0,-0.3583517780078718,0.0059157007626837,0.3583517780078718,-0.0059157007626837,-0.2124784787370359,-0.2999116109482143,4.128834905933709,historical_replay,1.0,2026-03-30T00:49:01.249965+00:00,8.0,2.0,0.0,10.0,-6.0,2026-03-27T15:51:53.050726+00:00
2026-03-26T16:32:28.382830+00:00,2026-03-26,regular,824218,LAA,HOU,José Soriano,Hunter Brown,0.4753839893918725,0.4753839893918725,0.4524550720619563,0.4753839893918725,0.476178449840436,7.908558129831348,7.6282188662622525,9.1,-0.5189785188344636,-0.5189785188344636,-0.7607188470086994,0.0,0.0,0.1904761904761904,0.0,9,9,0.387636761487965,0.4182713347921225,9,9,0.2987963173440889,0.95,0.8333333333333334,6.416026066983839,5.386471643099348,0.0,0.0,0.735,0.4526954732510287,-1.3022011984192825,-1.0251680698727148,1.3022011984192825,1.0251680698727148,-1.6388210325482833,-1.0717294279735152,4.294089381476783,historical_replay,1.0,2026-03-30T00:49:00.438494+00:00,3.0,0.0,0.0,3.0,-3.0,2026-03-27T15:51:53.050782+00:00
2026-03-26T16:32:28.382830+00:00,2026-03-26,regular,824865,MIN,BAL,Joe Ryan,Trevor Rogers,0.3382514801059301,0.3382514801059301,0.5420255931353997,0.3382514801059301,0.3382595565650361,7.6966455722950355,7.366444530482102,9.1,-1.3701839150659605,-1.3701839150659605,0.6724094901663946,0.0,0.0,0.1904761904761904,0.0,9,9,0.4226477024070021,0.4499999999999999,9,9,-0.1170358816886021,0.8137931034482759,0.8175675675675677,5.433324012730066,4.885837924582662,0.0,0.1653484607459672,0.4453448275862069,1.0,0.034241151926989,0.3506341538851057,-0.034241151926989,-0.3506341538851057,0.2237376554567209,0.336711098398377,4.03478732281509,historical_replay,1.0,2026-03-30T00:48:58.697933+00:00,1.0,2.0,1.0,3.0,1.0,2026-03-27T15:51:53.050838+00:00
2026-03-26T16:32:28.382830+00:00,2026-03-26,regular,823649,PIT,NYM,Paul Skenes,Freddy Peralta,0.5524518135240463,0.5524518135240463,0.6080178961778129,0.5524518135240463,0.5426823336666963,8.98319346438724,8.955709573654826,9.1,0.5666346004529261,0.5666346004529261,1.728286338845006,0.0,0.0,0.1904761904761904,0.0,9,9,0.4499999999999999,0.3435995623632385,9,9,-0.7800808139476528,0.7216494845360826,0.8071428571428572,4.779321388105246,5.512266585317888,0.2214097957340811,0.0,0.258540934129272,0.689803948525308,0.5327437786233872,0.7381885920938127,-0.5327437786233872,-0.7381885920938127,0.6030623748880773,0.7111786368012746,4.157502450934849,historical_replay,1.0,2026-03-30T00:48:55.891338+00:00,7.0,11.0,1.0,18.0,4.0,2026-03-27T15:51:53.050921+00:00
2026-03-26T16:32:28.382830+00:00,2026-03-26,regular,823081,TB,STL,Drew Rasmussen,Matthew Liberatore,0.6035304556816783,0.6035304556816783,0.5721526046485794,0.6035304556816783,0.607239739214202,8.338831461668738,8.159732982061382,9.1,0.9239392028718229,0.9239392028718229,1.1544416743772707,0.0,0.0,0.1904761904761904,0.0,0,9,0.0,0.387636761487965,0,9,-0.0221793655068269,0.7969924812030076,0.95,5.201754082251129,6.300857516689456,0.0,0.0,0.5403162453170482,0.950387253591007,-0.3700792892998183,0.5316423091189217,0.3700792892998183,-0.5316423091189217,-0.0163719383635833,0.6540836167349271,4.312901687914981,historical_replay,1.0,2026-03-30T00:49:02.108706+00:00,7.0,9.0,1.0,16.0,2.0,2026-03-27T15:51:53.050978+00:00
2026-03-26T16:32:28.382830+00:00,2026-03-26,regular,823486,TEX,PHI,Nathan Eovaldi,Cristopher Sánchez,0.6837311268324323,0.6837311268324323,0.5838549101685422,0.6837311268324323,0.6836156453231166,7.183585135298626,6.732663990663009,9.1,1.5628932264594997,1.5628932264594997,1.341678562696675,0.0,0.0,0.1904761904761904,0.0,9,9,0.3963894967177243,0.4264770240700218,9,9,-0.2845831027089793,0.95,0.8163265306122449,6.407496747183912,5.542661234303044,0.0,0.0,0.7473651392367973,0.4730952380952379,-0.0727102517645682,0.5143859535489637,0.0727102517645682,-0.5143859535489637,0.1124553915352632,0.529356166188519,3.9532582105131295,historical_replay,1.0,2026-03-30T00:49:03.000377+00:00,3.0,5.0,1.0,8.0,2.0,2026-03-27T15:51:53.051033+00:00
2026-03-26T16:32:28.382830+00:00,2026-03-26,regular,824704,WSH,CHC,Cade Cavalli,Matthew Boyd,0.5149909600720125,0.5149909600720125,0.5172482454859985,0.5149909600720125,0.5182951825697097,10.770176936365186,11.1631597449217,9.1,0.169879825821468,0.169879825821468,0.2759719277759753,0.0,0.0,0.1904761904761904,0.0,9,9,0.4259299781181619,0.4499999999999999,9,9,0.0828413038858915,0.8,0.7804878048780488,5.161105837466366,4.817333471778011,0.0204706118598076,0.2014034359063101,0.464360188026086,0.7713697477223644,0.2557853910005841,-0.3393952998102942,-0.2557853910005841,0.3393952998102942,0.3378566961499676,-0.3818811329181543,4.473740120635758,historical_replay,1.0,2026-03-30T00:48:57.738345+00:00,10.0,4.0,0.0,14.0,-6.0,2026-03-27T15:51:53.051086+00:00
2026-03-27T17:18:07.516867+00:00,2026-03-27,regular,822839,ATH,TOR,Luis Severino,Kevin Gausman,0.5351355995023409,0.5351355995023409,0.5392227007668956,0.5351355995023409,0.5352465862232714,9.253954321705534,9.287967485803268,9.1,0.2724130713954453,0.2724130713954453,0.6275632122703296,0.0,0.0,0.1809523809523809,0.0,0,0,0.0,0.0,0,0,0.0,0.8125,0.8111888111888113,5.077348475811947,5.260777023801744,0.0645534337831859,0.0,0.5317136362107382,0.4249766899766901,0.7348531517720224,1.2277360408735312,-0.7348531517720224,-1.2277360408735312,0.9034078216659336,1.484873726525559,3.965545479140942,historical_replay,1.0,2026-03-30T00:49:55.860947+00:00,2.0,3.0,1.0,5.0,1.0,2026-03-28T16:01:17.434129+00:00
2026-03-27T17:18:07.516867+00:00,2026-03-27,regular,823971,AZ,LAD,Ryne Nelson,Emmet Sheehan,0.6361659303116957,0.6361659303116957,0.558109537632059,0.6361659303116957,0.6361659303116957,9.064020859876074,9.056071980081253,9.1,1.051128113189856,1.051128113189856,0.9297526021129432,0.0,0.0,0.1809523809523809,0.0,0,0,0.0,0.0,0,0,0.0,0.8111888111888113,0.8111888111888113,5.108308158585273,5.571497508673758,0.048258863902488,0.0,0.8021591055949175,0.5718298368298368,-0.5507639042218822,-1.6509305312247835,0.5507639042218822,1.6509305312247835,-0.8395111521854222,-1.518661440720105,4.469388546811167,historical_replay,1.0,2026-03-30T00:50:02.715885+00:00,4.0,5.0,1.0,9.0,1.0,2026-03-28T16:01:17.434234+00:00
2026-03-27T17:18:07.516867+00:00,2026-03-27,regular,823162,CLE,SEA,Gavin Williams,George Kirby,0.6011396870761255,0.6011396870761255,0.5942916419161137,0.6011396870761255,0.6030757229694159,9.46632233233504,9.54725401040906,9.1,0.785632971285521,0.785632971285521,1.5086662706578196,0.0,0.0,0.1809523809523809,0.0,0,0,0.0,0.0,0,0,0.0,0.8187919463087249,0.8200000000000001,5.265964124560696,5.249613790483728,0.0,0.0,0.4468568232662192,0.4238888888888887,-0.3929534253160114,0.0361625285791597,0.3929534253160114,-0.0361625285791597,-0.7100073922923924,-0.1334520078894264,4.067017630504202,historical_replay,1.0,2026-03-30T00:49:59.746599+00:00,1.0,5.0,1.0,6.0,4.0,2026-03-28T16:01:17.434298+00:00
2026-03-27T17:18:07.516867+00:00,2026-03-27,regular,823893,COL,MIA,Kyle Freeland,Sandy Alcantara,0.5294699248478394,0.5294699248478394,0.5297380365173422,0.5294699248478394,0.5294699248478394,8.331537636675913,8.161761068034545,9.1,0.1282343461323902,0.1282343461323902,0.4758085842774751,0.0,0.0,0.1809523809523809,0.0,0,0,0.0,0.0,0,0,0.0,0.8085106382978724,0.7969924812030076,4.956466752414315,4.97377780742934,0.1281753934661502,0.1190643118792946,0.8134745692019106,0.5408408948962544,0.3113189189957084,1.0883621559663097,-0.3113189189957084,-1.0883621559663097,0.3600684237531565,1.3371094172747815,4.127457716386767,historical_replay,1.0,2026-03-30T00:49:56.628173+00:00,1.0,2.0,1.0,3.0,1.0,2026-03-28T16:01:17.434357+00:00
2026-03-27T17:18:07.516867+00:00,2026-03-27,regular,823324,DET,SD,Framber Valdez,Michael King,0.5898665655590208,0.5898665655590208,0.6317303210668729,0.5898665655590208,0.5898665655590208,8.741254934451781,8.661997303691129,9.1,0.7666406354296824,0.7666406354296824,2.107685137069966,0.0,0.0,0.1809523809523809,0.0,0,0,0.0,0.0,0,0,0.0,0.8111888111888113,0.8098591549295775,5.233523830623634,5.0254851527381685,0.0,0.0918499196114903,0.5347324675266438,0.4562826646175879,-0.4225853309144442,-0.2095583875324309,0.4225853309144442,0.2095583875324309,-0.9586156522516376,-0.5786708347653019,4.156745344830474,historical_replay,1.0,2026-03-30T00:49:58.999697+00:00,5.0,2.0,0.0,7.0,-3.0,2026-03-28T16:01:17.434416+00:00
2026-03-27T17:18:07.516867+00:00,2026-03-27,regular,824946,KC,ATL,Cole Ragans,Chris Sale,0.4840221182361361,0.4840221182361361,0.5310038571621434,0.4840221182361361,0.4829409556791987,9.261025993966465,9.29660150426138,9.1,-0.3242490896395962,-0.3242490896395962,0.496061714594294,0.0,0.0,0.1809523809523809,0.0,9,0,0.4199124726477024,0.0,9,0,0.1177716809218862,0.8200000000000001,0.8175675675675677,5.173868319094836,5.308635854744468,0.0137535162658761,0.0,0.6108310478564418,0.5751739474291467,0.6455895700526402,0.2885658360271989,-0.6455895700526402,-0.2885658360271989,0.5958253180255572,0.6432525591478488,4.203322550591857,historical_replay,1.0,2026-03-30T00:49:57.435931+00:00,0.0,6.0,1.0,6.0,6.0,2026-03-28T16:01:17.434474+00:00
2026-03-27T17:18:07.516867+00:00,2026-03-27,regular,824216,LAA,HOU,Yusei Kikuchi,Mike Burrows,0.4075259795848702,0.4075259795848702,0.4680692077672412,0.4075259795848702,0.4075259795848702,8.25282472172659,8.06565809048014,9.1,-0.8147516295372941,-0.8147516295372941,-0.5108926757241408,0.0,0.0,0.1809523809523809,0.0,0,0,0.0,0.0,0,0,0.0,0.815068493150685,0.8246753246753247,4.997057463182213,5.733079124662961,0.1068118614830457,0.0,0.6541338513369749,1.0,-1.383606775726872,-1.1884630338036588,1.383606775726872,1.1884630338036588,-0.9769425301684576,-0.8266222326945916,4.384260601906591,historical_replay,1.0,2026-03-30T00:49:58.243374+00:00,6.0,2.0,0.0,8.0,-4.0,2026-03-28T16:01:17.434530+00:00
2026-03-27T17:18:07.516867+00:00,2026-03-27,regular,823243,NYY,SF,Cam Schlittler,Robbie Ray,0.3822485773236844,0.3822485773236844,0.429098911583921,0.3822485773236844,0.3845529871766425,10.227262960324936,10.4763094283037,9.1,-1.3541082041305614,-1.3541082041305614,-1.134417414657264,0.0,0.0,0.1809523809523809,0.0,0,9,0.0,0.5294507720387106,0,9,-0.0562503405816551,0.7906976744186047,0.95,5.421755707327706,6.314823062050203,0.0,0.0,0.4600645994832041,0.9991400539938252,-0.8311537433409297,-1.8869767951697145,0.8311537433409297,1.8869767951697145,-1.0982994968204065,-1.520831857965962,4.474707446516868,historical_replay,1.0,2026-03-30T00:49:55.059324+00:00,3.0,0.0,0.0,3.0,-3.0,2026-03-28T16:01:17.434584+00:00
2026-03-28T16:30:25.901216+00:00,2026-03-28,regular,822838,ATH,TOR,Jeffrey Springs,Dylan Cease,0.5280370181374737,0.5280370181374737,0.5184004546021136,0.5280370181374737,0.5258939466157202,8.77800713292894,8.711387919052168,9.1,0.1824049459788437,0.1824049459788437,0.2944072736338174,0.0,0.0,0.1714285714285714,0.0,9,9,0.5309715695891575,0.5075385420303206,8,8,-0.0668010725621215,0.8111888111888113,0.8200000000000001,5.33206235202015,5.290229036973004,0.0,0.0,0.5714041144503041,0.4135185185185185,0.134568468954389,0.6143980747913224,-0.134568468954389,-0.6143980747913224,0.1146108471316243,0.4471732815489153,4.002615851963637,historical_replay,1.0,2026-03-30T00:51:30.724638+00:00,7.0,8.0,1.0,15.0,1.0,2026-03-29T17:04:09.767416+00:00
2026-03-28T16:30:25.901216+00:00,2026-03-28,regular,823973,AZ,LAD,Eduardo Rodriguez,Tyler Glasnow,0.6462799072538602,0.6462799072538602,0.567396318806564,0.6462799072538602,0.6462799072538602,9.738640835834447,9.870773422558816,9.1,1.2646309795408095,1.2646309795408095,1.0783411009050248,0.0,0.0,0.1714285714285714,0.0,0,0,0.0,0.0,0,0,0.0,0.8057553956834533,0.8200000000000001,5.161510236603925,5.2607048587812,0.0202577702084607,0.0,0.7575948314888958,0.4699778663447621,-1.328243292576043,-1.6283072809207233,1.328243292576043,1.6283072809207233,-1.4564792646698312,-1.9684144600619773,4.642638166463325,historical_replay,1.0,2026-03-30T00:51:43.360722+00:00,2.0,3.0,1.0,5.0,1.0,2026-03-29T17:04:09.767501+00:00
2026-03-28T16:30:25.901216+00:00,2026-03-28,regular,824540,BOS,CIN,Sonny Gray,Brady Singer,0.4826685358364543,0.4826685358364543,0.491590273200624,0.4826685358364543,0.4817838028814041,9.68604259431136,9.807292786237849,9.1,-0.2555026535512885,-0.2555026535512885,-0.1345556287900153,0.0,0.0,0.1714285714285714,0.0,0,0,0.0,0.0,0,0,0.0,0.8071428571428572,0.7985074626865672,4.8871316003942376,4.912328206870625,0.1646675787398751,0.1514062069101974,0.78171628914157,0.8739447839076986,0.0565916847649564,0.0170632323360974,-0.0565916847649564,-0.0170632323360974,0.3908583191086978,0.0999153224882916,4.211528596038806,historical_replay,1.0,2026-03-30T00:51:33.672275+00:00,5.0,6.0,1.0,11.0,1.0,2026-03-29T17:04:09.767562+00:00
2026-03-28T16:30:25.901216+00:00,2026-03-28,regular,823161,CLE,SEA,Joey Cantillo,Bryan Woo,0.5548630002481839,0.5548630002481839,0.5881335173099508,0.5548630002481839,0.556804839880994,9.994050827879445,10.17902686123381,9.1,0.4652018017280852,0.4652018017280852,1.4101362769592125,0.0,0.0,0.1714285714285714,0.0,0,0,0.0,0.0,0,0,0.0,0.8211920529801324,0.95,5.334974160717653,6.554622125061511,0.0,0.0,0.5776669534788096,0.735,-1.2916544219800754,-0.6566938411019139,1.2916544219800754,0.6566938411019139,-1.460514499326591,-0.904071166472456,4.2666379245731445,historical_replay,1.0,2026-03-30T00:51:44.386418+00:00,6.0,5.0,0.0,11.0,-1.0,2026-03-29T17:04:09.767621+00:00
2026-03-28T16:30:25.901216+00:00,2026-03-28,regular,823892,COL,MIA,Michael Lorenzen,Eury Pérez,0.5383775151286286,0.5383775151286286,0.5467809822150086,0.5383775151286286,0.5291030256524021,7.895332381070667,7.64609080474046,9.1,0.2313890985662143,0.2313890985662143,0.7484957154401375,0.0,0.0,0.1714285714285714,0.0,9,0,0.5054976765617304,0.0,8,0,-0.6486233768254696,0.8235294117647058,0.8235294117647058,5.049916500444979,5.082347000647271,0.0789913155552741,0.0619226312382784,0.7278154585662266,0.6579856913280491,-0.325949429980758,0.5592725212111618,0.325949429980758,-0.5592725212111618,-0.4583353933124262,0.4694150021374688,4.218299798208152,historical_replay,1.0,2026-03-30T00:51:35.203397+00:00,3.0,4.0,1.0,7.0,1.0,2026-03-29T17:04:09.767681+00:00
2026-03-28T16:30:25.901216+00:00,2026-03-28,regular,823811,CWS,MIL,Sean Burke,Chad Patrick,0.5724083162305316,0.5724083162305316,0.5495957187526883,0.5724083162305316,0.572668393953278,9.663918637451802,9.780591458993555,9.1,0.7229469803069808,0.7229469803069808,0.793531500043013,0.0,0.0,0.1714285714285714,0.0,0,0,0.0,0.0,0,0,0.0,0.8211920529801324,0.7985074626865672,5.4070317408592325,5.188351960621112,0.0,0.0061305470415199,0.5928437816272345,0.6272379209700302,0.6286087626566004,-0.0860065226047667,-0.6286087626566004,0.0860065226047667,0.7472083957606142,-0.0037499133633548,4.1217873711224,historical_replay,1.0,2026-03-30T00:51:36.658492+00:00,1.0,6.0,1.0,7.0,5.0,2026-03-29T17:04:09.767734+00:00
2026-03-28T16:30:25.901216+00:00,2026-03-28,regular,823323,DET,SD,Jack Flaherty,Randy Vásquez,0.5811410696619178,0.5811410696619178,0.5995669277892602,0.5811410696619178,0.5811410696619178,8.839817158982298,8.785986226357945,9.1,0.629211302941008,0.629211302941008,1.5930708446281638,0.0,0.0,0.1714285714285714,0.0,0,0,0.0,0.0,0,0,0.0,0.8187919463087249,0.8211920529801324,4.870585775404773,5.325379162752339,0.1733759076816982,0.0,0.9501263127940364,0.5991033649745297,-0.8900033637246507,-0.4379296776839003,0.8900033637246507,0.4379296776839003,-1.023572704146145,-0.4417689755106725,4.310223716058083,historical_replay,1.0,2026-03-30T00:51:42.297735+00:00,0.0,3.0,1.0,3.0,3.0,2026-03-29T17:04:09.767788+00:00
2026-03-28T16:30:25.901216+00:00,2026-03-28,regular,824945,KC,ATL,Michael Wacha,Reynaldo López,0.4495885648829293,0.4495885648829293,0.5259560882945878,0.4495885648829293,0.4497164963512758,9.82437000053613,9.974239655819469,9.1,-0.6087646214190956,-0.6087646214190956,0.4152974127134055,0.0,0.0,0.1714285714285714,0.0,0,0,0.0,0.0,0,0,0.0,0.8071428571428572,0.95,5.237255750854826,6.258329134459785,0.0,0.0,0.3883333333333333,1.0,-0.0817438641472344,-0.2828180319421853,0.0817438641472344,0.2828180319421853,-0.4110500675099172,-0.306601781183645,4.117142524662066,historical_replay,1.0,2026-03-30T00:51:38.197373+00:00,2.0,6.0,1.0,8.0,4.0,2026-03-29T17:04:09.767841+00:00
2026-03-28T16:30:25.901216+00:00,2026-03-28,regular,824213,LAA,HOU,Reid Detmers,Cristian Javier,0.4972221465300812,0.4972221465300812,0.4840335323412433,0.4972221465300812,0.4972221465300812,8.184083808155734,7.994583906394851,9.1,-0.189707246833827,-0.189707246833827,-0.2554634825401072,0.0,0.0,0.1714285714285714,0.0,0,0,0.0,0.0,0,0,0.0,0.95,0.7985074626865672,6.533806873798943,5.0980900075822975,0.0,0.0536368381145803,0.735,0.8157150324159698,-1.2407072168842528,-1.2530382211636817,1.2407072168842528,1.2530382211636817,-1.192686044122798,-1.000031893907264,4.256817158920965,historical_replay,1.0,2026-03-30T00:51:35.943512+00:00,9.0,11.0,1.0,20.0,2.0,2026-03-29T17:04:09.767894+00:00
2026-03-28T16:30:25.901216+00:00,2026-03-28,regular,824862,MIN,BAL,Taj Bradley,Kyle Bradish,0.4903531052534869,0.4903531052534869,0.529025959811729,0.4903531052534869,0.4828325733920907,7.284389851404606,6.908746372384869,9.1,-0.3185187319385134,-0.3185187319385134,0.4644153569876632,0.0,0.0,0.1714285714285714,0.0,9,0,0.5091637781733,0.0,8,0,-0.5243742223040707,0.8223684210526316,0.8111888111888113,5.338134403752584,5.180228692945678,0.0,0.010405951081222,0.4586842105263157,0.4168181818181818,0.1731846697707829,0.38778095383572,-0.1731846697707829,-0.38778095383572,0.3566466700039612,0.5632207454858418,3.9190164427302943,historical_replay,1.0,2026-03-30T00:51:32.160248+00:00,4.0,1.0,0.0,5.0,-3.0,2026-03-29T17:04:09.767947+00:00
2026-03-28T16:30:25.901216+00:00,2026-03-28,regular,823241,NYY,SF,Will Warren,Tyler Mahle,0.3789119961646668,0.3789119961646668,0.4111785414706561,0.3789119961646668,0.3789119961646668,9.57760046396098,9.676414353056357,9.1,-1.4657886695089006,-1.4657886695089006,-1.421143336469502,0.0,0.0,0.1714285714285714,0.0,0,0,0.0,0.0,0,0,0.0,0.8111888111888113,0.8071428571428572,5.295840085270409,5.182257936323071,0.0,0.0093379282510156,0.7896403538139387,0.851024274701419,-1.1730341067538226,-1.502568950136396,1.1730341067538226,1.502568950136396,-1.0073555662937437,-1.242508935520536,4.471287625355967,historical_replay,1.0,2026-03-30T00:51:40.315472+00:00,3.0,1.0,0.0,4.0,-2.0,2026-03-29T17:04:09.767999+00:00
2026-03-28T16:30:25.901216+00:00,2026-03-28,regular,823651,PIT,NYM,Mitch Keller,David Peterson,0.5824173147269421,0.5824173147269421,0.6081231877454828,0.5824173147269421,0.5709825159428153,9.496831504854732,9.57893457482468,9.1,0.7979820270376043,0.7979820270376043,1.7299710039277247,0.0,0.0,0.1714285714285714,0.0,9,9,0.5123553642477277,0.5379787830522436,9,5,-0.7865260696896218,0.8029197080291971,0.8014705882352942,5.072393942402984,5.106103971687212,0.0671610829457979,0.0494189622698887,0.6178238249626297,1.0,0.6969577978526647,0.6836961021530024,-0.6969577978526647,-0.6836961021530024,0.8370301281934537,0.6808877103922274,4.043593039199423,historical_replay,1.0,2026-03-30T00:51:34.461412+00:00,2.0,4.0,1.0,6.0,2.0,2026-03-29T17:04:09.768052+00:00
2026-03-28T16:30:25.901216+00:00,2026-03-28,regular,823082,TB,STL,Joe Boyle,Michael McGreevy,0.5810876846860664,0.5810876846860664,0.5692612506128207,0.5810876846860664,0.5788563346196295,9.206290625121072,9.228281788939226,9.1,0.6464280130596585,0.6464280130596585,1.1081800098051318,0.0,0.0,0.1714285714285714,0.0,9,9,0.5306049018900371,0.519380115404488,8,7,-0.2606610283038082,0.8,0.826923076923077,5.129218730389119,5.131696953034157,0.0372532997952007,0.0359489720872857,0.616893697943579,0.7210187917130714,-0.0294174587525664,0.6974456346100112,0.0294174587525664,-0.6974456346100112,0.2104904302586789,0.9040318506540802,4.194886037306459,historical_replay,1.0,2026-03-30T00:51:29.318248+00:00,5.0,6.0,1.0,11.0,1.0,2026-03-29T17:04:09.768105+00:00
2026-03-28T16:30:25.901216+00:00,2026-03-28,regular,823488,TEX,PHI,Jacob Latz,Aaron Nola,0.6655645981010174,0.6655645981010174,0.568090885557571,0.6655645981010174,0.6723245057349285,7.70383005963033,7.41496731334695,9.1,1.2351384487668322,1.2351384487668322,1.0894541689211366,0.0,0.0,0.1714285714285714,0.0,0,9,0.0,0.5366826915439126,0,8,0.4305724874235527,0.7890625,0.8211920529801324,5.236667728041368,5.30132731308987,0.0,0.0,0.7354492620401989,0.4568543046357617,0.2649822901251295,0.5738348466930452,-0.2649822901251295,-0.5738348466930452,0.3705390396983085,0.7516592609741198,3.918369143141193,historical_replay,1.0,2026-03-30T00:51:32.897720+00:00,5.0,4.0,0.0,9.0,-1.0,2026-03-29T17:04:09.768156+00:00
2026-03-28T16:30:25.901216+00:00,2026-03-28,regular,824701,WSH,CHC,Miles Mikolas,Cade Horton,0.5085793366856428,0.5085793366856428,0.4789985728886224,0.5085793366856428,0.5105032194615848,10.879291881834646,11.247421236696988,9.1,-0.0547801521269324,-0.0547801521269324,-0.3360228337820414,0.0,0.0,0.1714285714285714,0.0,9,9,0.4233268386438285,0.5235943744160821,9,9,0.2564111520712379,0.8280254777070064,0.8,5.273945545314799,4.6904434282322045,0.0,0.2681876693514714,0.881121677211353,0.4306807061787988,0.416263574070108,-0.0236153068319545,-0.416263574070108,0.0236153068319545,0.6542047823904007,-0.021944415229584,4.293676725404515,historical_replay,1.0,2026-03-30T00:51:30.036886+00:00,2.0,10.0,1.0,12.0,8.0,2026-03-29T17:04:09.768207+00:00
2026-03-30T01:13:11.887129+00:00,2026-03-29,regular,822837,ATH,TOR,Luis Morales,Eric Lauer,0.5649511614870426,0.5649511614870426,0.5398561280256625,0.5649511614870426,0.556946160694662,8.73480679613712,8.664258109027244,9.1,0.4812508118498355,0.4812508118498355,0.6376980484106003,0.0,0.0,0.1619047619047619,0.0,9,9,0.5509171653042281,0.5698809271540948,9,8,-0.4095304705181002,0.7938931297709924,0.8163265306122449,4.8512879441994095,5.417579676009841,0.1835326609476793,0.0,0.7515592667248111,0.4598677248677248,0.2210276508164569,0.711970523769414,-0.2210276508164569,-0.711970523769414,0.5738849753079781,0.8335947762821315,4.153369799245215,historical_replay,1.0,2026-03-30T16:02:57.191446+00:00,2.0,5.0,1.0,7.0,3.0,2026-03-30T16:00:55.446681+00:00
2026-03-30T01:13:11.887129+00:00,2026-03-29,regular,824538,BOS,CIN,Connelly Early,Rhett Lowder,0.5077594197681004,0.5077594197681004,0.5256853937488241,0.5077594197681004,0.5096478147174759,9.96407472858102,10.130998255693264,9.1,0.0630116948520802,0.0630116948520802,0.4109662999811849,0.0,0.0,0.1619047619047619,0.0,9,9,0.5559870541440751,0.5901438647060695,7,8,0.1445422200433435,0.826923076923077,0.95,5.1990637658950885,6.414541096506267,0.0004927547920588,0.0,0.5217176782484343,0.735,0.199720914659712,0.0891875368791322,-0.199720914659712,-0.0891875368791322,0.4318637949186448,0.2587980017447159,4.068136319148747,historical_replay,1.0,2026-03-30T16:02:57.817913+00:00,2.0,3.0,1.0,5.0,1.0,2026-03-30T16:00:55.446774+00:00
2026-03-30T01:13:11.887129+00:00,2026-03-29,regular,823160,CLE,SEA,Slade Cecconi,Emerson Hancock,0.6293404353624062,0.6293404353624062,0.5974135580301155,0.6293404353624062,0.6239703286535306,10.01047813783202,10.186365959913209,9.1,1.018952020142004,1.018952020142004,1.5586169284818483,0.0,0.0,0.1619047619047619,0.0,9,9,0.6170703852402071,0.6587368838816281,8,9,-0.608053104059197,0.8235294117647058,0.8280254777070064,5.174362725927841,5.431559737687874,0.0134933021432417,0.0,0.8224239661114285,0.4377600849256901,-1.1654984721854085,-0.661644359911536,1.1654984721854085,0.661644359911536,-1.0451384050386432,-0.8250760135568741,4.303326988214217,historical_replay,1.0,2026-03-30T16:03:02.237347+00:00,0.0,8.0,1.0,8.0,8.0,2026-03-30T16:00:55.446858+00:00
2026-03-30T01:13:11.887129+00:00,2026-03-29,regular,823891,COL,MIA,Jose Quintana,Max Meyer,0.55547612835243,0.55547612835243,0.5520611371289421,0.55547612835243,0.5525654623579611,8.490448541192652,8.37269428210487,9.1,0.3755086039469129,0.3755086039469129,0.8329781940630738,0.0,0.0,0.1619047619047619,0.0,9,9,0.5540790860087559,0.5601480459707887,9,8,-0.1700534536771444,0.95,0.95,6.177619181889347,6.254371911546092,0.0,0.0,1.0,1.0,-0.4348329933685833,0.2375947482367246,0.4348329933685833,-0.2375947482367246,-0.2532318804441261,0.1805102816768083,4.0286574965888455,historical_replay,1.0,2026-03-30T16:02:59.072380+00:00,3.0,4.0,1.0,7.0,1.0,2026-03-30T16:00:55.446962+00:00
2026-03-30T01:13:11.887129+00:00,2026-03-29,regular,823810,CWS,MIL,Anthony Kay,Brandon Sproat,0.5453226279495431,0.5453226279495431,0.5519371910949066,0.5453226279495431,0.5348540415884541,10.361787270794627,10.605541629925408,9.1,0.5015068344749789,0.5015068344749789,0.8309950575185052,0.0,0.0,0.1619047619047619,0.0,9,9,0.5544578717930249,0.5411690171909044,6,8,-0.5078606951900464,0.95,0.815068493150685,6.193242488830573,5.06065332722536,0.0,0.0733403540919158,1.0,1.0,0.5970367748307823,-0.1103080238009886,-0.5970367748307823,0.1103080238009886,0.5919220054324228,-0.2225025895842992,4.124073918706957,historical_replay,1.0,2026-03-30T16:03:00.333532+00:00,7.0,9.0,1.0,16.0,2.0,2026-03-30T16:00:55.447062+00:00
2026-03-30T01:13:11.887129+00:00,2026-03-29,regular,824944,KC,ATL,Seth Lugo,Grant Holmes,0.5060787724134361,0.5060787724134361,0.5202498349419148,0.5060787724134361,0.5067159256592626,10.085189139117473,10.275509768265168,9.1,-0.1031155352251103,-0.1031155352251103,0.3239973590706366,0.0,0.0,0.1619047619047619,0.0,9,9,0.5360534902752797,0.5460734043609289,7,7,-0.0291977969055972,0.95,0.95,6.090013539430912,6.430292321103945,0.0,0.0,1.0,0.735,-0.2011200419500905,-0.3361432651318582,0.2011200419500905,0.3361432651318582,-0.2249217714957973,-0.0632253713912437,4.102704420852894,historical_replay,1.0,2026-03-30T16:02:56.561658+00:00,4.0,1.0,0.0,5.0,-3.0,2026-03-30T16:00:55.447154+00:00
2026-03-30T01:13:11.887129+00:00,2026-03-29,regular,824215,LAA,HOU,Jack Kochanowicz,Tatsuya Imai,0.4806630629557717,0.4806630629557717,0.4831873427042691,0.4806630629557717,0.4810119954723227,8.33587586240109,8.18826097218312,9.1,-0.3530531744722429,-0.3530531744722429,-0.2690025167316934,0.0,0.0,0.1619047619047619,0.0,9,9,0.5852695449035838,0.5866705328093391,7,8,0.2922297147724259,0.95,0.95,6.197357057237662,6.220141964533132,0.0,0.0,1.0,1.0,-1.425154388160733,-1.2300919907812884,1.425154388160733,1.2300919907812884,-1.643725936071111,-1.4830608725950074,4.268338982022654,historical_replay,1.0,2026-03-30T16:02:59.694665+00:00,7.0,9.0,1.0,16.0,2.0,2026-03-30T16:00:55.447255+00:00
2026-03-30T01:13:11.887129+00:00,2026-03-29,regular,824864,MIN,BAL,Bailey Ober,Shane Baz,0.5468984209435854,0.5468984209435854,0.5353295741411987,0.5468984209435854,0.5473433781957794,6.9934207326816855,6.586467919677011,9.1,0.1247295001226347,0.1247295001226347,0.56527318625918,0.0,0.0,0.1619047619047619,0.0,9,9,0.5502859795045264,0.5930214947017475,8,8,-0.1075234428196447,0.7672413793103449,0.8043478260869565,5.077612144548181,5.067379005202818,0.0644146607641154,0.0698005235774645,0.6666378158259229,0.3742914653784218,0.1936648879709418,0.3464549452764233,-0.1936648879709418,-0.3464549452764233,0.1759153270536661,0.2804991208305731,4.047224554880256,historical_replay,1.0,2026-03-30T16:02:55.263149+00:00,6.0,8.0,1.0,14.0,2.0,2026-03-30T16:00:55.447353+00:00
2026-03-30T01:13:11.887129+00:00,2026-03-29,regular,823647,PIT,NYM,Carmen Mlodzinski,Nolan McLean,0.6071555226608583,0.6071555226608583,0.6020647689851389,0.6071555226608583,0.5958357205579511,8.061333813645994,7.860682391282152,9.1,1.1325651592405013,1.1325651592405013,1.633036303762223,0.0,0.0,0.1619047619047619,0.0,9,9,0.5539131927262624,0.5765202626746713,9,5,-0.8347573173377051,0.8137931034482759,0.8125,5.882721730012461,5.274308420143378,0.0,0.0,0.7028160919540227,0.5579385208243917,0.4785717636887141,0.8853126388705597,-0.4785717636887141,-0.8853126388705597,0.4457782157585644,0.7367674625260816,3.979055578695409,historical_replay,1.0,2026-03-30T16:02:58.439818+00:00,4.0,3.0,0.0,7.0,-1.0,2026-03-30T16:00:55.447449+00:00
2026-03-30T01:13:11.887129+00:00,2026-03-29,regular,823079,TB,STL,Steven Matz,Dustin May,0.5425198741371952,0.5425198741371952,0.5485663761760037,0.5425198741371952,0.538470522510187,8.803377270471087,8.746075152266638,9.1,0.2823615708776543,0.2823615708776543,0.7770620188160589,0.0,0.0,0.1619047619047619,0.0,9,9,0.5912843235380932,0.5584989364213586,7,7,-0.360687636260027,0.8085106382978724,0.95,4.946754399414179,6.058072177320107,0.1332871582030635,0.0,0.7712912847270992,1.0,-0.1601849754086871,0.4779177200332076,0.1601849754086871,-0.4779177200332076,0.0472809268360983,0.5629585957872612,4.412897429146458,historical_replay,1.0,2026-03-30T16:03:00.983922+00:00,11.0,7.0,0.0,18.0,-4.0,2026-03-30T16:00:55.447541+00:00
2026-03-30T01:13:11.887129+00:00,2026-03-29,regular,823487,TEX,PHI,MacKenzie Gore,Jesús Luzardo,0.6184022953475499,0.6184022953475499,0.5274678337269009,0.6184022953475499,0.6179045779206493,7.419543793639913,7.09491020832035,9.1,0.686634482481677,0.686634482481677,0.4394853396304139,0.0,0.0,0.1619047619047619,0.0,9,9,0.5595207083573616,0.5993916402789234,7,9,-0.0789028013906892,0.95,0.8301886792452831,6.476730136614469,5.389887128558088,0.0,0.0,0.735,0.4463906359189377,0.4134201414226995,0.4347508387697859,-0.4134201414226995,-0.4347508387697859,0.3609335792635867,0.4880358398820693,3.923536755886452,historical_replay,1.0,2026-03-30T16:02:55.945573+00:00,8.0,3.0,0.0,11.0,-5.0,2026-03-30T16:00:55.447639+00:00
2026-03-30T01:13:11.887129+00:00,2026-03-29,regular,824700,WSH,CHC,Jake Irvin,Shota Imanaga,0.4569963359953156,0.4569963359953156,0.4888803373352425,0.4569963359953156,0.4586688621829837,10.539990819101115,10.818170863700196,9.1,-0.2592757017703748,-0.2592757017703748,-0.17791460263612,0.0,0.0,0.1619047619047619,0.0,9,9,0.5673496813058341,0.6054378086058235,8,9,0.1678316469600835,0.8235294117647058,0.8098591549295775,5.203753361416567,4.967880576093716,0.0,0.1221681178454127,0.7152384376642706,1.0,0.2534111124053033,-0.165090302824985,-0.2534111124053033,0.165090302824985,0.2424542543585619,-0.1164854450563623,4.276224126713986,historical_replay,1.0,2026-03-30T16:03:01.605618+00:00,6.0,3.0,0.0,9.0,-3.0,2026-03-30T16:00:55.447731+00:00
2026-03-30T22:25:13.860326+00:00,2026-03-30,regular,824943,ATH,ATL,Jacob Lopez,Bryce Elder,0.6073938786486042,0.6073938786486042,0.5944040120206424,0.6073938786486042,0.597879824475848,9.97354296368304,10.130584395356395,9.1,0.9301351983315564,0.9301351983315564,1.5104641923302786,0.0,0.0,0.1523809523809524,0.0,9,9,0.6320537446053545,0.620923325105185,9,9,-0.7320694153265113,0.8211920529801324,0.8111888111888113,5.77140691392359,5.863088409779004,0.0,0.0,1.0,1.0,-0.116051564744238,-0.6988628100851465,0.116051564744238,0.6988628100851465,-0.0961305591586532,-0.8590316574850866,4.200335732985081,historical_replay,1.0,2026-03-31T16:32:44.575706+00:00,0.0,4.0,1.0,4.0,4.0,2026-03-31T16:30:03.563572+00:00
2026-03-30T22:25:13.860326+00:00,2026-03-30,regular,824214,BOS,HOU,Ranger Suarez,Lance McCullers Jr.,0.5394937410969665,0.5394937410969665,0.4799212229664658,0.5394937410969665,0.5456626836727393,8.669160191940907,8.591705844424666,9.1,-0.008485060924352,-0.008485060924352,-0.3212604325365475,0.0,0.0,0.1523809523809524,0.0,9,9,0.6177021519630008,0.6897977698962252,7,9,0.4562522397891012,0.8014705882352942,0.826923076923077,5.608327590361276,5.937184805646035,0.0,0.0,1.0,0.8854146443368865,-0.2958903249203664,-1.0268279656457724,0.2958903249203664,1.0268279656457724,-0.0462248266746948,-0.7436309676882691,4.336327892706059,historical_replay,1.0,2026-03-31T16:32:48.694203+00:00,1.0,8.0,1.0,9.0,7.0,2026-03-31T16:30:03.563724+00:00
2026-03-30T22:25:13.860326+00:00,2026-03-30,regular,823972,CLE,LAD,Parker Messick,Roki Sasaki,0.7098084020667033,0.7098084020667033,0.6103685366748045,0.7098084020667033,0.6977149481855649,8.952369458174797,8.925829136048918,9.1,1.7604967351555565,1.7604967351555565,1.765896586796872,0.0,0.0,0.1523809523809524,0.0,9,9,0.6344488042848646,0.6213701258662424,8,9,-0.8716459732685584,0.8014705882352942,0.8043478260869565,5.872966178739134,4.858689827086715,0.0,0.1796369331122555,1.0,0.2446618357487922,-1.4340651776397786,-0.7854863376053979,1.4340651776397786,0.7854863376053979,-1.630046547886079,-0.8739825079049305,4.404895040389287,historical_replay,1.0,2026-03-31T16:32:52.597606+00:00,4.0,2.0,0.0,6.0,-2.0,2026-03-31T16:30:03.563835+00:00
2026-03-30T22:25:13.860326+00:00,2026-03-30,regular,822834,COL,TOR,Tomoyuki Sugano,Cody Ponce,0.6106494327598624,0.6106494327598624,0.5802591798012903,0.6106494327598624,0.6056694195535901,10.2206198999021,10.422079657187869,9.1,0.830043440496107,0.830043440496107,1.2841468768206443,0.0,0.0,0.1523809523809524,0.0,9,9,0.5921417596382261,0.6214669584863033,8,8,-0.5109835806860012,0.7969924812030076,0.7476635514018692,5.602166939637328,5.591353410949335,0.0,0.0,1.0,1.0,-0.5292673147669765,0.6908057307051209,0.5292673147669765,-0.6908057307051209,-0.4623628246040086,0.353713585934494,4.174297210142914,historical_replay,1.0,2026-03-31T16:32:43.601051+00:00,14.0,5.0,0.0,19.0,-9.0,2026-03-31T16:30:03.563940+00:00
2026-03-30T22:25:13.860326+00:00,2026-03-30,regular,823890,CWS,MIA,Davis Martin,Chris Paddack,0.531175267009137,0.531175267009137,0.4899990142344169,0.531175267009137,0.532161722573777,9.236066030168969,9.26052733896339,9.1,0.2700009104193608,0.2700009104193608,-0.1600157722493298,0.0,0.0,0.1523809523809524,0.0,9,9,0.6005121088445916,0.6095615745426805,7,8,0.2149587949118283,0.8223684210526316,0.8057553956834533,5.740524931265552,5.875434837404646,0.0,0.0,1.0,0.9850371153243987,0.4697013698860453,0.2192113101508355,-0.4697013698860453,-0.2192113101508355,0.7072093421660933,-0.239920081528219,4.054198393963154,historical_replay,1.0,2026-03-31T16:32:42.590111+00:00,9.0,4.0,0.0,13.0,-5.0,2026-03-31T16:30:03.564043+00:00
2026-03-30T22:25:13.860326+00:00,2026-03-30,regular,825108,DET,AZ,Justin Verlander,Michael Soroka,0.5402267942926642,0.5402267942926642,0.5274715204821925,0.5402267942926642,0.5412697213300794,9.316605601147836,9.355545933938458,9.1,0.1482367062361822,0.1482367062361822,0.4395443277150797,0.0,0.0,0.1523809523809524,0.0,9,9,0.6288313448634256,0.6396896932263642,8,9,-0.1279968676418121,0.8071428571428572,0.8187919463087249,5.682695859480235,5.622562365251249,0.0,0.0,1.0,0.583528487978218,-0.5784008355656718,-0.4168483989290494,0.5784008355656718,0.4168483989290494,-0.7829447408692167,-0.140139797797343,4.255274644573604,historical_replay,1.0,2026-03-31T16:32:51.654777+00:00,6.0,9.0,1.0,15.0,3.0,2026-03-31T16:30:03.564142+00:00
2026-03-30T22:25:13.860326+00:00,2026-03-30,regular,824702,LAA,CHC,Ryan Johnson,Edward Cabrera,0.5647803397093416,0.5647803397093416,0.5699765240761069,0.5647803397093416,0.555108183592535,9.440487986104298,9.50169930944889,9.1,0.552049497548257,0.552049497548257,1.11962438521771,0.0,0.0,0.1523809523809524,0.0,9,9,0.7136359980468214,0.651884462395614,9,9,-0.5834212016305078,0.95,0.8071428571428572,6.092521532157264,5.982349577219388,0.0,0.0,1.0,0.735,-1.4618895577107238,-0.3470696059000885,1.4618895577107238,0.3470696059000885,-1.2976082590729976,-0.0841871613886591,4.298467983376424,historical_replay,1.0,2026-03-31T16:32:45.560667+00:00,2.0,7.0,1.0,9.0,5.0,2026-03-31T16:30:03.564259+00:00
2026-03-30T22:25:13.860326+00:00,2026-03-30,regular,824135,MIN,KC,Simeon Woods Richardson,Kris Bubic,0.5076456733524279,0.5076456733524279,0.5371231282584366,0.5076456733524279,0.5022893633655113,7.850012139068442,7.625295220249285,9.1,-0.1465048154758799,-0.1465048154758799,0.5939700521349849,0.0,0.0,0.1523809523809524,0.0,9,9,0.6226053803260686,0.621479821767864,9,9,-0.3548950036276312,0.8111888111888113,0.8,5.953692441859231,5.595856696063637,0.0,0.0,0.735,0.9883012235310756,-0.3134199555071857,-0.5070279316686198,0.3134199555071857,0.5070279316686198,-0.3626178435262348,-0.9282095180697136,4.134165797024546,historical_replay,1.0,2026-03-31T16:32:38.480286+00:00,1.0,3.0,1.0,4.0,2.0,2026-03-31T16:30:03.564356+00:00
2026-03-30T22:25:13.860326+00:00,2026-03-30,regular,823080,NYM,STL,Clay Holmes,Kyle Leahy,0.4693700351919397,0.4693700351919397,0.5415652494149461,0.4693700351919397,0.4660604381259821,8.498450577816932,8.390306861469416,9.1,-0.6473294242367689,-0.6473294242367689,0.6650439906391377,0.0,0.0,0.1523809523809524,0.0,9,9,0.63723250247109,0.6234536062830908,8,8,-0.1945828034647719,0.8200000000000001,0.8057553956834533,5.400522500954542,5.251332121605688,0.0,0.0,0.7622580455605444,1.0,0.6903435336589011,0.2895849127510523,-0.6903435336589011,-0.2895849127510523,0.435859780551484,0.559342711281144,4.127406919732765,historical_replay,1.0,2026-03-31T16:32:47.673743+00:00,4.0,2.0,0.0,6.0,-2.0,2026-03-31T16:30:03.564448+00:00
2026-03-30T22:25:13.860326+00:00,2026-03-30,regular,823159,NYY,SEA,Ryan Weathers,Luis Castillo,0.5021140841618036,0.5021140841618036,0.4789669672258378,0.5021140841618036,0.4920736224492412,10.505236001657654,10.757862698584873,9.1,-0.3117881096580017,-0.3117881096580017,-0.336528524386595,0.0,0.0,0.1523809523809524,0.0,0,9,0.0,0.6495953402980229,0,9,-0.6359013489834597,0.8029197080291971,0.8258064516129033,5.932732220291848,6.100959602826864,0.0,0.0,0.7552377239882622,0.735,0.2791477862441827,-1.1107313541029065,-0.2791477862441827,1.1107313541029065,0.5354059410875416,-1.7154513524943358,4.147820747493866,historical_replay,1.0,2026-03-31T16:32:50.642068+00:00,1.0,2.0,1.0,3.0,1.0,2026-03-31T16:30:03.564533+00:00
2026-03-30T22:25:13.860326+00:00,2026-03-30,regular,824539,PIT,CIN,Braxton Ashcraft,Chase Burns,0.6130543376062205,0.6130543376062205,0.5815772049880952,0.6130543376062205,0.6055823486260379,9.591091465477636,9.67937757163092,9.1,0.8395273124710636,0.8395273124710636,1.3052352798095228,0.0,0.0,0.1523809523809524,0.0,9,9,0.6489959544266202,0.6438920601790794,9,9,-0.7186239154112757,0.8163265306122449,0.8043478260869565,5.828397931266138,6.069541803647471,0.0,0.0,1.0,0.735,0.4056241932794096,-0.1579412458148361,-0.4056241932794096,0.1579412458148361,0.4415971383779862,0.0569443112597208,4.020949147517502,historical_replay,1.0,2026-03-31T16:32:40.556794+00:00,0.0,2.0,1.0,2.0,2.0,2026-03-31T16:30:03.564617+00:00
2026-03-30T22:25:13.860326+00:00,2026-03-30,regular,823320,SF,SD,Landen Roupp,Walker Buehler,0.6466526542235048,0.6466526542235048,0.6111722389281989,0.6466526542235048,0.6360392340846182,8.634740172509424,8.551097956331343,9.1,1.2223257584470293,1.2223257584470293,1.778755822851183,0.0,0.0,0.1523809523809524,0.0,9,9,0.6432380073603412,0.6244653739530907,9,9,-1.0759630261929185,0.8175675675675677,0.7954545454545455,5.975162944407184,5.750520734237318,0.0,0.0,0.735,1.0,0.1337060078520887,-0.0624828780456333,-0.1337060078520887,0.0624828780456333,0.4539832450672471,-0.2953988525837574,4.004617806974905,historical_replay,1.0,2026-03-31T16:32:49.658555+00:00,3.0,2.0,0.0,5.0,-1.0,2026-03-31T16:30:03.564704+00:00
2026-03-30T22:25:13.860326+00:00,2026-03-30,regular,823809,TB,MIL,Nick Martinez,Kyle Harrison,0.5941172629421865,0.5941172629421865,0.5658064546094252,0.5941172629421865,0.5873714331095227,9.863022841842891,10.000195487567456,9.1,0.8020718404880887,0.8020718404880887,1.052903273750804,0.0,0.0,0.1523809523809524,0.0,9,9,0.618248234587828,0.6567836805068357,7,9,-0.5630026345084485,0.8175675675675677,0.8163265306122449,5.686307146310331,6.021973009381358,0.0,0.0,0.9473545133292308,0.735,-0.3491383857231915,-0.3160929064631,0.3491383857231915,0.3160929064631,0.151114479759252,-0.4197679706819369,4.269861578746792,historical_replay,1.0,2026-03-31T16:32:46.630107+00:00,3.0,2.0,0.0,5.0,-1.0,2026-03-31T16:30:03.564786+00:00
2026-03-30T22:25:13.860326+00:00,2026-03-30,regular,824863,TEX,BAL,Jack Leiter,Chris Bassitt,0.5383633717293428,0.5383633717293428,0.5497065057526868,0.5383633717293428,0.5320794258592543,8.043686154899241,7.853787036678879,9.1,0.2411042743363958,0.2411042743363958,0.7953040920429881,0.0,0.0,0.1523809523809524,0.0,9,9,0.633956028338136,0.6286969862832159,9,9,-0.3318255100211701,0.8223684210526316,0.83125,5.944144231068987,5.787529228587908,0.0,0.0,0.8364335830932521,1.0,-0.0735959420226271,0.4182244826526192,0.0735959420226271,-0.4182244826526192,-0.0081656229990571,0.5169164821495409,3.9810716592085433,historical_replay,1.0,2026-03-31T16:32:39.451453+00:00,5.0,2.0,0.0,7.0,-3.0,2026-03-31T16:30:03.564866+00:00
2026-03-30T22:25:13.860326+00:00,2026-03-30,regular,823484,WSH,PHI,Foster Griffin,Taijuan Walker,0.4144879187635168,0.4144879187635168,0.404282478980177,0.4144879187635168,0.4301964171477221,9.257358430635058,9.285647586704282,9.1,-1.0287429984502818,-1.0287429984502818,-1.531480336317168,0.0,0.0,0.1523809523809524,0.0,9,9,0.5882882361881605,0.6168386059770349,8,9,1.334126401957679,0.95,0.8301886792452831,6.188697924487214,5.809472318554522,0.0,0.0,1.0,1.0,0.132412644104784,0.1363075954068421,-0.132412644104784,-0.1363075954068421,0.3029251830170232,0.1729011427960999,4.084660272988036,historical_replay,1.0,2026-03-31T16:32:41.627635+00:00,13.0,2.0,0.0,15.0,-11.0,2026-03-31T16:30:03.564945+00:00
2026-03-31T17:09:59.398704+00:00,2026-03-31,regular,824942,ATH,ATL,Aaron Civale,José Suarez,0.5737445355231866,0.5737445355231866,0.5892293023172195,0.5737445355231866,0.572252851783898,9.440154814590493,9.496847283688908,9.1,0.733992115340488,0.733992115340488,1.4276688370755117,0.0,0.0,0.14285714285714288,0.0,0,0,0.0,0.0,0,0,0.0,0.6799999999999999,0.6799999999999999,5.82528370824989,5.573752612328181,0.0,0.0,0.735,0.9816937046867246,0.07261223124304347,-0.5842612899026689,-0.07261223124304347,0.5842612899026689,0.38033442901943426,-0.7446161148037468,4.4983505755677164,live_model,1.0,2026-03-31T17:09:59.398704+00:00,,,,,,
2026-03-31T17:09:59.398704+00:00,2026-03-31,regular,824212,BOS,HOU,Brayan Bello,Hunter Brown,0.596053764238337,0.596053764238337,0.5171154756684809,0.596053764238337,0.5939038697336441,8.359604166882061,8.236204861362404,9.1,0.5310597989055892,0.5310597989055892,0.27384761069569485,0.0,0.0,0.14285714285714288,0.0,0,0,0.0,0.0,0,0,0.0,0.64,0.8333333333333334,5.6126706460744815,6.066784137139382,0.0,0.0,1.0,0.7072161549170543,-0.638929754051551,-0.9856543357736792,0.638929754051551,0.9856543357736792,-0.32686906748380135,-1.23727051086834,4.673067202154171,live_model,1.0,2026-03-31T17:09:59.398704+00:00,,,,,,
2026-03-31T17:09:59.398704+00:00,2026-03-31,regular,823969,CLE,LAD,Tanner Bibee,Shohei Ohtani,0.6931812401146725,0.6931812401146725,0.6110972438808078,0.6931812401146725,0.6940194425239108,8.986243337519772,8.967283893773068,9.1,1.5689779829184647,1.5689779829184647,1.7775559020929244,0.0,0.0,0.14285714285714288,0.0,0,0,0.0,0.0,0,0,0.0,0.8043478260869565,0.5599999999999999,5.767962647626542,5.826455784064012,0.0,0.0,1.0,0.737,-1.1028202682141182,-0.7945847885214447,1.1028202682141182,0.7945847885214447,-0.6866417254142714,-0.9446067764747885,4.626338894423594,live_model,1.0,2026-03-31T17:09:59.398704+00:00,,,,,,
2026-03-31T17:09:59.398704+00:00,2026-03-31,regular,822836,COL,TOR,Ryan Feltner,Max Scherzer,0.5438578244072204,0.5438578244072204,0.5606449554569475,0.5438578244072204,0.5444944139918664,9.570975393183524,9.649471292047444,9.1,0.40232006290969125,0.40232006290969125,0.9703192873111597,0.0,0.0,0.14285714285714288,0.0,0,0,0.0,0.0,0,0,0.0,0.6,0.6,5.6123510201105455,5.477215540621195,0.0,0.0,1.0,1.0,-0.6168169891016985,0.3879559987876048,0.6168169891016985,-0.3879559987876048,-0.40295245312444267,0.05384629028612077,4.556658698278656,live_model,1.0,2026-03-31T17:09:59.398704+00:00,,,,,,
2026-03-31T17:09:59.398704+00:00,2026-03-31,regular,823888,CWS,MIA,Erick Fedde,Janson Junk,0.5922195410382729,0.5922195410382729,0.5310048133568402,0.5922195410382729,0.5941365077389955,8.924481880078568,8.895228860091663,9.1,0.7843907303529232,0.7843907303529232,0.4960770137094439,0.0,0.0,0.14285714285714288,0.0,0,0,0.0,0.0,0,0,0.0,0.64,0.6,5.543101477162107,5.728457948732184,0.0,0.0,1.0,0.735,0.1823663008456324,-0.07385997615557865,-0.1823663008456324,0.07385997615557865,0.3289361676683569,-0.4991434232785035,4.4652133041501045,live_model,1.0,2026-03-31T17:09:59.398704+00:00,,,,,,
2026-03-31T17:09:59.398704+00:00,2026-03-31,regular,825107,DET,AZ,Casey Mize,Brandon Pfaadt,0.49391027052530795,0.49391027052530795,0.5202298555583356,0.49391027052530795,0.49418159774025977,10.115164594542167,10.284358693632527,9.1,-0.10657910786311575,-0.10657910786311575,0.323677688933369,0.0,0.0,0.14285714285714288,0.0,0,0,0.0,0.0,0,0,0.0,0.6,0.6,5.695958822435174,5.5990849991079115,0.0,0.0,0.8042045130461676,1.0,-0.24830793454783925,0.16557605414444213,0.24830793454783925,-0.16557605414444213,-0.3750669458578633,0.7178971927949414,4.497135361558345,live_model,1.0,2026-03-31T17:09:59.398704+00:00,,,,,,
2026-03-31T17:09:59.398704+00:00,2026-03-31,regular,824699,LAA,CHC,José Soriano,Jameson Taillon,0.6044653766938977,0.6044653766938977,0.5714494943722884,0.6044653766938977,0.6025536943839943,9.708747002785408,9.810204836582976,9.1,0.8288286464744967,0.8288286464744967,1.1431919099566148,0.0,0.0,0.14285714285714288,0.0,0,0,0.0,0.0,0,0,0.0,0.8258064516129033,0.6799999999999999,5.175092132570568,5.733391557088893,0.013109403910227408,0.0,0.9841174675987554,0.9325585864113056,-1.1160179931865366,-0.6098544284305368,1.1160179931865366,0.6098544284305368,-1.257186386002891,-0.41861578309011055,4.650965852988398,live_model,1.0,2026-03-31T17:09:59.398704+00:00,,,,,,
2026-03-31T17:09:59.398704+00:00,2026-03-31,regular,823077,NYM,STL,Kodai Senga,Andre Pallante,0.4987210175530232,0.4987210175530232,0.5287641026731177,0.4987210175530232,0.49655157716890996,9.125234640360564,9.12944041375399,9.1,-0.34807229853123456,-0.34807229853123456,0.460225642769883,0.0,0.0,0.14285714285714288,0.0,0,0,0.0,0.0,0,0,0.0,0.52,0.64,5.543282552932392,5.3744013913234605,0.0,0.0,1.0,0.8813053050116793,0.25304110563533927,0.0666098297940863,-0.25304110563533927,-0.0666098297940863,0.13257180804757068,0.32478219308417083,4.619431854930994,live_model,1.0,2026-03-31T17:09:59.398704+00:00,,,,,,
2026-03-31T17:09:59.398704+00:00,2026-03-31,regular,823158,NYY,SEA,Max Fried,Logan Gilbert,0.5201607073810374,0.5201607073810374,0.5063659057411607,0.5201607073810374,0.5158578216802303,9.663369980501107,9.75726497725129,9.1,-0.06908926776302948,-0.06908926776302948,0.1018544918585711,0.0,0.0,0.14285714285714288,0.0,0,0,0.0,0.0,0,0,0.0,0.815068493150685,0.815068493150685,5.942783576754893,6.0148778477387905,0.0,0.0,0.7418691726787885,0.735,0.5445818678926444,-0.6636736149307831,-0.5445818678926444,0.6636736149307831,0.4068413399293813,-0.8071068911253555,4.378133430301407,live_model,1.0,2026-03-31T17:09:59.398704+00:00,,,,,,
2026-03-31T17:09:59.398704+00:00,2026-03-31,regular,824537,PIT,CIN,Bubba Chandler,Brandon Williamson,0.5303908370648113,0.5303908370648113,0.6103638935984624,0.5303908370648113,0.5317047884792648,9.640478602116207,9.730558369135576,9.1,0.4295268873507041,0.4295268873507041,1.765822297575399,0.0,0.0,0.14285714285714288,0.0,0,0,0.0,0.0,0,0,0.0,0.52,0.52,5.827880217698758,5.458486542778507,0.0,0.0,0.741,1.0,0.1584220666380749,-0.15790334557761307,-0.1584220666380749,0.15790334557761307,-0.10953360680001825,0.16980095032559078,4.495954660488985,live_model,1.0,2026-03-31T17:09:59.398704+00:00,,,,,,
2026-03-31T17:09:59.398704+00:00,2026-03-31,regular,823322,SF,SD,Logan Webb,Germán Márquez,0.5714981825724176,0.5714981825724176,0.6123417475905814,0.5714981825724176,0.5723895372632891,8.464000045252977,8.35800005279514,9.1,0.7872814177446901,0.7872814177446901,1.7974679614493017,0.0,0.0,0.14285714285714288,0.0,0,0,0.0,0.0,0,0,0.0,0.815068493150685,0.5599999999999999,5.900802689966315,5.323615532639355,0.0,0.0,0.9428716414643272,1.0,0.09045403647539715,0.021528163532247103,-0.09045403647539715,-0.021528163532247103,0.05317574391100416,-0.3830684175844286,4.371054353571766,live_model,1.0,2026-03-31T17:09:59.398704+00:00,,,,,,
2026-03-31T17:09:59.398704+00:00,2026-03-31,regular,823807,TB,MIL,Shane McClanahan,Brandon Woodruff,0.6018225260964516,0.6018225260964516,0.5802496438755436,0.6018225260964516,0.6018565979118146,9.983941066986525,10.131264578150946,9.1,0.8768081209251779,0.8768081209251779,1.283994302008697,0.0,0.0,0.14285714285714288,0.0,0,0,0.0,0.0,0,0,0.0,0.5599999999999999,0.5599999999999999,5.483754435906719,5.504289118585083,0.0,0.0,1.0,1.0,-0.10570489786963762,-0.25948494524603954,0.10570489786963762,0.25948494524603954,0.4389133563621595,-0.6091808395729469,4.6964620611069545,live_model,1.0,2026-03-31T17:09:59.398704+00:00,,,,,,
2026-03-31T17:09:59.398704+00:00,2026-03-31,regular,824861,TEX,BAL,Jacob deGrom,Zach Eflin,0.48847971357278114,0.48847971357278114,0.5394337784585446,0.48847971357278114,0.4880503589540134,8.577055970690786,8.489898632472583,9.1,-0.14643551002543997,-0.14643551002543997,0.6309404553367131,0.0,0.0,0.14285714285714288,0.0,0,0,0.0,0.0,0,0,0.0,0.6,0.6,5.564848045879922,5.057872860277948,0.0,0.10230375774844847,1.0,1.0,-0.13178236280573205,0.35685146529812417,0.13178236280573205,-0.35685146529812417,0.18107245893897012,0.25520636518630496,4.457012351257692,live_model,1.0,2026-03-31T17:09:59.398704+00:00,,,,,,
2026-03-31T17:09:59.398704+00:00,2026-03-31,regular,823485,WSH,PHI,PJ Poulin,Andrew Painter,0.42215823641330075,0.42215823641330075,0.4262915708137154,0.42215823641330075,0.4245585238307637,9.359016266013395,9.402185643682294,9.1,-0.7862541322900833,-0.7862541322900833,-1.179334866980554,0.0,0.0,0.14285714285714288,0.0,0,0,0.0,0.0,0,0,0.0,0.7244897959183674,0.25,4.0,4.65,0.6315789473684211,0.6294736842105263,0.0,0.5006388888888891,-0.005222872828586474,0.11334040037623566,0.005222872828586474,-0.11334040037623566,0.02969746562107392,0.17248412121877155,5.412954316182789,live_model,1.0,2026-03-31T17:09:59.398704+00:00,,,,,,
