date,game_pk,venue_id,venue,venue_key,total_runs,home_win
2025-03-01,778704,4705,Truist Park,id:4705,2,0.5
2025-03-01,778730,3309,Nationals Park,id:3309,7,1.0
2025-03-01,778756,17,Wrigley Field,id:17,11,1.0
2025-03-01,778774,3,Fenway Park,id:3,12,1.0
2025-03-01,778801,15,Chase Field,id:15,12,1.0
2025-03-01,778831,2602,Great American Ball Park,id:2602,10,1.0
2025-03-01,778858,22,Dodger Stadium,id:22,11,1.0
2025-03-01,778936,7,Kauffman Stadium,id:7,12,0.0
2025-03-01,778970,2523,George M. Steinbrenner Field,id:2523,11,0.0
2025-03-01,779018,680,T-Mobile Park,id:680,27,0.0
2025-03-01,779051,3313,Yankee Stadium,id:3313,12,1.0
2025-03-01,779079,2889,Busch Stadium,id:2889,5,1.0
2025-03-01,779099,32,American Family Field,id:32,13,1.0
2025-03-01,779111,2394,Comerica Park,id:2394,1,1.0
2025-03-01,779129,2,Oriole Park at Camden Yards,id:2,7,0.0
2025-03-01,779157,1,Angel Stadium,id:1,5,1.0
2025-03-02,778706,4705,Truist Park,id:4705,12,1.0
2025-03-02,778732,2392,Daikin Park,id:2392,7,0.0
2025-03-02,778749,17,Wrigley Field,id:17,10,0.0
2025-03-02,778769,3,Fenway Park,id:3,10,1.0
2025-03-02,778799,19,Coors Field,id:19,7,1.0
2025-03-02,778833,5,Progressive Field,id:5,24,0.5
2025-03-02,778860,22,Dodger Stadium,id:22,9,1.0
2025-03-02,778881,3312,Target Field,id:3312,10,0.5
2025-03-02,778912,2681,Citizens Bank Park,id:2681,9,1.0
2025-03-02,778935,5325,Globe Life Field,id:5325,9,1.0
2025-03-02,778957,14,Rogers Centre,id:14,9,1.0
2025-03-02,778986,2395,Oracle Park,id:2395,14,1.0
2025-03-02,779013,2680,Petco Park,id:2680,14,0.0
2025-03-02,779036,31,PNC Park,id:31,14,0.0
2025-03-02,779078,4169,loanDepot park,id:4169,8,1.0
2025-03-02,779146,2529,Sutter Health Park,id:2529,12,0.0
2025-03-03,778802,15,Chase Field,id:15,12,1.0
2025-03-03,778829,2602,Great American Ball Park,id:2602,9,1.0
2025-03-03,778859,4,Rate Field,id:4,9,0.0
2025-03-03,778895,3289,Citi Field,id:3289,2,0.5
2025-03-03,778940,7,Kauffman Stadium,id:7,9,1.0
2025-03-03,778973,2523,George M. Steinbrenner Field,id:2523,9,1.0
2025-03-03,779012,680,T-Mobile Park,id:680,9,1.0
2025-03-03,779050,3313,Yankee Stadium,id:3313,15,1.0
2025-03-03,779076,4169,loanDepot park,id:4169,8,0.0
2025-03-03,779112,2394,Comerica Park,id:2394,16,0.0
2025-03-03,779128,2,Oriole Park at Camden Yards,id:2,12,0.5
2025-03-03,779156,1,Angel Stadium,id:1,12,0.0
2025-03-04,778708,4705,Truist Park,id:4705,0,0.5
2025-03-04,778733,3309,Nationals Park,id:3309,10,0.0
2025-03-04,778750,17,Wrigley Field,id:17,17,1.0
2025-03-04,778798,19,Coors Field,id:19,14,1.0
2025-03-04,778825,5,Progressive Field,id:5,9,1.0
2025-03-04,778857,22,Dodger Stadium,id:22,6,1.0
2025-03-04,778909,2681,Citizens Bank Park,id:2681,15,0.0
2025-03-04,778933,5325,Globe Life Field,id:5325,9,0.0
2025-03-04,778974,2523,George M. Steinbrenner Field,id:2523,5,1.0
2025-03-04,779011,2680,Petco Park,id:2680,2,0.5
2025-03-04,779033,31,PNC Park,id:31,16,0.0
2025-03-04,779077,2889,Busch Stadium,id:2889,7,1.0
2025-03-05,778735,2392,Daikin Park,id:2392,11,1.0
2025-03-05,778770,3,Fenway Park,id:3,6,1.0
2025-03-05,778796,15,Chase Field,id:15,16,0.0
2025-03-05,778828,2602,Great American Ball Park,id:2602,8,0.0
2025-03-05,778855,4,Rate Field,id:4,5,0.0
2025-03-05,778878,3312,Target Field,id:3312,7,0.0
2025-03-05,778934,7,Kauffman Stadium,id:7,15,1.0
2025-03-05,779014,2680,Petco Park,id:2680,7,0.0
2025-03-05,779034,31,PNC Park,id:31,13,1.0
2025-03-05,779074,4169,loanDepot park,id:4169,15,0.0
2025-03-05,779096,32,American Family Field,id:32,10,0.0
2025-03-05,779113,2394,Comerica Park,id:2394,24,1.0
2025-03-05,779155,1,Angel Stadium,id:1,8,0.0
2025-03-06,778699,4705,Truist Park,id:4705,2,0.5
2025-03-06,778752,17,Wrigley Field,id:17,12,0.0
2025-03-06,778797,15,Chase Field,id:15,15,1.0
2025-03-06,778830,5,Progressive Field,id:5,4,1.0
2025-03-06,778856,22,Dodger Stadium,id:22,12,1.0
2025-03-06,778893,3289,Citi Field,id:3289,6,0.0
2025-03-06,778910,2681,Citizens Bank Park,id:2681,9,0.0
2025-03-06,778932,5325,Globe Life Field,id:5325,10,1.0
2025-03-06,778953,14,Rogers Centre,id:14,11,1.0
2025-03-06,778987,2395,Oracle Park,id:2395,10,1.0
2025-03-06,779015,680,T-Mobile Park,id:680,10,0.5
2025-03-06,779046,3313,Yankee Stadium,id:3313,12,0.0
2025-03-06,779073,2889,Busch Stadium,id:2889,13,0.0
2025-03-06,779127,2,Oriole Park at Camden Yards,id:2,14,0.0
2025-03-06,779147,2529,Sutter Health Park,id:2529,10,0.0
2025-03-07,778734,3309,Nationals Park,id:3309,9,1.0
2025-03-07,778773,3,Fenway Park,id:3,25,1.0
2025-03-07,778874,3312,Target Field,id:3312,8,1.0
2025-03-07,778929,7,Kauffman Stadium,id:7,10,1.0
2025-03-07,778971,2523,George M. Steinbrenner Field,id:2523,18,0.5
2025-03-07,779016,680,T-Mobile Park,id:680,10,0.0
2025-03-07,779032,31,PNC Park,id:31,5,1.0
2025-03-07,779045,3313,Yankee Stadium,id:3313,15,1.0
2025-03-07,779075,2889,Busch Stadium,id:2889,10,1.0
2025-03-07,779109,2394,Comerica Park,id:2394,18,1.0
2025-03-07,779141,2529,Sutter Health Park,id:2529,17,0.0
2025-03-08,778697,4705,Truist Park,id:4705,11,1.0
2025-03-08,778724,3309,Nationals Park,id:3309,8,0.0
2025-03-08,778731,2392,Daikin Park,id:2392,7,1.0
2025-03-08,778751,17,Wrigley Field,id:17,17,1.0
2025-03-08,778792,19,Coors Field,id:19,9,0.0
2025-03-08,778827,2602,Great American Ball Park,id:2602,17,1.0
2025-03-08,778853,4,Rate Field,id:4,7,1.0
2025-03-08,778873,3312,Target Field,id:3312,17,1.0
2025-03-08,778908,2681,Citizens Bank Park,id:2681,9,1.0
2025-03-08,778930,5325,Globe Life Field,id:5325,8,1.0
2025-03-08,778955,14,Rogers Centre,id:14,5,1.0
2025-03-08,778989,2395,Oracle Park,id:2395,10,1.0
2025-03-08,779008,2680,Petco Park,id:2680,9,1.0
2025-03-08,779071,4169,loanDepot park,id:4169,10,0.0
2025-03-08,779095,32,American Family Field,id:32,8,0.0
2025-03-08,779126,2,Oriole Park at Camden Yards,id:2,9,0.0
2025-03-08,789465,2529,Sutter Health Park,id:2529,6,1.0
2025-03-09,778725,2392,Daikin Park,id:2392,16,0.0
2025-03-09,778753,17,Wrigley Field,id:17,14,0.0
2025-03-09,778762,3,Fenway Park,id:3,10,1.0
2025-03-09,778790,15,Chase Field,id:15,15,1.0
2025-03-09,778822,5,Progressive Field,id:5,1,1.0
2025-03-09,778851,22,Dodger Stadium,id:22,12,0.0
2025-03-09,778891,3289,Citi Field,id:3289,13,1.0
2025-03-09,778907,2681,Citizens Bank Park,id:2681,14,1.0
2025-03-09,778928,7,Kauffman Stadium,id:7,7,1.0
2025-03-09,778965,2523,George M. Steinbrenner Field,id:2523,22,0.0
2025-03-09,778988,2395,Oracle Park,id:2395,11,1.0
2025-03-09,779010,680,T-Mobile Park,id:680,9,1.0
2025-03-09,779072,2889,Busch Stadium,id:2889,11,1.0
2025-03-09,779110,2394,Comerica Park,id:2394,8,1.0
2025-03-09,779125,2,Oriole Park at Camden Yards,id:2,7,1.0
2025-03-09,779158,1,Angel Stadium,id:1,5,1.0
2025-03-09,789464,2529,Sutter Health Park,id:2529,12,0.0
2025-03-10,778702,4705,Truist Park,id:4705,7,0.0
2025-03-10,778726,3309,Nationals Park,id:3309,15,0.0
2025-03-10,778791,19,Coors Field,id:19,10,0.0
2025-03-10,778821,5,Progressive Field,id:5,11,0.0
2025-03-10,778850,22,Dodger Stadium,id:22,8,1.0
2025-03-10,778877,3312,Target Field,id:3312,5,0.0
2025-03-10,778892,3289,Citi Field,id:3289,8,1.0
2025-03-10,778931,7,Kauffman Stadium,id:7,7,0.0
2025-03-10,778956,14,Rogers Centre,id:14,11,1.0
2025-03-10,779009,2680,Petco Park,id:2680,12,0.0
2025-03-10,779031,31,PNC Park,id:31,9,0.0
2025-03-10,779049,3313,Yankee Stadium,id:3313,12,1.0
2025-03-10,779067,4169,loanDepot park,id:4169,18,0.5
2025-03-10,779093,32,American Family Field,id:32,12,1.0
2025-03-10,779137,2529,Sutter Health Park,id:2529,13,0.0
2025-03-10,779153,1,Angel Stadium,id:1,15,1.0
2025-03-11,778700,4705,Truist Park,id:4705,4,0.0
2025-03-11,778727,2392,Daikin Park,id:2392,11,1.0
2025-03-11,778754,17,Wrigley Field,id:17,16,0.0
2025-03-11,778767,3,Fenway Park,id:3,26,0.0
2025-03-11,778794,15,Chase Field,id:15,5,1.0
2025-03-11,778824,2602,Great American Ball Park,id:2602,13,1.0
2025-03-11,778852,22,Dodger Stadium,id:22,14,1.0
2025-03-11,778926,5325,Globe Life Field,id:5325,19,1.0
2025-03-11,778954,14,Rogers Centre,id:14,5,1.0
2025-03-11,778983,2395,Oracle Park,id:2395,8,1.0
2025-03-11,779007,2680,Petco Park,id:2680,12,1.0
2025-03-11,779030,31,PNC Park,id:31,10,1.0
2025-03-11,779048,3313,Yankee Stadium,id:3313,8,0.0
2025-03-11,779070,2889,Busch Stadium,id:2889,17,0.0
2025-03-12,778728,3309,Nationals Park,id:3309,12,1.0
2025-03-12,778764,3,Fenway Park,id:3,11,1.0
2025-03-12,778793,19,Coors Field,id:19,15,1.0
2025-03-12,778823,5,Progressive Field,id:5,13,0.0
2025-03-12,778846,4,Rate Field,id:4,2,0.5
2025-03-12,778927,5325,Globe Life Field,id:5325,7,1.0
2025-03-12,779005,680,T-Mobile Park,id:680,13,0.0
2025-03-12,779068,2889,Busch Stadium,id:2889,2,0.0
2025-03-12,779107,2394,Comerica Park,id:2394,6,1.0
2025-03-12,779123,2,Oriole Park at Camden Yards,id:2,18,0.0
2025-03-12,779138,2529,Sutter Health Park,id:2529,7,0.0
2025-03-13,778729,2392,Daikin Park,id:2392,2,0.5
2025-03-13,778789,19,Coors Field,id:19,10,1.0
2025-03-13,778820,2602,Great American Ball Park,id:2602,13,0.0
2025-03-13,778848,4,Rate Field,id:4,12,0.0
2025-03-13,778875,3312,Target Field,id:3312,18,1.0
2025-03-13,778889,3289,Citi Field,id:3289,5,0.0
2025-03-13,778904,2681,Citizens Bank Park,id:2681,25,1.0
2025-03-13,778925,7,Kauffman Stadium,id:7,11,1.0
2025-03-13,778951,14,Rogers Centre,id:14,10,1.0
2025-03-13,778967,2523,George M. Steinbrenner Field,id:2523,18,1.0
2025-03-13,778985,2395,Oracle Park,id:2395,10,0.0
2025-03-13,779069,4169,loanDepot park,id:4169,15,0.0
2025-03-13,779105,2394,Comerica Park,id:2394,14,0.0
2025-03-14,778701,4705,Truist Park,id:4705,8,0.0
2025-03-14,778717,2392,Daikin Park,id:2392,11,1.0
2025-03-14,778784,15,Chase Field,id:15,3,1.0
2025-03-14,778818,5,Progressive Field,id:5,15,1.0
2025-03-14,778845,4,Rate Field,id:4,10,1.0
2025-03-14,778876,3312,Target Field,id:3312,19,1.0
2025-03-14,778890,3289,Citi Field,id:3289,6,0.5
2025-03-14,778924,5325,Globe Life Field,id:5325,5,1.0
2025-03-14,779004,2680,Petco Park,id:2680,17,1.0
2025-03-14,779029,31,PNC Park,id:31,16,0.5
2025-03-14,779044,3313,Yankee Stadium,id:3313,11,1.0
2025-03-14,779066,4169,loanDepot park,id:4169,13,0.0
2025-03-14,779090,32,American Family Field,id:32,16,1.0
2025-03-14,779124,2,Oriole Park at Camden Yards,id:2,10,1.0
2025-03-14,779139,2529,Sutter Health Park,id:2529,13,1.0
2025-03-14,779152,1,Angel Stadium,id:1,17,0.0
2025-03-15,778698,4705,Truist Park,id:4705,4,0.0
2025-03-15,778718,2392,Daikin Park,id:2392,10,1.0
2025-03-15,778719,3309,Nationals Park,id:3309,5,1.0
2025-03-15,778766,3,Fenway Park,id:3,10,0.0
2025-03-15,778787,15,Chase Field,id:15,17,1.0
2025-03-15,778819,2602,Great American Ball Park,id:2602,20,0.0
2025-03-15,778844,4,Rate Field,id:4,3,1.0
2025-03-15,778906,2681,Citizens Bank Park,id:2681,4,0.5
2025-03-15,778920,7,Kauffman Stadium,id:7,12,0.0
2025-03-15,778968,2523,George M. Steinbrenner Field,id:2523,14,0.5
2025-03-15,778982,2395,Oracle Park,id:2395,8,1.0
2025-03-15,779000,680,T-Mobile Park,id:680,11,0.0
2025-03-15,779027,31,PNC Park,id:31,20,1.0
2025-03-15,779061,2889,Busch Stadium,id:2889,14,1.0
2025-03-15,779091,32,American Family Field,id:32,8,1.0
2025-03-15,779136,2529,Sutter Health Park,id:2529,7,0.0
2025-03-15,779151,1,Angel Stadium,id:1,4,0.0
2025-03-15,790403,2397,Tokyo Dome,id:2397,6,0.0
2025-03-15,790404,401,TBD,id:401,3,1.0
2025-03-16,778720,3309,Nationals Park,id:3309,16,0.0
2025-03-16,778785,19,Coors Field,id:19,12,0.0
2025-03-16,778816,2602,Great American Ball Park,id:2602,11,0.0
2025-03-16,778871,3312,Target Field,id:3312,11,0.0
2025-03-16,778888,3289,Citi Field,id:3289,5,0.0
2025-03-16,778922,5325,Globe Life Field,id:5325,13,0.0
2025-03-16,778946,14,Rogers Centre,id:14,8,1.0
2025-03-16,778966,2523,George M. Steinbrenner Field,id:2523,12,0.0
2025-03-16,778981,2395,Oracle Park,id:2395,10,1.0
2025-03-16,779003,2680,Petco Park,id:2680,9,0.0
2025-03-16,779047,3313,Yankee Stadium,id:3313,7,0.0
2025-03-16,779065,4169,loanDepot park,id:4169,16,1.0
2025-03-16,779092,32,American Family Field,id:32,10,1.0
2025-03-16,779106,2394,Comerica Park,id:2394,8,0.0
2025-03-16,779121,2,Oriole Park at Camden Yards,id:2,13,0.0
2025-03-16,779149,1,Angel Stadium,id:1,6,0.0
2025-03-16,790401,2397,Tokyo Dome,id:2397,6,0.0
2025-03-16,790402,401,TBD,id:401,3,1.0
2025-03-17,778696,4705,Truist Park,id:4705,3,0.0
2025-03-17,778722,3309,Nationals Park,id:3309,8,0.0
2025-03-17,778765,3,Fenway Park,id:3,15,0.0
2025-03-17,778788,15,Chase Field,id:15,16,0.0
2025-03-17,778815,5,Progressive Field,id:5,3,1.0
2025-03-17,778843,4,Rate Field,id:4,3,0.0
2025-03-17,778884,3289,Citi Field,id:3289,2,0.0
2025-03-17,778903,2681,Citizens Bank Park,id:2681,6,1.0
2025-03-17,778923,7,Kauffman Stadium,id:7,13,1.0
2025-03-17,778948,14,Rogers Centre,id:14,11,1.0
2025-03-17,778999,2680,Petco Park,id:2680,22,1.0
2025-03-17,779024,31,PNC Park,id:31,6,1.0
2025-03-17,779063,4169,loanDepot park,id:4169,11,0.0
2025-03-17,779108,2394,Comerica Park,id:2394,15,1.0
2025-03-17,779140,2529,Sutter Health Park,id:2529,13,1.0
2025-03-18,778563,17,Wrigley Field,id:17,5,0.0
2025-03-18,778716,2392,Daikin Park,id:2392,7,0.0
2025-03-18,778783,19,Coors Field,id:19,4,1.0
2025-03-18,778812,2602,Great American Ball Park,id:2602,1,1.0
2025-03-18,778870,3312,Target Field,id:3312,11,0.0
2025-03-18,778921,5325,Globe Life Field,id:5325,10,1.0
2025-03-18,778979,2395,Oracle Park,id:2395,7,1.0
2025-03-18,779001,680,T-Mobile Park,id:680,12,1.0
2025-03-18,779025,31,PNC Park,id:31,5,1.0
2025-03-18,779043,3313,Yankee Stadium,id:3313,8,0.5
2025-03-18,779062,2889,Busch Stadium,id:2889,8,0.5
2025-03-18,779119,2,Oriole Park at Camden Yards,id:2,10,1.0
2025-03-19,778564,17,Wrigley Field,id:17,9,0.0
2025-03-19,778715,2392,Daikin Park,id:2392,10,0.0
2025-03-19,778768,3,Fenway Park,id:3,10,1.0
2025-03-19,778782,15,Chase Field,id:15,1,1.0
2025-03-19,778813,5,Progressive Field,id:5,11,0.0
2025-03-19,778900,2681,Citizens Bank Park,id:2681,16,0.0
2025-03-19,778917,7,Kauffman Stadium,id:7,4,0.0
2025-03-19,778964,2523,George M. Steinbrenner Field,id:2523,7,1.0
2025-03-19,779002,680,T-Mobile Park,id:680,5,1.0
2025-03-19,779042,3313,Yankee Stadium,id:3313,4,0.0
2025-03-19,779058,2889,Busch Stadium,id:2889,8,1.0
2025-03-19,779088,32,American Family Field,id:32,9,1.0
2025-03-19,779150,1,Angel Stadium,id:1,9,1.0
2025-03-20,778694,4705,Truist Park,id:4705,7,1.0
2025-03-20,778713,3309,Nationals Park,id:3309,13,0.0
2025-03-20,778775,15,Chase Field,id:15,14,1.0
2025-03-20,778814,2602,Great American Ball Park,id:2602,19,0.0
2025-03-20,778839,4,Rate Field,id:4,3,1.0
2025-03-20,778872,3312,Target Field,id:3312,3,1.0
2025-03-20,778918,5325,Globe Life Field,id:5325,11,0.0
2025-03-20,778950,14,Rogers Centre,id:14,5,1.0
2025-03-20,778998,2680,Petco Park,id:2680,8,1.0
2025-03-20,779060,4169,loanDepot park,id:4169,11,0.0
2025-03-20,779120,2,Oriole Park at Camden Yards,id:2,16,0.0
2025-03-21,778714,3309,Nationals Park,id:3309,6,0.0
2025-03-21,778747,17,Wrigley Field,id:17,6,0.0
2025-03-21,778763,3,Fenway Park,id:3,3,1.0
2025-03-21,778777,19,Coors Field,id:19,7,1.0
2025-03-21,778811,2602,Great American Ball Park,id:2602,13,0.0
2025-03-21,778885,3289,Citi Field,id:3289,5,1.0
2025-03-21,778901,2681,Citizens Bank Park,id:2681,9,1.0
2025-03-21,778919,7,Kauffman Stadium,id:7,15,1.0
2025-03-21,778947,14,Rogers Centre,id:14,18,1.0
2025-03-21,778961,2523,George M. Steinbrenner Field,id:2523,10,0.0
2025-03-21,778980,2395,Oracle Park,id:2395,9,1.0
2025-03-21,778995,680,T-Mobile Park,id:680,8,0.0
2025-03-21,779059,2889,Busch Stadium,id:2889,8,0.0
2025-03-21,779089,32,American Family Field,id:32,25,0.0
2025-03-21,779101,2394,Comerica Park,id:2394,4,0.0
2025-03-21,779118,2,Oriole Park at Camden Yards,id:2,10,0.0
2025-03-21,779131,2529,Sutter Health Park,id:2529,11,1.0
2025-03-21,779148,1,Angel Stadium,id:1,6,0.5
2025-03-22,778711,2392,Daikin Park,id:2392,11,0.0
2025-03-22,778745,17,Wrigley Field,id:17,10,0.0
2025-03-22,778776,19,Coors Field,id:19,14,1.0
2025-03-22,778810,5,Progressive Field,id:5,20,1.0
2025-03-22,778838,4,Rate Field,id:4,15,0.0
2025-03-22,778868,3312,Target Field,id:3312,3,0.0
2025-03-22,778886,3289,Citi Field,id:3289,10,0.5
2025-03-22,778916,5325,Globe Life Field,id:5325,14,0.0
2025-03-22,778959,2523,George M. Steinbrenner Field,id:2523,16,1.0
2025-03-22,778976,2395,Oracle Park,id:2395,14,0.5
2025-03-22,778996,2680,Petco Park,id:2680,1,1.0
2025-03-22,779028,31,PNC Park,id:31,4,0.0
2025-03-22,779041,3313,Yankee Stadium,id:3313,15,0.0
2025-03-22,779057,4169,loanDepot park,id:4169,10,0.0
2025-03-22,779100,2394,Comerica Park,id:2394,0,0.5
2025-03-22,779133,2529,Sutter Health Park,id:2529,7,1.0
2025-03-23,778693,4705,Truist Park,id:4705,10,0.5
2025-03-23,778710,3309,Nationals Park,id:3309,14,0.0
2025-03-23,778746,17,Wrigley Field,id:17,9,0.0
2025-03-23,778761,3,Fenway Park,id:3,12,0.0
2025-03-23,778779,15,Chase Field,id:15,10,0.5
2025-03-23,778809,2602,Great American Ball Park,id:2602,15,1.0
2025-03-23,778841,4,Rate Field,id:4,12,0.0
2025-03-23,778887,3289,Citi Field,id:3289,12,1.0
2025-03-23,778902,2681,Citizens Bank Park,id:2681,6,1.0
2025-03-23,778945,14,Rogers Centre,id:14,3,1.0
2025-03-23,778997,680,T-Mobile Park,id:680,16,1.0
2025-03-23,779040,3313,Yankee Stadium,id:3313,6,0.5
2025-03-23,779056,2889,Busch Stadium,id:2889,3,0.0
2025-03-23,779086,32,American Family Field,id:32,6,1.0
2025-03-23,787998,22,Dodger Stadium,id:22,8,1.0
2025-03-23,789325,2395,Oracle Park,id:2395,7,0.0
2025-03-24,778712,5325,Globe Life Field,id:5325,9,1.0
2025-03-24,778744,17,Wrigley Field,id:17,17,0.0
2025-03-24,778781,19,Coors Field,id:19,6,0.0
2025-03-24,778899,2681,Citizens Bank Park,id:2681,14,1.0
2025-03-24,778992,2680,Petco Park,id:2680,14,0.5
2025-03-24,787927,2392,Daikin Park,id:2392,12,1.0
2025-03-24,787930,15,Chase Field,id:15,7,0.0
2025-03-24,787944,3312,Target Field,id:3312,6,1.0
2025-03-24,787945,3289,Citi Field,id:3289,12,0.5
2025-03-24,787999,1,Angel Stadium,id:1,9,1.0
2025-03-24,789304,4,Rate Field,id:4,13,1.0
2025-03-24,789324,2395,Oracle Park,id:2395,10,1.0
2025-03-24,791797,2542,AutoZone Park,id:2542,5,0.0
2025-03-24,794238,2701,Walmart Park,id:2701,11,0.0
2025-03-25,778709,5325,Globe Life Field,id:5325,4,0.0
2025-03-25,778748,17,Wrigley Field,id:17,6,1.0
2025-03-25,787928,2392,Daikin Park,id:2392,13,0.0
2025-03-25,787931,15,Chase Field,id:15,5,0.0
2025-03-25,787943,3312,Target Field,id:3312,8,1.0
2025-03-25,787997,1,Angel Stadium,id:1,5,0.0
2025-03-25,789323,2395,Oracle Park,id:2395,7,1.0
2025-03-25,794289,3,Fenway Park,id:3,20,1.0
2025-03-25,796341,2602,Great American Ball Park,id:2602,12,0.0
2025-03-25,803680,4169,loanDepot park,id:4169,6,1.0
2025-03-27,778545,2680,Petco Park,id:2680,11,1.0
2025-03-27,778546,22,Dodger Stadium,id:22,9,1.0
2025-03-27,778547,680,T-Mobile Park,id:680,6,1.0
2025-03-27,778551,2889,Busch Stadium,id:2889,8,1.0
2025-03-27,778552,15,Chase Field,id:15,16,0.0
2025-03-27,778553,5325,Globe Life Field,id:5325,7,0.0
2025-03-27,778554,4,Rate Field,id:4,9,1.0
2025-03-27,778555,3309,Nationals Park,id:3309,10,0.0
2025-03-27,778556,14,Rogers Centre,id:14,14,0.0
2025-03-27,778557,3313,Yankee Stadium,id:3313,6,1.0
2025-03-27,778558,7,Kauffman Stadium,id:7,11,0.0
2025-03-27,778559,2392,Daikin Park,id:2392,4,1.0
2025-03-27,778561,2602,Great American Ball Park,id:2602,10,0.0
2025-03-27,778562,4169,loanDepot park,id:4169,9,1.0
2025-03-28,778518,2392,Daikin Park,id:2392,4,0.0
2025-03-28,778541,680,T-Mobile Park,id:680,7,0.0
2025-03-28,778542,2680,Petco Park,id:2680,7,1.0
2025-03-28,778543,15,Chase Field,id:15,9,1.0
2025-03-28,778544,22,Dodger Stadium,id:22,13,1.0
2025-03-28,778548,4169,loanDepot park,id:4169,7,0.0
2025-03-28,778549,14,Rogers Centre,id:14,10,1.0
2025-03-28,778550,5325,Globe Life Field,id:5325,5,1.0
2025-03-28,778560,2523,George M. Steinbrenner Field,id:2523,5,1.0
2025-03-29,778520,2680,Petco Park,id:2680,1,1.0
2025-03-29,778521,680,T-Mobile Park,id:680,6,0.0
2025-03-29,778528,2889,Busch Stadium,id:2889,6,1.0
2025-03-29,778529,7,Kauffman Stadium,id:7,7,1.0
2025-03-29,778530,2392,Daikin Park,id:2392,3,1.0
2025-03-29,778531,5325,Globe Life Field,id:5325,7,1.0
2025-03-29,778532,15,Chase Field,id:15,7,0.0
2025-03-29,778533,22,Dodger Stadium,id:22,10,1.0
2025-03-29,778534,4,Rate Field,id:4,1,0.0
2025-03-29,778535,3309,Nationals Park,id:3309,17,0.0
2025-03-29,778536,14,Rogers Centre,id:14,14,0.0
2025-03-29,778537,2523,George M. Steinbrenner Field,id:2523,3,0.0
2025-03-29,778538,3313,Yankee Stadium,id:3313,29,1.0
2025-03-29,778539,4169,loanDepot park,id:4169,9,1.0
2025-03-29,778540,2602,Great American Ball Park,id:2602,5,1.0
2025-03-30,778510,7,Kauffman Stadium,id:7,8,0.0
2025-03-30,778513,680,T-Mobile Park,id:680,3,1.0
2025-03-30,778514,2680,Petco Park,id:2680,5,1.0
2025-03-30,778515,15,Chase Field,id:15,16,1.0
2025-03-30,778516,5325,Globe Life Field,id:5325,5,1.0
2025-03-30,778517,2889,Busch Stadium,id:2889,11,1.0
2025-03-30,778519,4169,loanDepot park,id:4169,5,1.0
2025-03-30,778522,2602,Great American Ball Park,id:2602,9,0.0
2025-03-30,778523,3313,Yankee Stadium,id:3313,15,1.0
2025-03-30,778524,2523,George M. Steinbrenner Field,id:2523,10,1.0
2025-03-30,778525,14,Rogers Centre,id:14,4,1.0
2025-03-30,778526,3309,Nationals Park,id:3309,6,1.0
2025-03-30,778527,4,Rate Field,id:4,5,0.0
2025-03-31,778496,680,T-Mobile Park,id:680,15,0.0
2025-03-31,778499,2680,Petco Park,id:2680,9,1.0
2025-03-31,778500,22,Dodger Stadium,id:22,7,1.0
2025-03-31,778501,2529,Sutter Health Park,id:2529,21,0.0
2025-03-31,778502,2681,Citizens Bank Park,id:2681,7,1.0
2025-03-31,778503,2889,Busch Stadium,id:2889,9,0.0
2025-03-31,778504,32,American Family Field,id:32,12,0.0
2025-03-31,778505,2392,Daikin Park,id:2392,9,0.0
2025-03-31,778506,4,Rate Field,id:4,9,1.0
2025-03-31,778507,14,Rogers Centre,id:14,7,1.0
2025-03-31,778508,2523,George M. Steinbrenner Field,id:2523,7,1.0
2025-03-31,778509,4169,loanDepot park,id:4169,14,0.0
2025-03-31,778511,2602,Great American Ball Park,id:2602,17,1.0
2025-03-31,778512,2,Oriole Park at Camden Yards,id:2,13,1.0
2025-04-01,778485,2680,Petco Park,id:2680,7,1.0
2025-04-01,778486,680,T-Mobile Park,id:680,5,0.0
2025-04-01,778487,22,Dodger Stadium,id:22,4,1.0
2025-04-01,778488,32,American Family Field,id:32,5,1.0
2025-04-01,778489,2392,Daikin Park,id:2392,4,0.0
2025-04-01,778490,4,Rate Field,id:4,11,0.0
2025-04-01,778491,14,Rogers Centre,id:14,8,1.0
2025-04-01,778492,3313,Yankee Stadium,id:3313,12,0.0
2025-04-01,778493,2523,George M. Steinbrenner Field,id:2523,7,1.0
2025-04-01,778494,2529,Sutter Health Park,id:2529,11,0.0
2025-04-01,778495,2889,Busch Stadium,id:2889,16,0.0
2025-04-01,778497,4169,loanDepot park,id:4169,6,1.0
2025-04-01,778498,2602,Great American Ball Park,id:2602,1,0.0
2025-04-02,778469,680,T-Mobile Park,id:680,5,1.0
2025-04-02,778471,2529,Sutter Health Park,id:2529,12,0.0
2025-04-02,778472,22,Dodger Stadium,id:22,11,1.0
2025-04-02,778473,2889,Busch Stadium,id:2889,17,1.0
2025-04-02,778474,4,Rate Field,id:4,7,0.0
2025-04-02,778475,2392,Daikin Park,id:2392,9,0.0
2025-04-02,778476,2680,Petco Park,id:2680,7,1.0
2025-04-02,778477,32,American Family Field,id:32,5,1.0
2025-04-02,778478,14,Rogers Centre,id:14,6,1.0
2025-04-02,778479,2523,George M. Steinbrenner Field,id:2523,6,0.0
2025-04-02,778480,2602,Great American Ball Park,id:2602,1,0.0
2025-04-02,778481,4169,loanDepot park,id:4169,11,0.0
2025-04-02,778482,2681,Citizens Bank Park,id:2681,6,1.0
2025-04-02,778483,2,Oriole Park at Camden Yards,id:2,3,0.0
2025-04-02,778484,3313,Yankee Stadium,id:3313,7,0.0
2025-04-03,778462,3312,Target Field,id:3312,7,0.0
2025-04-03,778466,3313,Yankee Stadium,id:3313,16,1.0
2025-04-03,778467,2681,Citizens Bank Park,id:2681,4,1.0
2025-04-03,778468,32,American Family Field,id:32,1,1.0
2025-04-03,778470,2,Oriole Park at Camden Yards,id:2,12,0.0
2025-04-04,778444,2395,Oracle Park,id:2395,19,1.0
2025-04-04,778447,1,Angel Stadium,id:1,14,0.0
2025-04-04,778453,32,American Family Field,id:32,5,1.0
2025-04-04,778454,5325,Globe Life Field,id:5325,7,1.0
2025-04-04,778455,7,Kauffman Stadium,id:7,10,1.0
2025-04-04,778456,19,Coors Field,id:19,9,0.0
2025-04-04,778457,3309,Nationals Park,id:3309,10,0.0
2025-04-04,778458,2394,Comerica Park,id:2394,11,1.0
2025-04-04,778459,2681,Citizens Bank Park,id:2681,5,1.0
2025-04-04,778460,17,Wrigley Field,id:17,4,1.0
2025-04-04,778461,31,PNC Park,id:31,13,0.0
2025-04-04,778463,3,Fenway Park,id:3,22,1.0
2025-04-04,778464,4705,Truist Park,id:4705,10,1.0
2025-04-04,778465,3289,Citi Field,id:3289,5,1.0
2025-04-05,778436,2395,Oracle Park,id:2395,5,1.0
2025-04-05,778437,1,Angel Stadium,id:1,14,1.0
2025-04-05,778438,5325,Globe Life Field,id:5325,10,1.0
2025-04-05,778439,32,American Family Field,id:32,18,0.0
2025-04-05,778440,3312,Target Field,id:3312,7,1.0
2025-04-05,778441,7,Kauffman Stadium,id:7,9,0.0
2025-04-05,778442,19,Coors Field,id:19,11,0.0
2025-04-05,778445,2394,Comerica Park,id:2394,9,1.0
2025-04-05,778446,3289,Citi Field,id:3289,5,1.0
2025-04-05,778448,2681,Citizens Bank Park,id:2681,4,0.0
2025-04-05,778449,31,PNC Park,id:31,14,0.0
2025-04-05,778450,17,Wrigley Field,id:17,8,1.0
2025-04-05,778451,4705,Truist Park,id:4705,4,0.0
2025-04-05,778452,3309,Nationals Park,id:3309,7,1.0
2025-04-06,778419,3312,Target Field,id:3312,16,0.0
2025-04-06,778420,5325,Globe Life Field,id:5325,7,1.0
2025-04-06,778421,32,American Family Field,id:32,10,1.0
2025-04-06,778422,7,Kauffman Stadium,id:7,5,1.0
2025-04-06,778423,19,Coors Field,id:19,17,1.0
2025-04-06,778425,1,Angel Stadium,id:1,8,1.0
2025-04-06,778427,2395,Oracle Park,id:2395,9,1.0
2025-04-06,778428,31,PNC Park,id:31,9,1.0
2025-04-06,778429,3309,Nationals Park,id:3309,9,1.0
2025-04-06,778430,17,Wrigley Field,id:17,15,0.0
2025-04-06,778432,3,Fenway Park,id:3,25,1.0
2025-04-06,778433,2394,Comerica Park,id:2394,7,1.0
2025-04-06,778434,2681,Citizens Bank Park,id:2681,15,1.0
2025-04-06,778435,3289,Citi Field,id:3289,3,1.0
2025-04-06,778443,3,Fenway Park,id:3,9,1.0
2025-04-07,778405,680,T-Mobile Park,id:680,7,1.0
2025-04-07,778410,2395,Oracle Park,id:2395,2,0.0
2025-04-07,778411,17,Wrigley Field,id:17,7,1.0
2025-04-07,778412,7,Kauffman Stadium,id:7,6,1.0
2025-04-07,778413,15,Chase Field,id:15,6,0.0
2025-04-07,778414,2529,Sutter Health Park,id:2529,9,0.0
2025-04-07,778415,31,PNC Park,id:31,12,1.0
2025-04-07,778416,3289,Citi Field,id:3289,2,1.0
2025-04-07,778418,3309,Nationals Park,id:3309,10,1.0
2025-04-07,778424,2394,Comerica Park,id:2394,8,1.0
2025-04-07,778426,3,Fenway Park,id:3,8,0.0
2025-04-08,778394,19,Coors Field,id:19,8,0.0
2025-04-08,778395,2529,Sutter Health Park,id:2529,14,1.0
2025-04-08,778396,15,Chase Field,id:15,7,1.0
2025-04-08,778397,2395,Oracle Park,id:2395,1,0.0
2025-04-08,778398,680,T-Mobile Park,id:680,3,0.0
2025-04-08,778400,7,Kauffman Stadium,id:7,3,1.0
2025-04-08,778401,17,Wrigley Field,id:17,16,1.0
2025-04-08,778402,5,Progressive Field,id:5,1,1.0
2025-04-08,778403,2394,Comerica Park,id:2394,5,1.0
2025-04-08,778404,3,Fenway Park,id:3,7,0.0
2025-04-08,778406,4705,Truist Park,id:4705,12,1.0
2025-04-08,778407,3289,Citi Field,id:3289,15,1.0
2025-04-08,778408,31,PNC Park,id:31,8,0.0
2025-04-08,778409,3309,Nationals Park,id:3309,10,1.0
2025-04-08,778417,2523,George M. Steinbrenner Field,id:2523,7,0.0
2025-04-09,778376,2395,Oracle Park,id:2395,14,1.0
2025-04-09,778379,19,Coors Field,id:19,19,0.0
2025-04-09,778380,15,Chase Field,id:15,9,1.0
2025-04-09,778381,2529,Sutter Health Park,id:2529,3,0.0
2025-04-09,778383,680,T-Mobile Park,id:680,13,1.0
2025-04-09,778385,17,Wrigley Field,id:17,8,0.0
2025-04-09,778386,3,Fenway Park,id:3,3,0.0
2025-04-09,778387,2394,Comerica Park,id:2394,7,0.0
2025-04-09,778388,7,Kauffman Stadium,id:7,4,0.0
2025-04-09,778389,31,PNC Park,id:31,3,1.0
2025-04-09,778390,3289,Citi Field,id:3289,5,0.0
2025-04-09,778391,5,Progressive Field,id:5,5,1.0
2025-04-09,778392,3309,Nationals Park,id:3309,11,0.0
2025-04-09,778393,4705,Truist Park,id:4705,7,0.0
2025-04-09,778399,2523,George M. Steinbrenner Field,id:2523,9,1.0
2025-04-10,778371,19,Coors Field,id:19,9,1.0
2025-04-10,778373,7,Kauffman Stadium,id:7,5,1.0
2025-04-10,778377,3,Fenway Park,id:3,7,1.0
2025-04-10,778378,5,Progressive Field,id:5,7,1.0
2025-04-10,778382,2523,George M. Steinbrenner Field,id:2523,12,0.0
2025-04-10,778384,4705,Truist Park,id:4705,6,1.0
2025-04-11,778356,22,Dodger Stadium,id:22,3,1.0
2025-04-11,778358,2529,Sutter Health Park,id:2529,13,0.0
2025-04-11,778360,680,T-Mobile Park,id:680,8,1.0
2025-04-11,778361,2680,Petco Park,id:2680,8,1.0
2025-04-11,778363,3312,Target Field,id:3312,13,0.0
2025-04-11,778364,15,Chase Field,id:15,7,0.0
2025-04-11,778365,2889,Busch Stadium,id:2889,2,1.0
2025-04-11,778366,4,Rate Field,id:4,12,1.0
2025-04-11,778367,2523,George M. Steinbrenner Field,id:2523,9,1.0
2025-04-11,778368,2392,Daikin Park,id:2392,17,1.0
2025-04-11,778369,4169,loanDepot park,id:4169,11,0.0
2025-04-11,778370,3313,Yankee Stadium,id:3313,10,0.0
2025-04-11,778374,2602,Great American Ball Park,id:2602,8,1.0
2025-04-11,778375,5,Progressive Field,id:5,7,1.0
2025-04-12,778341,680,T-Mobile Park,id:680,11,1.0
2025-04-12,778345,22,Dodger Stadium,id:22,16,0.0
2025-04-12,778346,2529,Sutter Health Park,id:2529,4,1.0
2025-04-12,778347,2889,Busch Stadium,id:2889,5,0.0
2025-04-12,778348,3312,Target Field,id:3312,4,0.0
2025-04-12,778349,4,Rate Field,id:4,5,1.0
2025-04-12,778350,15,Chase Field,id:15,9,1.0
2025-04-12,778351,2392,Daikin Park,id:2392,5,0.0
2025-04-12,778352,2680,Petco Park,id:2680,2,1.0
2025-04-12,778353,2523,George M. Steinbrenner Field,id:2523,9,0.0
2025-04-12,778354,4169,loanDepot park,id:4169,13,1.0
2025-04-12,778355,3313,Yankee Stadium,id:3313,12,1.0
2025-04-12,778357,2602,Great American Ball Park,id:2602,7,1.0
2025-04-12,778359,5,Progressive Field,id:5,9,1.0
2025-04-12,778362,2,Oriole Park at Camden Yards,id:2,9,1.0
2025-04-13,778329,2392,Daikin Park,id:2392,10,1.0
2025-04-13,778330,2680,Petco Park,id:2680,6,1.0
2025-04-13,778331,22,Dodger Stadium,id:22,6,0.0
2025-04-13,778332,15,Chase Field,id:15,7,1.0
2025-04-13,778333,2529,Sutter Health Park,id:2529,8,0.0
2025-04-13,778334,680,T-Mobile Park,id:680,4,1.0
2025-04-13,778335,3312,Target Field,id:3312,6,1.0
2025-04-13,778336,2889,Busch Stadium,id:2889,7,1.0
2025-04-13,778337,4169,loanDepot park,id:4169,15,1.0
2025-04-13,778338,4,Rate Field,id:4,4,0.0
2025-04-13,778339,3313,Yankee Stadium,id:3313,9,0.0
2025-04-13,778340,2523,George M. Steinbrenner Field,id:2523,11,1.0
2025-04-13,778342,5,Progressive Field,id:5,6,0.0
2025-04-13,778343,2602,Great American Ball Park,id:2602,4,1.0
2025-04-13,778344,2,Oriole Park at Camden Yards,id:2,13,0.0
2025-04-14,778315,2680,Petco Park,id:2680,14,1.0
2025-04-14,778320,2681,Citizens Bank Park,id:2681,14,0.0
2025-04-14,778321,31,PNC Park,id:31,13,1.0
2025-04-14,778322,14,Rogers Centre,id:14,12,0.0
2025-04-14,778323,32,American Family Field,id:32,10,0.0
2025-04-14,778324,3312,Target Field,id:3312,6,0.0
2025-04-14,778325,2889,Busch Stadium,id:2889,11,1.0
2025-04-14,778326,22,Dodger Stadium,id:22,8,1.0
2025-04-14,778327,3313,Yankee Stadium,id:3313,5,1.0
2025-04-14,778328,2523,George M. Steinbrenner Field,id:2523,17,1.0
2025-04-15,778302,22,Dodger Stadium,id:22,8,1.0
2025-04-15,778305,2680,Petco Park,id:2680,3,0.0
2025-04-15,778306,5325,Globe Life Field,id:5325,4,1.0
2025-04-15,778307,3312,Target Field,id:3312,9,1.0
2025-04-15,778308,2889,Busch Stadium,id:2889,2,0.0
2025-04-15,778309,4,Rate Field,id:4,15,0.0
2025-04-15,778310,32,American Family Field,id:32,5,1.0
2025-04-15,778311,14,Rogers Centre,id:14,9,1.0
2025-04-15,778312,3313,Yankee Stadium,id:3313,6,1.0
2025-04-15,778313,2681,Citizens Bank Park,id:2681,10,1.0
2025-04-15,778314,31,PNC Park,id:31,3,0.0
2025-04-15,778316,2602,Great American Ball Park,id:2602,12,1.0
2025-04-15,778317,2,Oriole Park at Camden Yards,id:2,9,0.0
2025-04-15,778318,4169,loanDepot park,id:4169,14,0.0
2025-04-15,778319,2523,George M. Steinbrenner Field,id:2523,11,0.0
2025-04-16,778287,22,Dodger Stadium,id:22,15,1.0
2025-04-16,778288,2680,Petco Park,id:2680,6,1.0
2025-04-16,778289,5325,Globe Life Field,id:5325,4,1.0
2025-04-16,778290,2889,Busch Stadium,id:2889,5,1.0
2025-04-16,778293,31,PNC Park,id:31,7,1.0
2025-04-16,778294,4,Rate Field,id:4,4,0.0
2025-04-16,778295,32,American Family Field,id:32,6,1.0
2025-04-16,778296,2681,Citizens Bank Park,id:2681,15,0.0
2025-04-16,778297,14,Rogers Centre,id:14,4,1.0
2025-04-16,778298,2523,George M. Steinbrenner Field,id:2523,1,0.0
2025-04-16,778299,3312,Target Field,id:3312,7,1.0
2025-04-16,778300,3313,Yankee Stadium,id:3313,7,1.0
2025-04-16,778301,2,Oriole Park at Camden Yards,id:2,10,1.0
2025-04-16,778303,4169,loanDepot park,id:4169,8,0.0
2025-04-16,778304,2602,Great American Ball Park,id:2602,8,0.0
2025-04-17,778278,3289,Citi Field,id:3289,5,1.0
2025-04-17,778279,2681,Citizens Bank Park,id:2681,10,1.0
2025-04-17,778280,31,PNC Park,id:31,1,1.0
2025-04-17,778281,5325,Globe Life Field,id:5325,8,1.0
2025-04-17,778282,2523,George M. Steinbrenner Field,id:2523,9,0.0
2025-04-17,778283,4,Rate Field,id:4,8,0.0
2025-04-17,778285,2602,Great American Ball Park,id:2602,18,0.0
2025-04-17,778286,2394,Comerica Park,id:2394,7,1.0
2025-04-17,778291,4169,loanDepot park,id:4169,10,0.0
2025-04-17,778292,2,Oriole Park at Camden Yards,id:2,8,1.0
2025-04-18,778260,1,Angel Stadium,id:1,2,1.0
2025-04-18,778261,32,American Family Field,id:32,8,1.0
2025-04-18,778263,5325,Globe Life Field,id:5325,3,0.0
2025-04-18,778268,17,Wrigley Field,id:17,24,1.0
2025-04-18,778269,2392,Daikin Park,id:2392,10,1.0
2025-04-18,778270,3289,Citi Field,id:3289,9,1.0
2025-04-18,778271,31,PNC Park,id:31,17,0.0
2025-04-18,778272,2523,George M. Steinbrenner Field,id:2523,1,0.0
2025-04-18,778273,14,Rogers Centre,id:14,4,1.0
2025-04-18,778274,2681,Citizens Bank Park,id:2681,9,1.0
2025-04-18,778275,3,Fenway Park,id:3,13,1.0
2025-04-18,778276,2,Oriole Park at Camden Yards,id:2,11,0.0
2025-04-18,778277,2394,Comerica Park,id:2394,10,1.0
2025-04-18,778284,4705,Truist Park,id:4705,10,1.0
2025-04-19,778243,1,Angel Stadium,id:1,5,0.0
2025-04-19,778247,19,Coors Field,id:19,23,0.0
2025-04-19,778251,5325,Globe Life Field,id:5325,7,1.0
2025-04-19,778252,2681,Citizens Bank Park,id:2681,21,1.0
2025-04-19,778253,32,American Family Field,id:32,4,0.0
2025-04-19,778254,31,PNC Park,id:31,3,0.0
2025-04-19,778255,2523,George M. Steinbrenner Field,id:2523,18,1.0
2025-04-19,778256,3289,Citi Field,id:3289,3,1.0
2025-04-19,778257,17,Wrigley Field,id:17,8,1.0
2025-04-19,778258,14,Rogers Centre,id:14,12,0.0
2025-04-19,778259,2392,Daikin Park,id:2392,5,1.0
2025-04-19,778262,2,Oriole Park at Camden Yards,id:2,14,1.0
2025-04-19,778264,3,Fenway Park,id:3,7,1.0
2025-04-19,778265,2394,Comerica Park,id:2394,4,1.0
2025-04-19,778267,4705,Truist Park,id:4705,7,1.0
2025-04-20,778232,1,Angel Stadium,id:1,9,1.0
2025-04-20,778234,5325,Globe Life Field,id:5325,1,0.0
2025-04-20,778235,19,Coors Field,id:19,5,0.0
2025-04-20,778236,17,Wrigley Field,id:17,5,0.0
2025-04-20,778237,2392,Daikin Park,id:2392,5,0.0
2025-04-20,778239,32,American Family Field,id:32,15,1.0
2025-04-20,778240,2523,George M. Steinbrenner Field,id:2523,4,0.0
2025-04-20,778241,14,Rogers Centre,id:14,11,0.0
2025-04-20,778242,31,PNC Park,id:31,9,0.0
2025-04-20,778244,3289,Citi Field,id:3289,11,1.0
2025-04-20,778245,3,Fenway Park,id:3,12,0.0
2025-04-20,778246,2394,Comerica Park,id:2394,7,0.0
2025-04-20,778248,2681,Citizens Bank Park,id:2681,12,0.0
2025-04-20,778249,4705,Truist Park,id:4705,8,1.0
2025-04-20,778250,2,Oriole Park at Camden Yards,id:2,26,0.0
2025-04-20,778266,19,Coors Field,id:19,4,1.0
2025-04-21,778225,3289,Citi Field,id:3289,9,1.0
2025-04-21,778226,2395,Oracle Park,id:2395,7,1.0
2025-04-21,778227,5,Progressive Field,id:5,10,1.0
2025-04-21,778228,2394,Comerica Park,id:2394,10,1.0
2025-04-21,778230,4169,loanDepot park,id:4169,9,1.0
2025-04-21,778231,2392,Daikin Park,id:2392,7,1.0
2025-04-21,778233,4705,Truist Park,id:4705,13,1.0
2025-04-21,778238,3,Fenway Park,id:3,6,1.0
2025-04-22,778210,2395,Oracle Park,id:2395,14,0.0
2025-04-22,778211,1,Angel Stadium,id:1,12,0.0
2025-04-22,778212,15,Chase Field,id:15,6,1.0
2025-04-22,778213,2529,Sutter Health Park,id:2529,13,0.0
2025-04-22,778215,7,Kauffman Stadium,id:7,7,1.0
2025-04-22,778216,3312,Target Field,id:3312,6,1.0
2025-04-22,778217,2392,Daikin Park,id:2392,6,1.0
2025-04-22,778218,5,Progressive Field,id:5,5,1.0
2025-04-22,778219,4169,loanDepot park,id:4169,7,1.0
2025-04-22,778220,17,Wrigley Field,id:17,21,1.0
2025-04-22,778221,2394,Comerica Park,id:2394,2,0.0
2025-04-22,778222,3309,Nationals Park,id:3309,7,1.0
2025-04-22,778223,3289,Citi Field,id:3289,6,1.0
2025-04-22,778224,3,Fenway Park,id:3,11,1.0
2025-04-22,778229,4705,Truist Park,id:4705,14,0.0
2025-04-23,778197,2529,Sutter Health Park,id:2529,7,1.0
2025-04-23,778198,2395,Oracle Park,id:2395,6,1.0
2025-04-23,778199,15,Chase Field,id:15,13,0.0
2025-04-23,778200,2392,Daikin Park,id:2392,4,1.0
2025-04-23,778201,3312,Target Field,id:3312,9,1.0
2025-04-23,778202,1,Angel Stadium,id:1,3,0.0
2025-04-23,778203,3289,Citi Field,id:3289,7,1.0
2025-04-23,778204,3309,Nationals Park,id:3309,7,1.0
2025-04-23,778205,17,Wrigley Field,id:17,13,1.0
2025-04-23,778206,5,Progressive Field,id:5,6,0.0
2025-04-23,778207,3,Fenway Park,id:3,13,0.0
2025-04-23,778208,4169,loanDepot park,id:4169,7,0.0
2025-04-23,778209,2394,Comerica Park,id:2394,6,1.0
2025-04-23,778214,4705,Truist Park,id:4705,5,1.0
2025-04-24,778188,15,Chase Field,id:15,11,0.0
2025-04-24,778189,3312,Target Field,id:3312,3,0.0
2025-04-24,778190,7,Kauffman Stadium,id:7,11,1.0
2025-04-24,778191,1,Angel Stadium,id:1,7,1.0
2025-04-24,778192,2529,Sutter Health Park,id:2529,7,1.0
2025-04-24,778193,3309,Nationals Park,id:3309,3,0.0
2025-04-24,778194,2395,Oracle Park,id:2395,11,1.0
2025-04-24,778195,7,Kauffman Stadium,id:7,8,1.0
2025-04-24,778196,3,Fenway Park,id:3,7,0.0
2025-04-25,778171,2395,Oracle Park,id:2395,2,0.0
2025-04-25,778172,2680,Petco Park,id:2680,1,0.0
2025-04-25,778175,680,T-Mobile Park,id:680,12,0.0
2025-04-25,778176,22,Dodger Stadium,id:22,3,0.0
2025-04-25,778177,15,Chase Field,id:15,10,0.0
2025-04-25,778178,2529,Sutter Health Park,id:2529,11,1.0
2025-04-25,778181,19,Coors Field,id:19,15,0.0
2025-04-25,778182,17,Wrigley Field,id:17,4,1.0
2025-04-25,778183,3309,Nationals Park,id:3309,9,1.0
2025-04-25,778184,2889,Busch Stadium,id:2889,5,1.0
2025-04-25,778185,3313,Yankee Stadium,id:3313,6,0.0
2025-04-25,778186,3312,Target Field,id:3312,15,1.0
2025-04-25,778187,7,Kauffman Stadium,id:7,2,1.0
2025-04-26,778154,680,T-Mobile Park,id:680,14,1.0
2025-04-26,778159,2395,Oracle Park,id:2395,5,1.0
2025-04-26,778160,2680,Petco Park,id:2680,5,0.0
2025-04-26,778161,19,Coors Field,id:19,10,0.0
2025-04-26,778162,15,Chase Field,id:15,15,0.0
2025-04-26,778163,22,Dodger Stadium,id:22,12,1.0
2025-04-26,778164,2889,Busch Stadium,id:2889,11,1.0
2025-04-26,778165,2529,Sutter Health Park,id:2529,13,0.0
2025-04-26,778166,3312,Target Field,id:3312,6,1.0
2025-04-26,778167,7,Kauffman Stadium,id:7,2,1.0
2025-04-26,778168,2394,Comerica Park,id:2394,7,1.0
2025-04-26,778169,5,Progressive Field,id:5,10,0.0
2025-04-26,778173,3309,Nationals Park,id:3309,2,0.0
2025-04-26,778174,17,Wrigley Field,id:17,14,0.0
2025-04-26,778179,5,Progressive Field,id:5,9,1.0
2025-04-26,778180,2394,Comerica Park,id:2394,8,1.0
2025-04-27,778136,680,T-Mobile Park,id:680,13,1.0
2025-04-27,778144,3312,Target Field,id:3312,5,1.0
2025-04-27,778145,22,Dodger Stadium,id:22,11,1.0
2025-04-27,778146,2680,Petco Park,id:2680,6,0.0
2025-04-27,778147,15,Chase Field,id:15,10,1.0
2025-04-27,778148,19,Coors Field,id:19,9,0.0
2025-04-27,778149,2529,Sutter Health Park,id:2529,5,1.0
2025-04-27,778150,2889,Busch Stadium,id:2889,8,0.0
2025-04-27,778151,2395,Oracle Park,id:2395,5,1.0
2025-04-27,778152,7,Kauffman Stadium,id:7,10,0.0
2025-04-27,778153,3309,Nationals Park,id:3309,15,1.0
2025-04-27,778155,2394,Comerica Park,id:2394,7,1.0
2025-04-27,778156,3313,Yankee Stadium,id:3313,13,1.0
2025-04-27,778157,5,Progressive Field,id:5,16,0.0
2025-04-27,778158,17,Wrigley Field,id:17,4,0.0
2025-04-27,778170,3313,Yankee Stadium,id:3313,6,1.0
2025-04-28,778132,22,Dodger Stadium,id:22,13,1.0
2025-04-28,778137,19,Coors Field,id:19,9,0.0
2025-04-28,778138,3309,Nationals Park,id:3309,24,0.0
2025-04-28,778139,5,Progressive Field,id:5,12,0.0
2025-04-28,778140,2,Oriole Park at Camden Yards,id:2,7,1.0
2025-04-28,778141,2602,Great American Ball Park,id:2602,4,1.0
2025-04-28,778142,2392,Daikin Park,id:2392,13,1.0
2025-04-28,778143,5325,Globe Life Field,id:5325,3,0.0
2025-04-29,778120,19,Coors Field,id:19,10,0.0
2025-04-29,778121,680,T-Mobile Park,id:680,8,1.0
2025-04-29,778122,5325,Globe Life Field,id:5325,17,1.0
2025-04-29,778123,22,Dodger Stadium,id:22,17,1.0
2025-04-29,778124,2392,Daikin Park,id:2392,10,1.0
2025-04-29,778125,4,Rate Field,id:4,9,0.0
2025-04-29,778126,2680,Petco Park,id:2680,11,1.0
2025-04-29,778127,14,Rogers Centre,id:14,12,0.0
2025-04-29,778128,2523,George M. Steinbrenner Field,id:2523,4,0.0
2025-04-29,778129,5,Progressive Field,id:5,3,1.0
2025-04-29,778130,3289,Citi Field,id:3289,11,1.0
2025-04-29,778131,2681,Citizens Bank Park,id:2681,13,1.0
2025-04-29,778133,2,Oriole Park at Camden Yards,id:2,18,0.0
2025-04-29,778135,31,PNC Park,id:31,9,0.0
2025-04-30,778102,19,Coors Field,id:19,3,1.0
2025-04-30,778104,680,T-Mobile Park,id:680,12,1.0
2025-04-30,778105,2680,Petco Park,id:2680,8,1.0
2025-04-30,778106,5325,Globe Life Field,id:5325,8,0.0
2025-04-30,778109,22,Dodger Stadium,id:22,19,1.0
2025-04-30,778110,2392,Daikin Park,id:2392,11,0.0
2025-04-30,778111,4,Rate Field,id:4,10,0.0
2025-04-30,778112,31,PNC Park,id:31,7,1.0
2025-04-30,778113,2523,George M. Steinbrenner Field,id:2523,3,0.0
2025-04-30,778114,14,Rogers Centre,id:14,13,1.0
2025-04-30,778115,2,Oriole Park at Camden Yards,id:2,9,1.0
2025-04-30,778116,5,Progressive Field,id:5,6,1.0
2025-04-30,778117,3289,Citi Field,id:3289,7,0.0
2025-04-30,778118,2681,Citizens Bank Park,id:2681,9,1.0
2025-04-30,778119,2602,Great American Ball Park,id:2602,10,0.0
2025-04-30,778134,2602,Great American Ball Park,id:2602,6,0.0
2025-05-01,778094,4,Rate Field,id:4,8,1.0
2025-05-01,778095,14,Rogers Centre,id:14,6,1.0
2025-05-01,778096,5325,Globe Life Field,id:5325,3,0.0
2025-05-01,778097,2523,George M. Steinbrenner Field,id:2523,10,0.0
2025-05-01,778098,2395,Oracle Park,id:2395,7,0.0
2025-05-01,778099,2681,Citizens Bank Park,id:2681,6,0.0
2025-05-01,778100,31,PNC Park,id:31,11,0.0
2025-05-01,778101,1,Angel Stadium,id:1,14,0.0
2025-05-01,778103,3289,Citi Field,id:3289,6,0.0
2025-05-01,778107,2602,Great American Ball Park,id:2602,10,1.0
2025-05-01,778108,5,Progressive Field,id:5,7,1.0
2025-05-02,778079,4,Rate Field,id:4,10,1.0
2025-05-02,778080,32,American Family Field,id:32,10,0.0
2025-05-02,778081,14,Rogers Centre,id:14,8,1.0
2025-05-02,778082,2395,Oracle Park,id:2395,4,1.0
2025-05-02,778083,5325,Globe Life Field,id:5325,14,0.0
2025-05-02,778084,2889,Busch Stadium,id:2889,12,0.0
2025-05-02,778085,1,Angel Stadium,id:1,10,0.0
2025-05-02,778086,2681,Citizens Bank Park,id:2681,5,1.0
2025-05-02,778087,2602,Great American Ball Park,id:2602,7,1.0
2025-05-02,778088,3313,Yankee Stadium,id:3313,3,1.0
2025-05-02,778089,3,Fenway Park,id:3,7,1.0
2025-05-02,778090,31,PNC Park,id:31,13,0.0
2025-05-02,778091,4169,loanDepot park,id:4169,7,0.0
2025-05-02,778092,4705,Truist Park,id:4705,3,0.0
2025-05-02,778093,2,Oriole Park at Camden Yards,id:2,3,1.0
2025-05-03,778064,14,Rogers Centre,id:14,8,0.0
2025-05-03,778065,31,PNC Park,id:31,3,0.0
2025-05-03,778066,4,Rate Field,id:4,11,0.0
2025-05-03,778067,1,Angel Stadium,id:1,7,1.0
2025-05-03,778069,2395,Oracle Park,id:2395,9,1.0
2025-05-03,778070,5325,Globe Life Field,id:5325,3,0.0
2025-05-03,778071,32,American Family Field,id:32,8,0.0
2025-05-03,778072,2,Oriole Park at Camden Yards,id:2,4,0.0
2025-05-03,778073,3,Fenway Park,id:3,7,0.0
2025-05-03,778074,3313,Yankee Stadium,id:3313,5,0.0
2025-05-03,778075,4169,loanDepot park,id:4169,15,1.0
2025-05-03,778076,4705,Truist Park,id:4705,13,0.0
2025-05-03,778077,2602,Great American Ball Park,id:2602,17,0.0
2025-05-03,778078,2681,Citizens Bank Park,id:2681,9,1.0
2025-05-04,778048,2395,Oracle Park,id:2395,12,1.0
2025-05-04,778050,1,Angel Stadium,id:1,14,0.0
2025-05-04,778051,31,PNC Park,id:31,4,0.0
2025-05-04,778052,5325,Globe Life Field,id:5325,9,1.0
2025-05-04,778053,2889,Busch Stadium,id:2889,11,1.0
2025-05-04,778054,32,American Family Field,id:32,4,1.0
2025-05-04,778055,4,Rate Field,id:4,9,1.0
2025-05-04,778056,14,Rogers Centre,id:14,9,0.0
2025-05-04,778057,3313,Yankee Stadium,id:3313,12,0.0
2025-05-04,778058,2602,Great American Ball Park,id:2602,5,0.0
2025-05-04,778059,2681,Citizens Bank Park,id:2681,20,0.0
2025-05-04,778060,4705,Truist Park,id:4705,7,1.0
2025-05-04,778061,4169,loanDepot park,id:4169,5,0.0
2025-05-04,778062,2,Oriole Park at Camden Yards,id:2,17,0.0
2025-05-04,778063,3,Fenway Park,id:3,9,0.0
2025-05-04,778068,2889,Busch Stadium,id:2889,9,1.0
2025-05-05,778036,2889,Busch Stadium,id:2889,9,1.0
2025-05-05,778038,2529,Sutter Health Park,id:2529,13,1.0
2025-05-05,778039,15,Chase Field,id:15,9,0.0
2025-05-05,778042,32,American Family Field,id:32,6,1.0
2025-05-05,778043,7,Kauffman Stadium,id:7,3,1.0
2025-05-05,778044,17,Wrigley Field,id:17,11,1.0
2025-05-05,778045,3313,Yankee Stadium,id:3313,7,0.0
2025-05-05,778047,4169,loanDepot park,id:4169,11,0.0
2025-05-05,778049,4705,Truist Park,id:4705,4,1.0
2025-05-06,778024,2529,Sutter Health Park,id:2529,8,0.0
2025-05-06,778025,1,Angel Stadium,id:1,11,1.0
2025-05-06,778026,3309,Nationals Park,id:3309,19,1.0
2025-05-06,778027,17,Wrigley Field,id:17,19,0.0
2025-05-06,778028,3312,Target Field,id:3312,10,1.0
2025-05-06,778030,2889,Busch Stadium,id:2889,3,1.0
2025-05-06,778031,32,American Family Field,id:32,7,1.0
2025-05-06,778032,15,Chase Field,id:15,6,1.0
2025-05-06,778033,7,Kauffman Stadium,id:7,7,1.0
2025-05-06,778034,4705,Truist Park,id:4705,3,1.0
2025-05-06,778035,4169,loanDepot park,id:4169,9,1.0
2025-05-06,778037,3,Fenway Park,id:3,7,0.0
2025-05-06,778040,2523,George M. Steinbrenner Field,id:2523,12,0.0
2025-05-06,778041,3313,Yankee Stadium,id:3313,15,1.0
2025-05-06,778046,3309,Nationals Park,id:3309,10,0.0
2025-05-07,778009,1,Angel Stadium,id:1,9,1.0
2025-05-07,778010,2529,Sutter Health Park,id:2529,11,0.0
2025-05-07,778011,3312,Target Field,id:3312,7,1.0
2025-05-07,778012,7,Kauffman Stadium,id:7,3,1.0
2025-05-07,778013,19,Coors Field,id:19,14,0.0
2025-05-07,778014,15,Chase Field,id:15,8,0.0
2025-05-07,778015,32,American Family Field,id:32,10,0.0
2025-05-07,778016,2889,Busch Stadium,id:2889,5,1.0
2025-05-07,778017,4169,loanDepot park,id:4169,11,0.0
2025-05-07,778018,3,Fenway Park,id:3,10,1.0
2025-05-07,778019,3313,Yankee Stadium,id:3313,7,1.0
2025-05-07,778020,17,Wrigley Field,id:17,4,0.0
2025-05-07,778021,2523,George M. Steinbrenner Field,id:2523,7,0.0
2025-05-07,778022,3309,Nationals Park,id:3309,14,0.0
2025-05-07,778023,4705,Truist Park,id:4705,7,0.0
2025-05-08,777999,15,Chase Field,id:15,8,1.0
2025-05-08,778000,1,Angel Stadium,id:1,13,0.0
2025-05-08,778003,4705,Truist Park,id:4705,9,1.0
2025-05-08,778004,19,Coors Field,id:19,12,0.0
2025-05-08,778005,2523,George M. Steinbrenner Field,id:2523,13,0.0
2025-05-08,778006,3,Fenway Park,id:3,5,1.0
2025-05-08,778007,3312,Target Field,id:3312,7,1.0
2025-05-08,778008,7,Kauffman Stadium,id:7,10,1.0
2025-05-08,778029,19,Coors Field,id:19,12,0.0
2025-05-09,777984,680,T-Mobile Park,id:680,9,0.0
2025-05-09,777986,1,Angel Stadium,id:1,5,0.0
2025-05-09,777988,15,Chase Field,id:15,25,0.0
2025-05-09,777989,2392,Daikin Park,id:2392,3,1.0
2025-05-09,777990,7,Kauffman Stadium,id:7,3,1.0
2025-05-09,777991,4,Rate Field,id:4,8,1.0
2025-05-09,777992,3312,Target Field,id:3312,4,1.0
2025-05-09,777993,19,Coors Field,id:19,22,0.0
2025-05-09,777994,2529,Sutter Health Park,id:2529,12,0.0
2025-05-09,777995,3309,Nationals Park,id:3309,10,0.0
2025-05-09,777996,2394,Comerica Park,id:2394,3,1.0
2025-05-09,777997,5,Progressive Field,id:5,6,1.0
2025-05-09,777998,31,PNC Park,id:31,5,1.0
2025-05-09,778001,3289,Citi Field,id:3289,9,1.0
2025-05-09,778002,2523,George M. Steinbrenner Field,id:2523,7,1.0
2025-05-10,777970,680,T-Mobile Park,id:680,9,0.0
2025-05-10,777972,2529,Sutter Health Park,id:2529,18,1.0
2025-05-10,777973,1,Angel Stadium,id:1,7,1.0
2025-05-10,777974,3312,Target Field,id:3312,3,1.0
2025-05-10,777975,15,Chase Field,id:15,3,1.0
2025-05-10,777976,19,Coors Field,id:19,21,0.0
2025-05-10,777977,7,Kauffman Stadium,id:7,11,0.0
2025-05-10,777978,4,Rate Field,id:4,4,0.0
2025-05-10,777979,2392,Daikin Park,id:2392,22,0.0
2025-05-10,777980,3309,Nationals Park,id:3309,6,0.0
2025-05-10,777981,2523,George M. Steinbrenner Field,id:2523,5,1.0
2025-05-10,777982,3289,Citi Field,id:3289,11,0.0
2025-05-10,777983,5,Progressive Field,id:5,8,0.0
2025-05-10,777985,31,PNC Park,id:31,5,0.0
2025-05-10,777987,2394,Comerica Park,id:2394,13,0.0
2025-05-11,777954,15,Chase Field,id:15,9,0.0
2025-05-11,777955,19,Coors Field,id:19,12,1.0
2025-05-11,777956,3312,Target Field,id:3312,13,1.0
2025-05-11,777957,2529,Sutter Health Park,id:2529,14,0.0
2025-05-11,777958,680,T-Mobile Park,id:680,10,0.0
2025-05-11,777961,1,Angel Stadium,id:1,10,0.0
2025-05-11,777962,3309,Nationals Park,id:3309,7,0.0
2025-05-11,777963,2392,Daikin Park,id:2392,6,1.0
2025-05-11,777964,2523,George M. Steinbrenner Field,id:2523,6,0.0
2025-05-11,777965,7,Kauffman Stadium,id:7,4,0.0
2025-05-11,777966,4,Rate Field,id:4,6,1.0
2025-05-11,777967,31,PNC Park,id:31,7,1.0
2025-05-11,777968,3289,Citi Field,id:3289,8,1.0
2025-05-11,777969,2394,Comerica Park,id:2394,7,0.0
2025-05-11,777971,5,Progressive Field,id:5,3,0.0
2025-05-12,777939,2395,Oracle Park,id:2395,3,0.0
2025-05-12,777941,680,T-Mobile Park,id:680,16,0.0
2025-05-12,777947,2680,Petco Park,id:2680,14,0.0
2025-05-12,777948,2392,Daikin Park,id:2392,12,0.0
2025-05-12,777949,5325,Globe Life Field,id:5325,3,1.0
2025-05-12,777950,3289,Citi Field,id:3289,7,1.0
2025-05-12,777951,2394,Comerica Park,id:2394,16,1.0
2025-05-12,777952,17,Wrigley Field,id:17,7,1.0
2025-05-12,777953,2681,Citizens Bank Park,id:2681,5,0.0
2025-05-12,777959,4705,Truist Park,id:4705,7,1.0
2025-05-12,777960,5,Progressive Field,id:5,5,1.0
2025-05-13,777926,680,T-Mobile Park,id:680,3,1.0
2025-05-13,777930,2395,Oracle Park,id:2395,16,1.0
2025-05-13,777931,2392,Daikin Park,id:2392,3,1.0
2025-05-13,777932,2680,Petco Park,id:2680,10,1.0
2025-05-13,777934,5325,Globe Life Field,id:5325,5,1.0
2025-05-13,777935,14,Rogers Centre,id:14,20,0.0
2025-05-13,777936,17,Wrigley Field,id:17,9,1.0
2025-05-13,777937,22,Dodger Stadium,id:22,12,0.0
2025-05-13,777940,2394,Comerica Park,id:2394,19,1.0
2025-05-13,777942,4705,Truist Park,id:4705,7,1.0
2025-05-13,777943,3289,Citi Field,id:3289,3,1.0
2025-05-13,777944,5,Progressive Field,id:5,2,1.0
2025-05-13,777945,2602,Great American Ball Park,id:2602,6,0.0
2025-05-14,777914,2680,Petco Park,id:2680,6,1.0
2025-05-14,777915,680,T-Mobile Park,id:680,5,0.0
2025-05-14,777916,2395,Oracle Park,id:2395,15,0.0
2025-05-14,777917,22,Dodger Stadium,id:22,12,1.0
2025-05-14,777918,5325,Globe Life Field,id:5325,11,1.0
2025-05-14,777919,3289,Citi Field,id:3289,4,0.0
2025-05-14,777920,2392,Daikin Park,id:2392,7,1.0
2025-05-14,777921,17,Wrigley Field,id:17,4,0.0
2025-05-14,777922,2681,Citizens Bank Park,id:2681,3,1.0
2025-05-14,777923,14,Rogers Centre,id:14,4,1.0
2025-05-14,777924,2,Oriole Park at Camden Yards,id:2,9,0.0
2025-05-14,777925,5,Progressive Field,id:5,14,0.0
2025-05-14,777927,2394,Comerica Park,id:2394,11,1.0
2025-05-14,777928,2602,Great American Ball Park,id:2602,6,0.0
2025-05-14,777929,4705,Truist Park,id:4705,9,0.0
2025-05-14,777933,2681,Citizens Bank Park,id:2681,21,0.0
2025-05-14,777938,2,Oriole Park at Camden Yards,id:2,14,0.0
2025-05-15,777909,4705,Truist Park,id:4705,7,1.0
2025-05-15,777910,5325,Globe Life Field,id:5325,1,1.0
2025-05-15,777911,2,Oriole Park at Camden Yards,id:2,4,0.0
2025-05-15,777912,2602,Great American Ball Park,id:2602,8,1.0
2025-05-15,777913,14,Rogers Centre,id:14,11,0.0
2025-05-15,777946,22,Dodger Stadium,id:22,21,1.0
2025-05-16,777891,2395,Oracle Park,id:2395,10,1.0
2025-05-16,777895,5325,Globe Life Field,id:5325,9,0.0
2025-05-16,777896,2680,Petco Park,id:2680,6,0.0
2025-05-16,777897,15,Chase Field,id:15,8,1.0
2025-05-16,777898,32,American Family Field,id:32,3,0.0
2025-05-16,777899,22,Dodger Stadium,id:22,8,0.0
2025-05-16,777900,17,Wrigley Field,id:17,16,1.0
2025-05-16,777901,7,Kauffman Stadium,id:7,13,0.0
2025-05-16,777902,2602,Great American Ball Park,id:2602,9,1.0
2025-05-16,777903,4169,loanDepot park,id:4169,13,1.0
2025-05-16,777904,3313,Yankee Stadium,id:3313,8,1.0
2025-05-16,777905,2681,Citizens Bank Park,id:2681,12,1.0
2025-05-16,777906,14,Rogers Centre,id:14,9,0.0
2025-05-16,777907,2,Oriole Park at Camden Yards,id:2,7,0.0
2025-05-16,777908,3,Fenway Park,id:3,6,0.0
2025-05-17,777875,2680,Petco Park,id:2680,5,0.0
2025-05-17,777879,2395,Oracle Park,id:2395,1,1.0
2025-05-17,777881,17,Wrigley Field,id:17,10,1.0
2025-05-17,777882,5325,Globe Life Field,id:5325,6,1.0
2025-05-17,777883,32,American Family Field,id:32,7,0.0
2025-05-17,777884,22,Dodger Stadium,id:22,20,0.0
2025-05-17,777885,7,Kauffman Stadium,id:7,1,0.0
2025-05-17,777886,14,Rogers Centre,id:14,3,1.0
2025-05-17,777887,15,Chase Field,id:15,26,0.0
2025-05-17,777888,3313,Yankee Stadium,id:3313,5,0.0
2025-05-17,777889,4169,loanDepot park,id:4169,4,0.0
2025-05-17,777890,2,Oriole Park at Camden Yards,id:2,16,0.0
2025-05-17,777892,2602,Great American Ball Park,id:2602,5,1.0
2025-05-17,777893,3,Fenway Park,id:3,13,1.0
2025-05-17,777894,2681,Citizens Bank Park,id:2681,7,1.0
2025-05-18,777864,7,Kauffman Stadium,id:7,3,1.0
2025-05-18,777865,32,American Family Field,id:32,7,1.0
2025-05-18,777866,22,Dodger Stadium,id:22,10,0.0
2025-05-18,777867,2395,Oracle Park,id:2395,5,1.0
2025-05-18,777868,2680,Petco Park,id:2680,7,0.0
2025-05-18,777869,5325,Globe Life Field,id:5325,7,0.0
2025-05-18,777870,15,Chase Field,id:15,1,1.0
2025-05-18,777871,14,Rogers Centre,id:14,5,0.0
2025-05-18,777872,17,Wrigley Field,id:17,8,1.0
2025-05-18,777873,2,Oriole Park at Camden Yards,id:2,14,0.0
2025-05-18,777874,2602,Great American Ball Park,id:2602,4,1.0
2025-05-18,777876,3,Fenway Park,id:3,14,0.0
2025-05-18,777877,4169,loanDepot park,id:4169,6,1.0
2025-05-18,777878,3313,Yankee Stadium,id:3313,10,1.0
2025-05-18,777880,2681,Citizens Bank Park,id:2681,1,1.0
2025-05-19,777852,19,Coors Field,id:19,12,0.0
2025-05-19,777853,2529,Sutter Health Park,id:2529,7,0.0
2025-05-19,777854,22,Dodger Stadium,id:22,14,0.0
2025-05-19,777855,2395,Oracle Park,id:2395,4,0.0
2025-05-19,777856,3,Fenway Park,id:3,4,1.0
2025-05-19,777857,4,Rate Field,id:4,6,0.0
2025-05-19,777858,2523,George M. Steinbrenner Field,id:2523,7,0.0
2025-05-19,777859,31,PNC Park,id:31,8,0.0
2025-05-19,777860,32,American Family Field,id:32,9,1.0
2025-05-19,777862,2889,Busch Stadium,id:2889,15,1.0
2025-05-19,777863,4169,loanDepot park,id:4169,15,1.0
2025-05-20,777836,2395,Oracle Park,id:2395,5,1.0
2025-05-20,777838,22,Dodger Stadium,id:22,7,1.0
2025-05-20,777840,2889,Busch Stadium,id:2889,9,0.0
2025-05-20,777841,3309,Nationals Park,id:3309,8,1.0
2025-05-20,777842,19,Coors Field,id:19,11,0.0
2025-05-20,777843,2529,Sutter Health Park,id:2529,12,0.0
2025-05-20,777844,32,American Family Field,id:32,7,1.0
2025-05-20,777845,14,Rogers Centre,id:14,3,1.0
2025-05-20,777846,4,Rate Field,id:4,1,1.0
2025-05-20,777847,31,PNC Park,id:31,1,1.0
2025-05-20,777848,2523,George M. Steinbrenner Field,id:2523,5,1.0
2025-05-20,777849,3313,Yankee Stadium,id:3313,7,1.0
2025-05-20,777850,4169,loanDepot park,id:4169,15,0.0
2025-05-20,777851,3,Fenway Park,id:3,2,1.0
2025-05-21,777819,2395,Oracle Park,id:2395,12,0.0
2025-05-21,777823,19,Coors Field,id:19,14,0.0
2025-05-21,777824,22,Dodger Stadium,id:22,4,1.0
2025-05-21,777826,32,American Family Field,id:32,12,0.0
2025-05-21,777827,2889,Busch Stadium,id:2889,6,0.0
2025-05-21,777828,2529,Sutter Health Park,id:2529,15,0.0
2025-05-21,777829,3312,Target Field,id:3312,6,0.0
2025-05-21,777830,4,Rate Field,id:4,11,0.0
2025-05-21,777831,3,Fenway Park,id:3,6,0.0
2025-05-21,777832,2523,George M. Steinbrenner Field,id:2523,12,1.0
2025-05-21,777833,4169,loanDepot park,id:4169,3,0.0
2025-05-21,777834,31,PNC Park,id:31,4,1.0
2025-05-21,777835,3313,Yankee Stadium,id:3313,7,1.0
2025-05-21,777837,14,Rogers Centre,id:14,14,1.0
2025-05-21,777861,3312,Target Field,id:3312,11,1.0
2025-05-22,777812,2529,Sutter Health Park,id:2529,15,0.0
2025-05-22,777814,31,PNC Park,id:31,13,0.0
2025-05-22,777816,14,Rogers Centre,id:14,13,1.0
2025-05-22,777817,19,Coors Field,id:19,2,0.0
2025-05-22,777818,3313,Yankee Stadium,id:3313,1,1.0
2025-05-22,777820,3309,Nationals Park,id:3309,15,1.0
2025-05-22,777821,2394,Comerica Park,id:2394,7,0.0
2025-05-22,777822,2392,Daikin Park,id:2392,11,1.0
2025-05-23,777797,2889,Busch Stadium,id:2889,7,1.0
2025-05-23,777798,1,Angel Stadium,id:1,11,1.0
2025-05-23,777799,3312,Target Field,id:3312,4,1.0
2025-05-23,777800,2392,Daikin Park,id:2392,8,0.0
2025-05-23,777801,3309,Nationals Park,id:3309,4,0.0
2025-05-23,777802,19,Coors Field,id:19,5,1.0
2025-05-23,777804,2529,Sutter Health Park,id:2529,7,0.0
2025-05-23,777805,4,Rate Field,id:4,5,1.0
2025-05-23,777806,31,PNC Park,id:31,11,1.0
2025-05-23,777807,2394,Comerica Park,id:2394,4,0.0
2025-05-23,777808,3289,Citi Field,id:3289,12,0.0
2025-05-23,777810,2523,George M. Steinbrenner Field,id:2523,4,1.0
2025-05-23,777811,2602,Great American Ball Park,id:2602,19,0.0
2025-05-23,777813,4705,Truist Park,id:4705,3,0.0
2025-05-23,777815,3,Fenway Park,id:3,24,1.0
2025-05-24,777781,1,Angel Stadium,id:1,8,0.0
2025-05-24,777782,19,Coors Field,id:19,14,0.0
2025-05-24,777784,2529,Sutter Health Park,id:2529,15,0.0
2025-05-24,777786,2889,Busch Stadium,id:2889,11,1.0
2025-05-24,777787,2392,Daikin Park,id:2392,3,1.0
2025-05-24,777788,3312,Target Field,id:3312,9,1.0
2025-05-24,777789,3289,Citi Field,id:3289,7,1.0
2025-05-24,777790,3,Fenway Park,id:3,3,0.0
2025-05-24,777791,2602,Great American Ball Park,id:2602,10,1.0
2025-05-24,777792,4,Rate Field,id:4,15,1.0
2025-05-24,777793,3309,Nationals Park,id:3309,3,1.0
2025-05-24,777794,31,PNC Park,id:31,3,1.0
2025-05-24,777795,2523,George M. Steinbrenner Field,id:2523,4,1.0
2025-05-24,777796,2394,Comerica Park,id:2394,12,0.0
2025-05-24,777803,4705,Truist Park,id:4705,8,1.0
2025-05-24,777809,3,Fenway Park,id:3,11,1.0
2025-05-25,777765,2529,Sutter Health Park,id:2529,9,1.0
2025-05-25,777766,2889,Busch Stadium,id:2889,7,1.0
2025-05-25,777767,1,Angel Stadium,id:1,3,0.0
2025-05-25,777768,19,Coors Field,id:19,9,0.0
2025-05-25,777772,3312,Target Field,id:3312,3,0.0
2025-05-25,777773,3289,Citi Field,id:3289,4,1.0
2025-05-25,777774,2392,Daikin Park,id:2392,8,1.0
2025-05-25,777775,2523,George M. Steinbrenner Field,id:2523,13,1.0
2025-05-25,777776,31,PNC Park,id:31,11,0.0
2025-05-25,777777,4,Rate Field,id:4,9,0.0
2025-05-25,777778,3309,Nationals Park,id:3309,5,0.0
2025-05-25,777779,2602,Great American Ball Park,id:2602,19,0.0
2025-05-25,777780,2394,Comerica Park,id:2394,5,1.0
2025-05-25,777783,4705,Truist Park,id:4705,8,0.0
2025-05-25,777785,3,Fenway Park,id:3,6,0.0
2025-05-26,777756,2680,Petco Park,id:2680,7,1.0
2025-05-26,777757,17,Wrigley Field,id:17,4,1.0
2025-05-26,777758,3289,Citi Field,id:3289,3,1.0
2025-05-26,777759,5325,Globe Life Field,id:5325,3,0.0
2025-05-26,777760,7,Kauffman Stadium,id:7,11,0.0
2025-05-26,777761,15,Chase Field,id:15,5,1.0
2025-05-26,777762,2523,George M. Steinbrenner Field,id:2523,9,1.0
2025-05-26,777763,1,Angel Stadium,id:1,6,0.0
2025-05-26,777764,32,American Family Field,id:32,5,1.0
2025-05-26,777769,5,Progressive Field,id:5,9,0.0
2025-05-26,777770,2394,Comerica Park,id:2394,4,1.0
2025-05-26,777771,2,Oriole Park at Camden Yards,id:2,7,1.0
2025-05-27,777741,5325,Globe Life Field,id:5325,2,1.0
2025-05-27,777742,2680,Petco Park,id:2680,14,1.0
2025-05-27,777743,680,T-Mobile Park,id:680,10,1.0
2025-05-27,777744,15,Chase Field,id:15,15,0.0
2025-05-27,777745,1,Angel Stadium,id:1,5,0.0
2025-05-27,777746,2523,George M. Steinbrenner Field,id:2523,6,0.0
2025-05-27,777747,32,American Family Field,id:32,6,1.0
2025-05-27,777748,2681,Citizens Bank Park,id:2681,2,1.0
2025-05-27,777749,3289,Citi Field,id:3289,10,1.0
2025-05-27,777750,7,Kauffman Stadium,id:7,9,0.0
2025-05-27,777751,17,Wrigley Field,id:17,7,1.0
2025-05-27,777752,2392,Daikin Park,id:2392,12,1.0
2025-05-27,777753,5,Progressive Field,id:5,14,0.0
2025-05-27,777754,2,Oriole Park at Camden Yards,id:2,11,0.0
2025-05-27,777755,2394,Comerica Park,id:2394,4,1.0
2025-05-28,777724,5325,Globe Life Field,id:5325,2,0.0
2025-05-28,777726,2680,Petco Park,id:2680,18,0.0
2025-05-28,777728,1,Angel Stadium,id:1,1,0.0
2025-05-28,777729,15,Chase Field,id:15,11,0.0
2025-05-28,777730,680,T-Mobile Park,id:680,9,0.0
2025-05-28,777731,17,Wrigley Field,id:17,3,1.0
2025-05-28,777732,2523,George M. Steinbrenner Field,id:2523,5,1.0
2025-05-28,777733,7,Kauffman Stadium,id:7,5,1.0
2025-05-28,777734,2392,Daikin Park,id:2392,8,1.0
2025-05-28,777736,32,American Family Field,id:32,11,1.0
2025-05-28,777737,3289,Citi Field,id:3289,13,0.0
2025-05-28,777738,2394,Comerica Park,id:2394,7,1.0
2025-05-28,777739,5,Progressive Field,id:5,11,1.0
2025-05-28,777740,2,Oriole Park at Camden Yards,id:2,10,0.0
2025-05-29,777722,680,T-Mobile Park,id:680,12,0.0
2025-05-29,777723,2681,Citizens Bank Park,id:2681,12,0.0
2025-05-29,777725,2392,Daikin Park,id:2392,16,0.0
2025-05-29,777727,14,Rogers Centre,id:14,12,1.0
2025-05-29,777735,2681,Citizens Bank Park,id:2681,9,1.0
2025-05-30,777707,2680,Petco Park,id:2680,5,1.0
2025-05-30,777708,22,Dodger Stadium,id:22,13,1.0
2025-05-30,777709,5325,Globe Life Field,id:5325,12,1.0
2025-05-30,777710,15,Chase Field,id:15,16,0.0
2025-05-30,777711,7,Kauffman Stadium,id:7,12,0.0
2025-05-30,777712,17,Wrigley Field,id:17,8,0.0
2025-05-30,777713,680,T-Mobile Park,id:680,18,0.0
2025-05-30,777714,2392,Daikin Park,id:2392,3,1.0
2025-05-30,777715,2681,Citizens Bank Park,id:2681,8,0.0
2025-05-30,777716,14,Rogers Centre,id:14,18,1.0
2025-05-30,777717,4169,loanDepot park,id:4169,2,0.0
2025-05-30,777718,3289,Citi Field,id:3289,6,1.0
2025-05-30,777719,4705,Truist Park,id:4705,6,0.0
2025-05-30,777720,2,Oriole Park at Camden Yards,id:2,3,1.0
2025-05-30,777721,5,Progressive Field,id:5,5,0.0
2025-05-31,777691,2680,Petco Park,id:2680,5,0.0
2025-05-31,777693,2392,Daikin Park,id:2392,19,0.0
2025-05-31,777694,7,Kauffman Stadium,id:7,1,1.0
2025-05-31,777695,680,T-Mobile Park,id:680,9,1.0
2025-05-31,777696,15,Chase Field,id:15,18,0.0
2025-05-31,777697,5325,Globe Life Field,id:5325,2,0.0
2025-05-31,777698,22,Dodger Stadium,id:22,20,1.0
2025-05-31,777699,2,Oriole Park at Camden Yards,id:2,6,1.0
2025-05-31,777700,3289,Citi Field,id:3289,10,1.0
2025-05-31,777701,14,Rogers Centre,id:14,15,1.0
2025-05-31,777702,2681,Citizens Bank Park,id:2681,24,0.0
2025-05-31,777703,5,Progressive Field,id:5,12,1.0
2025-05-31,777704,17,Wrigley Field,id:17,2,1.0
2025-05-31,777705,4169,loanDepot park,id:4169,1,1.0
2025-05-31,777706,4705,Truist Park,id:4705,5,1.0
2025-06-01,777677,7,Kauffman Stadium,id:7,1,0.0
2025-06-01,777678,5325,Globe Life Field,id:5325,9,1.0
2025-06-01,777679,15,Chase Field,id:15,4,1.0
2025-06-01,777680,680,T-Mobile Park,id:680,3,1.0
2025-06-01,777681,2680,Petco Park,id:2680,10,1.0
2025-06-01,777682,22,Dodger Stadium,id:22,10,0.0
2025-06-01,777683,5,Progressive Field,id:5,6,1.0
2025-06-01,777684,2,Oriole Park at Camden Yards,id:2,5,1.0
2025-06-01,777685,14,Rogers Centre,id:14,12,1.0
2025-06-01,777686,3289,Citi Field,id:3289,8,1.0
2025-06-01,777687,17,Wrigley Field,id:17,10,1.0
2025-06-01,777688,2681,Citizens Bank Park,id:2681,7,0.0
2025-06-01,777689,4169,loanDepot park,id:4169,6,0.0
2025-06-01,777690,2392,Daikin Park,id:2392,1,1.0
2025-06-01,777692,4705,Truist Park,id:4705,4,0.0
2025-06-02,777669,2529,Sutter Health Park,id:2529,14,0.0
2025-06-02,777670,3,Fenway Park,id:3,13,0.0
2025-06-02,777671,2602,Great American Ball Park,id:2602,5,0.0
2025-06-02,777673,4169,loanDepot park,id:4169,10,0.0
2025-06-02,777674,4,Rate Field,id:4,14,0.0
2025-06-02,777675,22,Dodger Stadium,id:22,7,0.0
2025-06-02,777676,2395,Oracle Park,id:2395,1,0.0
2025-06-03,777655,680,T-Mobile Park,id:680,6,0.0
2025-06-03,777656,2395,Oracle Park,id:2395,5,0.0
2025-06-03,777657,22,Dodger Stadium,id:22,11,1.0
2025-06-03,777658,2529,Sutter Health Park,id:2529,13,0.0
2025-06-03,777659,3309,Nationals Park,id:3309,11,0.0
2025-06-03,777660,2889,Busch Stadium,id:2889,17,0.0
2025-06-03,777661,4,Rate Field,id:4,9,1.0
2025-06-03,777662,2523,George M. Steinbrenner Field,id:2523,6,1.0
2025-06-03,777663,31,PNC Park,id:31,3,0.0
2025-06-03,777664,3313,Yankee Stadium,id:3313,5,1.0
2025-06-03,777665,14,Rogers Centre,id:14,11,0.0
2025-06-03,777666,4169,loanDepot park,id:4169,5,0.0
2025-06-03,777667,3,Fenway Park,id:3,7,0.0
2025-06-03,777668,2602,Great American Ball Park,id:2602,6,1.0
2025-06-03,777672,4705,Truist Park,id:4705,11,0.0
2025-06-04,777638,22,Dodger Stadium,id:22,7,0.0
2025-06-04,777639,4,Rate Field,id:4,9,0.0
2025-06-04,777641,2395,Oracle Park,id:2395,11,1.0
2025-06-04,777643,2529,Sutter Health Park,id:2529,7,0.0
2025-06-04,777645,680,T-Mobile Park,id:680,5,0.0
2025-06-04,777646,2523,George M. Steinbrenner Field,id:2523,9,1.0
2025-06-04,777647,2602,Great American Ball Park,id:2602,10,0.0
2025-06-04,777648,31,PNC Park,id:31,3,1.0
2025-06-04,777649,3,Fenway Park,id:3,20,1.0
2025-06-04,777650,3309,Nationals Park,id:3309,2,1.0
2025-06-04,777651,14,Rogers Centre,id:14,3,1.0
2025-06-04,777652,4169,loanDepot park,id:4169,5,0.0
2025-06-04,777653,3313,Yankee Stadium,id:3313,4,0.0
2025-06-04,777654,4705,Truist Park,id:4705,3,0.0
2025-06-05,777628,680,T-Mobile Park,id:680,7,0.0
2025-06-05,777629,2523,George M. Steinbrenner Field,id:2523,7,1.0
2025-06-05,777630,31,PNC Park,id:31,10,0.0
2025-06-05,777631,22,Dodger Stadium,id:22,11,1.0
2025-06-05,777632,3309,Nationals Park,id:3309,8,0.0
2025-06-05,777633,2395,Oracle Park,id:2395,5,1.0
2025-06-05,777634,4,Rate Field,id:4,5,1.0
2025-06-05,777635,2889,Busch Stadium,id:2889,12,0.0
2025-06-05,777636,2529,Sutter Health Park,id:2529,17,1.0
2025-06-05,777637,14,Rogers Centre,id:14,10,1.0
2025-06-05,777640,4705,Truist Park,id:4705,21,0.0
2025-06-05,777642,2889,Busch Stadium,id:2889,11,1.0
2025-06-05,777644,3313,Yankee Stadium,id:3313,4,1.0
2025-06-06,777613,2529,Sutter Health Park,id:2529,9,1.0
2025-06-06,777614,1,Angel Stadium,id:1,9,1.0
2025-06-06,777615,3312,Target Field,id:3312,10,0.0
2025-06-06,777616,19,Coors Field,id:19,6,0.0
2025-06-06,777617,32,American Family Field,id:32,2,0.0
2025-06-06,777618,4,Rate Field,id:4,9,1.0
2025-06-06,777619,2395,Oracle Park,id:2395,9,1.0
2025-06-06,777620,2889,Busch Stadium,id:2889,5,1.0
2025-06-06,777621,31,PNC Park,id:31,9,1.0
2025-06-06,777622,5,Progressive Field,id:5,6,0.0
2025-06-06,777624,3309,Nationals Park,id:3309,2,1.0
2025-06-06,777625,2523,George M. Steinbrenner Field,id:2523,7,1.0
2025-06-06,777626,2394,Comerica Park,id:2394,4,1.0
2025-06-06,777627,3313,Yankee Stadium,id:3313,15,1.0
2025-06-07,777597,32,American Family Field,id:32,7,1.0
2025-06-07,777598,2395,Oracle Park,id:2395,5,1.0
2025-06-07,777599,2529,Sutter Health Park,id:2529,11,0.0
2025-06-07,777600,3312,Target Field,id:3312,9,0.0
2025-06-07,777601,2889,Busch Stadium,id:2889,3,1.0
2025-06-07,777603,1,Angel Stadium,id:1,14,1.0
2025-06-07,777604,19,Coors Field,id:19,9,0.0
2025-06-07,777605,3313,Yankee Stadium,id:3313,17,0.0
2025-06-07,777606,4,Rate Field,id:4,5,1.0
2025-06-07,777607,31,PNC Park,id:31,3,1.0
2025-06-07,777608,5,Progressive Field,id:5,8,0.0
2025-06-07,777609,2394,Comerica Park,id:2394,7,0.0
2025-06-07,777610,3309,Nationals Park,id:3309,5,0.0
2025-06-07,777611,2523,George M. Steinbrenner Field,id:2523,21,0.0
2025-06-07,777612,2602,Great American Ball Park,id:2602,14,1.0
2025-06-07,777623,2602,Great American Ball Park,id:2602,7,1.0
2025-06-08,777582,2889,Busch Stadium,id:2889,10,0.0
2025-06-08,777583,19,Coors Field,id:19,18,0.0
2025-06-08,777585,3312,Target Field,id:3312,9,1.0
2025-06-08,777586,32,American Family Field,id:32,1,0.0
2025-06-08,777587,2395,Oracle Park,id:2395,7,1.0
2025-06-08,777588,2529,Sutter Health Park,id:2529,6,1.0
2025-06-08,777589,1,Angel Stadium,id:1,5,0.0
2025-06-08,777590,4,Rate Field,id:4,12,0.0
2025-06-08,777591,5,Progressive Field,id:5,6,1.0
2025-06-08,777592,2523,George M. Steinbrenner Field,id:2523,5,1.0
2025-06-08,777593,3313,Yankee Stadium,id:3313,18,0.0
2025-06-08,777594,2394,Comerica Park,id:2394,4,1.0
2025-06-08,777595,31,PNC Park,id:31,3,1.0
2025-06-08,777596,3309,Nationals Park,id:3309,6,0.0
2025-06-08,777602,2602,Great American Ball Park,id:2602,6,1.0
2025-06-09,777574,31,PNC Park,id:31,13,1.0
2025-06-09,777575,32,American Family Field,id:32,8,0.0
2025-06-09,777576,1,Angel Stadium,id:1,11,1.0
2025-06-09,777577,15,Chase Field,id:15,12,1.0
2025-06-09,777578,2681,Citizens Bank Park,id:2681,7,1.0
2025-06-09,777579,2680,Petco Park,id:2680,15,0.0
2025-06-09,777580,5,Progressive Field,id:5,11,0.0
2025-06-09,777581,2889,Busch Stadium,id:2889,9,0.0
2025-06-09,777584,3,Fenway Park,id:3,18,0.0
2025-06-10,777557,3312,Target Field,id:3312,20,0.0
2025-06-10,777558,2889,Busch Stadium,id:2889,19,0.0
2025-06-10,777559,15,Chase Field,id:15,13,1.0
2025-06-10,777560,2680,Petco Park,id:2680,12,1.0
2025-06-10,777563,19,Coors Field,id:19,11,0.0
2025-06-10,777564,1,Angel Stadium,id:1,3,1.0
2025-06-10,777565,3,Fenway Park,id:3,4,1.0
2025-06-10,777566,31,PNC Park,id:31,5,0.0
2025-06-10,777567,2392,Daikin Park,id:2392,6,0.0
2025-06-10,777568,32,American Family Field,id:32,5,1.0
2025-06-10,777569,5,Progressive Field,id:5,1,0.0
2025-06-10,777570,3289,Citi Field,id:3289,9,1.0
2025-06-10,777571,2681,Citizens Bank Park,id:2681,12,0.0
2025-06-10,777572,7,Kauffman Stadium,id:7,12,0.0
2025-06-10,777573,2,Oriole Park at Camden Yards,id:2,8,0.0
2025-06-11,777542,1,Angel Stadium,id:1,11,1.0
2025-06-11,777543,2680,Petco Park,id:2680,7,0.0
2025-06-11,777545,2889,Busch Stadium,id:2889,7,0.0
2025-06-11,777547,19,Coors Field,id:19,17,0.0
2025-06-11,777548,15,Chase Field,id:15,7,1.0
2025-06-11,777549,5,Progressive Field,id:5,13,1.0
2025-06-11,777550,2392,Daikin Park,id:2392,12,1.0
2025-06-11,777551,7,Kauffman Stadium,id:7,9,0.0
2025-06-11,777552,31,PNC Park,id:31,7,1.0
2025-06-11,777553,2681,Citizens Bank Park,id:2681,9,1.0
2025-06-11,777554,32,American Family Field,id:32,8,0.0
2025-06-11,777555,3289,Citi Field,id:3289,5,1.0
2025-06-11,777556,3312,Target Field,id:3312,8,1.0
2025-06-11,777561,3,Fenway Park,id:3,7,1.0
2025-06-11,777562,2,Oriole Park at Camden Yards,id:2,11,1.0
2025-06-12,777532,32,American Family Field,id:32,6,1.0
2025-06-12,777533,3312,Target Field,id:3312,19,0.0
2025-06-12,777534,19,Coors Field,id:19,15,1.0
2025-06-12,777536,7,Kauffman Stadium,id:7,1,0.0
2025-06-12,777540,2,Oriole Park at Camden Yards,id:2,5,0.0
2025-06-12,777541,17,Wrigley Field,id:17,5,1.0
2025-06-12,777544,3289,Citi Field,id:3289,7,1.0
2025-06-12,777546,2392,Daikin Park,id:2392,7,1.0
2025-06-13,777520,680,T-Mobile Park,id:680,9,1.0
2025-06-13,777521,15,Chase Field,id:15,6,1.0
2025-06-13,777522,22,Dodger Stadium,id:22,8,0.0
2025-06-13,777524,5325,Globe Life Field,id:5325,4,1.0
2025-06-13,777525,32,American Family Field,id:32,5,1.0
2025-06-13,777526,17,Wrigley Field,id:17,3,0.0
2025-06-13,777527,2392,Daikin Park,id:2392,13,1.0
2025-06-13,777528,3289,Citi Field,id:3289,12,0.0
2025-06-13,777529,7,Kauffman Stadium,id:7,10,0.0
2025-06-13,777530,3309,Nationals Park,id:3309,20,0.0
2025-06-13,777531,2681,Citizens Bank Park,id:2681,8,1.0
2025-06-13,777535,4705,Truist Park,id:4705,16,1.0
2025-06-13,777537,3,Fenway Park,id:3,3,1.0
2025-06-13,777538,2394,Comerica Park,id:2394,16,1.0
2025-06-13,777539,2,Oriole Park at Camden Yards,id:2,2,1.0
2025-06-14,777506,22,Dodger Stadium,id:22,16,1.0
2025-06-14,777507,680,T-Mobile Park,id:680,7,1.0
2025-06-14,777508,5325,Globe Life Field,id:5325,9,1.0
2025-06-14,777509,2681,Citizens Bank Park,id:2681,5,1.0
2025-06-14,777510,2392,Daikin Park,id:2392,5,1.0
2025-06-14,777511,7,Kauffman Stadium,id:7,4,0.0
2025-06-14,777512,32,American Family Field,id:32,13,0.0
2025-06-14,777513,17,Wrigley Field,id:17,3,1.0
2025-06-14,777514,3309,Nationals Park,id:3309,7,0.0
2025-06-14,777515,15,Chase Field,id:15,15,1.0
2025-06-14,777516,3,Fenway Park,id:3,7,1.0
2025-06-14,777517,2394,Comerica Park,id:2394,12,0.0
2025-06-14,777518,3289,Citi Field,id:3289,12,0.0
2025-06-14,777519,2,Oriole Park at Camden Yards,id:2,11,1.0
2025-06-14,777523,4705,Truist Park,id:4705,5,1.0
2025-06-15,777491,15,Chase Field,id:15,10,0.0
2025-06-15,777492,32,American Family Field,id:32,5,1.0
2025-06-15,777493,5325,Globe Life Field,id:5325,3,1.0
2025-06-15,777494,2392,Daikin Park,id:2392,3,1.0
2025-06-15,777495,680,T-Mobile Park,id:680,6,1.0
2025-06-15,777496,7,Kauffman Stadium,id:7,5,0.0
2025-06-15,777497,17,Wrigley Field,id:17,5,1.0
2025-06-15,777498,22,Dodger Stadium,id:22,9,1.0
2025-06-15,777499,2681,Citizens Bank Park,id:2681,15,1.0
2025-06-15,777500,3,Fenway Park,id:3,2,1.0
2025-06-15,777501,2,Oriole Park at Camden Yards,id:2,13,1.0
2025-06-15,777502,3289,Citi Field,id:3289,9,0.0
2025-06-15,777503,3309,Nationals Park,id:3309,4,0.0
2025-06-15,777504,4705,Truist Park,id:4705,11,0.0
2025-06-15,777505,2394,Comerica Park,id:2394,12,0.0
2025-06-16,777483,4169,loanDepot park,id:4169,7,0.0
2025-06-16,777484,2523,George M. Steinbrenner Field,id:2523,8,1.0
2025-06-16,777485,2529,Sutter Health Park,id:2529,4,1.0
2025-06-16,777486,680,T-Mobile Park,id:680,2,0.0
2025-06-16,777487,3313,Yankee Stadium,id:3313,1,0.0
2025-06-16,777488,3309,Nationals Park,id:3309,10,0.0
2025-06-16,777490,22,Dodger Stadium,id:22,9,1.0
2025-06-17,777467,4,Rate Field,id:4,14,0.0
2025-06-17,777468,5325,Globe Life Field,id:5325,7,0.0
2025-06-17,777469,2529,Sutter Health Park,id:2529,16,0.0
2025-06-17,777471,22,Dodger Stadium,id:22,14,1.0
2025-06-17,777472,2395,Oracle Park,id:2395,5,0.0
2025-06-17,777473,680,T-Mobile Park,id:680,8,1.0
2025-06-17,777475,2394,Comerica Park,id:2394,10,1.0
2025-06-17,777476,3313,Yankee Stadium,id:3313,4,0.0
2025-06-17,777477,2523,George M. Steinbrenner Field,id:2523,6,0.0
2025-06-17,777478,2602,Great American Ball Park,id:2602,11,1.0
2025-06-17,777479,14,Rogers Centre,id:14,9,1.0
2025-06-17,777480,3309,Nationals Park,id:3309,16,0.0
2025-06-17,777481,4169,loanDepot park,id:4169,11,1.0
2025-06-17,777482,17,Wrigley Field,id:17,8,1.0
2025-06-17,777489,4705,Truist Park,id:4705,9,1.0
2025-06-18,777453,680,T-Mobile Park,id:680,4,0.0
2025-06-18,777454,2395,Oracle Park,id:2395,6,0.0
2025-06-18,777456,2529,Sutter Health Park,id:2529,15,0.0
2025-06-18,777457,22,Dodger Stadium,id:22,7,1.0
2025-06-18,777460,5325,Globe Life Field,id:5325,9,0.0
2025-06-18,777461,3309,Nationals Park,id:3309,4,0.0
2025-06-18,777462,14,Rogers Centre,id:14,9,1.0
2025-06-18,777463,2523,George M. Steinbrenner Field,id:2523,20,1.0
2025-06-18,777465,4169,loanDepot park,id:4169,6,0.0
2025-06-18,777466,3313,Yankee Stadium,id:3313,5,0.0
2025-06-18,777470,4705,Truist Park,id:4705,5,1.0
2025-06-18,777474,2602,Great American Ball Park,id:2602,6,1.0
2025-06-19,777440,2395,Oracle Park,id:2395,3,1.0
2025-06-19,777441,2529,Sutter Health Park,id:2529,10,1.0
2025-06-19,777442,22,Dodger Stadium,id:22,8,0.0
2025-06-19,777443,5325,Globe Life Field,id:5325,5,0.0
2025-06-19,777444,4169,loanDepot park,id:4169,3,0.0
2025-06-19,777445,3309,Nationals Park,id:3309,7,1.0
2025-06-19,777446,2523,George M. Steinbrenner Field,id:2523,5,0.0
2025-06-19,777447,4,Rate Field,id:4,9,0.0
2025-06-19,777448,14,Rogers Centre,id:14,14,0.0
2025-06-19,777449,3313,Yankee Stadium,id:3313,10,1.0
2025-06-19,777450,17,Wrigley Field,id:17,15,0.0
2025-06-19,777451,2394,Comerica Park,id:2394,11,1.0
2025-06-19,777452,2602,Great American Ball Park,id:2602,17,0.0
2025-06-19,777455,4705,Truist Park,id:4705,8,1.0
2025-06-19,777458,4,Rate Field,id:4,14,0.0
2025-06-19,777464,2394,Comerica Park,id:2394,12,0.0
2025-06-20,777425,2395,Oracle Park,id:2395,12,0.0
2025-06-20,777426,2680,Petco Park,id:2680,11,0.0
2025-06-20,777427,22,Dodger Stadium,id:22,11,1.0
2025-06-20,777428,1,Angel Stadium,id:1,5,0.0
2025-06-20,777429,2529,Sutter Health Park,id:2529,6,1.0
2025-06-20,777430,19,Coors Field,id:19,22,0.0
2025-06-20,777431,2523,George M. Steinbrenner Field,id:2523,22,1.0
2025-06-20,777432,31,PNC Park,id:31,8,0.0
2025-06-20,777433,2889,Busch Stadium,id:2889,7,1.0
2025-06-20,777434,3312,Target Field,id:3312,23,0.0
2025-06-20,777435,14,Rogers Centre,id:14,8,0.0
2025-06-20,777436,17,Wrigley Field,id:17,13,0.0
2025-06-20,777437,2681,Citizens Bank Park,id:2681,12,1.0
2025-06-20,777438,3313,Yankee Stadium,id:3313,8,0.0
2025-06-20,777439,4169,loanDepot park,id:4169,8,1.0
2025-06-21,777410,19,Coors Field,id:19,8,0.0
2025-06-21,777411,2529,Sutter Health Park,id:2529,6,0.0
2025-06-21,777412,3312,Target Field,id:3312,9,0.0
2025-06-21,777413,2680,Petco Park,id:2680,6,1.0
2025-06-21,777414,1,Angel Stadium,id:1,10,1.0
2025-06-21,777415,2889,Busch Stadium,id:2889,11,1.0
2025-06-21,777416,22,Dodger Stadium,id:22,10,0.0
2025-06-21,777417,2395,Oracle Park,id:2395,5,1.0
2025-06-21,777418,14,Rogers Centre,id:14,8,1.0
2025-06-21,777419,17,Wrigley Field,id:17,17,1.0
2025-06-21,777420,2523,George M. Steinbrenner Field,id:2523,11,1.0
2025-06-21,777421,31,PNC Park,id:31,5,0.0
2025-06-21,777422,3313,Yankee Stadium,id:3313,9,1.0
2025-06-21,777423,2681,Citizens Bank Park,id:2681,15,0.0
2025-06-21,777424,4169,loanDepot park,id:4169,7,0.0
2025-06-22,777395,2395,Oracle Park,id:2395,14,1.0
2025-06-22,777396,2680,Petco Park,id:2680,5,1.0
2025-06-22,777397,1,Angel Stadium,id:1,15,0.0
2025-06-22,777398,22,Dodger Stadium,id:22,20,1.0
2025-06-22,777399,19,Coors Field,id:19,6,1.0
2025-06-22,777400,2529,Sutter Health Park,id:2529,3,0.0
2025-06-22,777401,3312,Target Field,id:3312,17,0.0
2025-06-22,777402,4169,loanDepot park,id:4169,8,1.0
2025-06-22,777403,17,Wrigley Field,id:17,20,0.0
2025-06-22,777404,31,PNC Park,id:31,11,1.0
2025-06-22,777405,2681,Citizens Bank Park,id:2681,8,1.0
2025-06-22,777406,3313,Yankee Stadium,id:3313,6,1.0
2025-06-22,777407,2889,Busch Stadium,id:2889,5,0.0
2025-06-22,777408,14,Rogers Centre,id:14,6,0.0
2025-06-22,777409,2523,George M. Steinbrenner Field,id:2523,12,0.0
2025-06-23,777381,1,Angel Stadium,id:1,14,1.0
2025-06-23,777382,2680,Petco Park,id:2680,16,0.0
2025-06-23,777388,3312,Target Field,id:3312,13,0.0
2025-06-23,777389,3289,Citi Field,id:3289,5,0.0
2025-06-23,777390,2602,Great American Ball Park,id:2602,7,1.0
2025-06-23,777391,32,American Family Field,id:32,9,0.0
2025-06-23,777392,2889,Busch Stadium,id:2889,10,1.0
2025-06-23,777393,4,Rate Field,id:4,10,0.0
2025-06-23,777394,2,Oriole Park at Camden Yards,id:2,6,1.0
2025-06-24,777364,2395,Oracle Park,id:2395,6,0.0
2025-06-24,777372,2680,Petco Park,id:2680,7,1.0
2025-06-24,777373,2889,Busch Stadium,id:2889,15,1.0
2025-06-24,777374,32,American Family Field,id:32,12,1.0
2025-06-24,777375,3312,Target Field,id:3312,11,0.0
2025-06-24,777376,1,Angel Stadium,id:1,5,1.0
2025-06-24,777377,2392,Daikin Park,id:2392,1,1.0
2025-06-24,777378,7,Kauffman Stadium,id:7,6,0.0
2025-06-24,777379,19,Coors Field,id:19,16,0.0
2025-06-24,777380,2,Oriole Park at Camden Yards,id:2,11,0.0
2025-06-24,777383,4,Rate Field,id:4,5,0.0
2025-06-24,777384,5,Progressive Field,id:5,16,0.0
2025-06-24,777385,2602,Great American Ball Park,id:2602,9,1.0
2025-06-24,777386,2394,Comerica Park,id:2394,15,1.0
2025-06-24,777387,3289,Citi Field,id:3289,11,0.0
2025-06-25,777355,2395,Oracle Park,id:2395,13,0.0
2025-06-25,777357,2889,Busch Stadium,id:2889,8,0.0
2025-06-25,777358,19,Coors Field,id:19,9,0.0
2025-06-25,777359,7,Kauffman Stadium,id:7,3,0.0
2025-06-25,777360,2680,Petco Park,id:2680,1,1.0
2025-06-25,777361,32,American Family Field,id:32,6,1.0
2025-06-25,777362,1,Angel Stadium,id:1,7,1.0
2025-06-25,777363,3312,Target Field,id:3312,2,1.0
2025-06-25,777365,2,Oriole Park at Camden Yards,id:2,7,0.0
2025-06-25,777366,2392,Daikin Park,id:2392,2,1.0
2025-06-25,777367,2602,Great American Ball Park,id:2602,8,0.0
2025-06-25,777368,5,Progressive Field,id:5,9,1.0
2025-06-25,777369,3289,Citi Field,id:3289,10,1.0
2025-06-25,777370,4,Rate Field,id:4,10,1.0
2025-06-25,777371,2394,Comerica Park,id:2394,3,0.0
2025-06-26,777344,19,Coors Field,id:19,4,0.0
2025-06-26,777347,2395,Oracle Park,id:2395,17,0.0
2025-06-26,777348,2889,Busch Stadium,id:2889,3,0.0
2025-06-26,777350,2392,Daikin Park,id:2392,3,1.0
2025-06-26,777351,2394,Comerica Park,id:2394,8,1.0
2025-06-26,777352,3289,Citi Field,id:3289,4,1.0
2025-06-26,777353,7,Kauffman Stadium,id:7,4,0.0
2025-06-26,777354,5,Progressive Field,id:5,6,0.0
2025-06-26,777356,3312,Target Field,id:3312,11,1.0
2025-06-27,777331,1,Angel Stadium,id:1,24,0.0
2025-06-27,777332,15,Chase Field,id:15,17,0.0
2025-06-27,777334,2394,Comerica Park,id:2394,5,0.0
2025-06-27,777335,7,Kauffman Stadium,id:7,9,0.0
2025-06-27,777336,2392,Daikin Park,id:2392,11,1.0
2025-06-27,777337,3313,Yankee Stadium,id:3313,3,1.0
2025-06-27,777338,4,Rate Field,id:4,4,0.0
2025-06-27,777339,32,American Family Field,id:32,16,1.0
2025-06-27,777340,5325,Globe Life Field,id:5325,13,0.0
2025-06-27,777341,31,PNC Park,id:31,10,1.0
2025-06-27,777342,4705,Truist Park,id:4705,13,0.0
2025-06-27,777343,2,Oriole Park at Camden Yards,id:2,30,1.0
2025-06-27,777345,3,Fenway Park,id:3,9,0.0
2025-06-27,777346,2602,Great American Ball Park,id:2602,9,1.0
2025-06-27,777349,5,Progressive Field,id:5,5,0.0
2025-06-28,777315,1,Angel Stadium,id:1,10,1.0
2025-06-28,777318,15,Chase Field,id:15,15,0.0
2025-06-28,777319,7,Kauffman Stadium,id:7,14,1.0
2025-06-28,777320,2392,Daikin Park,id:2392,15,0.0
2025-06-28,777321,32,American Family Field,id:32,5,1.0
2025-06-28,777322,5325,Globe Life Field,id:5325,5,1.0
2025-06-28,777323,3,Fenway Park,id:3,16,1.0
2025-06-28,777324,2394,Comerica Park,id:2394,15,1.0
2025-06-28,777325,31,PNC Park,id:31,11,1.0
2025-06-28,777326,3313,Yankee Stadium,id:3313,7,0.0
2025-06-28,777327,4,Rate Field,id:4,1,1.0
2025-06-28,777328,2602,Great American Ball Park,id:2602,10,0.0
2025-06-28,777329,5,Progressive Field,id:5,15,0.0
2025-06-28,777330,2,Oriole Park at Camden Yards,id:2,14,0.0
2025-06-28,777333,4705,Truist Park,id:4705,7,1.0
2025-06-29,777301,32,American Family Field,id:32,7,0.0
2025-06-29,777302,5325,Globe Life Field,id:5325,10,0.0
2025-06-29,777303,15,Chase Field,id:15,10,0.0
2025-06-29,777304,7,Kauffman Stadium,id:7,6,0.0
2025-06-29,777305,1,Angel Stadium,id:1,11,0.0
2025-06-29,777307,3313,Yankee Stadium,id:3313,17,1.0
2025-06-29,777308,2392,Daikin Park,id:2392,2,1.0
2025-06-29,777309,5,Progressive Field,id:5,7,0.0
2025-06-29,777310,3,Fenway Park,id:3,8,0.0
2025-06-29,777311,4,Rate Field,id:4,7,1.0
2025-06-29,777312,2602,Great American Ball Park,id:2602,5,1.0
2025-06-29,777313,31,PNC Park,id:31,13,1.0
2025-06-29,777314,2394,Comerica Park,id:2394,3,1.0
2025-06-29,777316,4705,Truist Park,id:4705,3,0.0
2025-06-29,777317,2,Oriole Park at Camden Yards,id:2,6,1.0
2025-06-30,777291,15,Chase Field,id:15,6,1.0
2025-06-30,777292,5325,Globe Life Field,id:5325,16,0.0
2025-06-30,777295,14,Rogers Centre,id:14,9,1.0
2025-06-30,777296,2523,George M. Steinbrenner Field,id:2523,10,0.0
2025-06-30,777297,680,T-Mobile Park,id:680,8,1.0
2025-06-30,777299,31,PNC Park,id:31,7,1.0
2025-06-30,777300,3,Fenway Park,id:3,19,1.0
2025-06-30,777306,2681,Citizens Bank Park,id:2681,4,1.0
2025-07-01,777278,15,Chase Field,id:15,10,1.0
2025-07-01,777280,22,Dodger Stadium,id:22,7,1.0
2025-07-01,777281,680,T-Mobile Park,id:680,9,0.0
2025-07-01,777282,5325,Globe Life Field,id:5325,12,1.0
2025-07-01,777283,14,Rogers Centre,id:14,17,1.0
2025-07-01,777285,19,Coors Field,id:19,11,0.0
2025-07-01,777286,2523,George M. Steinbrenner Field,id:2523,7,0.0
2025-07-01,777287,17,Wrigley Field,id:17,7,1.0
2025-07-01,777288,31,PNC Park,id:31,1,1.0
2025-07-01,777293,4169,loanDepot park,id:4169,2,1.0
2025-07-01,777298,4705,Truist Park,id:4705,4,0.0
2025-07-02,777262,680,T-Mobile Park,id:680,5,1.0
2025-07-02,777265,3309,Nationals Park,id:3309,13,1.0
2025-07-02,777266,17,Wrigley Field,id:17,9,1.0
2025-07-02,777267,22,Dodger Stadium,id:22,9,1.0
2025-07-02,777268,5325,Globe Life Field,id:5325,6,1.0
2025-07-02,777269,19,Coors Field,id:19,8,0.0
2025-07-02,777270,15,Chase Field,id:15,11,0.0
2025-07-02,777271,2523,George M. Steinbrenner Field,id:2523,11,1.0
2025-07-02,777272,31,PNC Park,id:31,5,1.0
2025-07-02,777273,2681,Citizens Bank Park,id:2681,10,0.0
2025-07-02,777274,14,Rogers Centre,id:14,20,1.0
2025-07-02,777275,4169,loanDepot park,id:4169,3,0.0
2025-07-02,777276,3289,Citi Field,id:3289,10,1.0
2025-07-02,777277,3,Fenway Park,id:3,12,0.0
2025-07-02,777279,4705,Truist Park,id:4705,11,1.0
2025-07-02,777284,3309,Nationals Park,id:3309,13,0.0
2025-07-02,777289,3289,Citi Field,id:3289,9,0.0
2025-07-02,777290,2681,Citizens Bank Park,id:2681,6,1.0
2025-07-02,777294,3,Fenway Park,id:3,8,1.0
2025-07-03,777251,680,T-Mobile Park,id:680,5,0.0
2025-07-03,777253,22,Dodger Stadium,id:22,8,1.0
2025-07-03,777256,15,Chase Field,id:15,9,0.0
2025-07-03,777257,3289,Citi Field,id:3289,5,1.0
2025-07-03,777258,3309,Nationals Park,id:3309,18,1.0
2025-07-03,777259,17,Wrigley Field,id:17,1,1.0
2025-07-03,777260,14,Rogers Centre,id:14,13,1.0
2025-07-03,777261,4705,Truist Park,id:4705,6,0.0
2025-07-03,777263,4169,loanDepot park,id:4169,5,1.0
2025-07-03,777264,19,Coors Field,id:19,13,1.0
2025-07-04,777235,22,Dodger Stadium,id:22,19,0.0
2025-07-04,777236,680,T-Mobile Park,id:680,6,1.0
2025-07-04,777239,2680,Petco Park,id:2680,5,1.0
2025-07-04,777242,14,Rogers Centre,id:14,7,1.0
2025-07-04,777243,19,Coors Field,id:19,5,0.0
2025-07-04,777244,2529,Sutter Health Park,id:2529,13,1.0
2025-07-04,777245,3309,Nationals Park,id:3309,13,0.0
2025-07-04,777246,17,Wrigley Field,id:17,14,1.0
2025-07-04,777247,3312,Target Field,id:3312,7,1.0
2025-07-04,777248,15,Chase Field,id:15,12,0.0
2025-07-04,777249,5,Progressive Field,id:5,3,0.0
2025-07-04,777250,3289,Citi Field,id:3289,11,1.0
2025-07-04,777252,4705,Truist Park,id:4705,5,0.0
2025-07-04,777254,4169,loanDepot park,id:4169,11,0.0
2025-07-04,777255,2681,Citizens Bank Park,id:2681,15,0.0
2025-07-05,777221,22,Dodger Stadium,id:22,10,0.0
2025-07-05,777223,2680,Petco Park,id:2680,11,0.0
2025-07-05,777225,680,T-Mobile Park,id:680,1,1.0
2025-07-05,777227,2529,Sutter Health Park,id:2529,9,0.0
2025-07-05,777228,3309,Nationals Park,id:3309,13,0.0
2025-07-05,777229,17,Wrigley Field,id:17,14,0.0
2025-07-05,777230,3312,Target Field,id:3312,11,1.0
2025-07-05,777231,14,Rogers Centre,id:14,7,1.0
2025-07-05,777232,19,Coors Field,id:19,13,0.0
2025-07-05,777233,2681,Citizens Bank Park,id:2681,6,1.0
2025-07-05,777234,15,Chase Field,id:15,8,1.0
2025-07-05,777237,4705,Truist Park,id:4705,15,0.0
2025-07-05,777238,4169,loanDepot park,id:4169,6,1.0
2025-07-05,777240,5,Progressive Field,id:5,1,0.0
2025-07-05,777241,3289,Citi Field,id:3289,18,1.0
2025-07-06,777205,680,T-Mobile Park,id:680,1,1.0
2025-07-06,777206,22,Dodger Stadium,id:22,6,0.0
2025-07-06,777207,2680,Petco Park,id:2680,5,1.0
2025-07-06,777210,2529,Sutter Health Park,id:2529,8,0.0
2025-07-06,777213,3309,Nationals Park,id:3309,10,0.0
2025-07-06,777214,14,Rogers Centre,id:14,5,1.0
2025-07-06,777215,19,Coors Field,id:19,10,1.0
2025-07-06,777216,3289,Citi Field,id:3289,10,0.0
2025-07-06,777217,2681,Citizens Bank Park,id:2681,4,1.0
2025-07-06,777218,15,Chase Field,id:15,4,0.0
2025-07-06,777219,17,Wrigley Field,id:17,11,1.0
2025-07-06,777220,3312,Target Field,id:3312,12,0.0
2025-07-06,777222,4705,Truist Park,id:4705,3,0.0
2025-07-06,777224,4169,loanDepot park,id:4169,4,0.0
2025-07-06,777226,5,Progressive Field,id:5,9,0.0
2025-07-07,777199,2395,Oracle Park,id:2395,4,1.0
2025-07-07,777200,1,Angel Stadium,id:1,11,1.0
2025-07-07,777201,32,American Family Field,id:32,10,1.0
2025-07-07,777202,2392,Daikin Park,id:2392,12,0.0
2025-07-07,777203,2680,Petco Park,id:2680,9,0.0
2025-07-07,777204,7,Kauffman Stadium,id:7,12,1.0
2025-07-07,777208,2602,Great American Ball Park,id:2602,6,0.0
2025-07-07,777209,3,Fenway Park,id:3,12,1.0
2025-07-07,777211,2394,Comerica Park,id:2394,6,1.0
2025-07-07,777212,4,Rate Field,id:4,12,0.0
2025-07-08,777180,1,Angel Stadium,id:1,14,0.0
2025-07-08,777185,2680,Petco Park,id:2680,1,1.0
2025-07-08,777186,2395,Oracle Park,id:2395,7,1.0
2025-07-08,777187,3313,Yankee Stadium,id:3313,13,1.0
2025-07-08,777188,4,Rate Field,id:4,7,0.0
2025-07-08,777189,2529,Sutter Health Park,id:2529,11,1.0
2025-07-08,777190,3312,Target Field,id:3312,9,1.0
2025-07-08,777191,2889,Busch Stadium,id:2889,6,1.0
2025-07-08,777192,2392,Daikin Park,id:2392,16,0.0
2025-07-08,777193,32,American Family Field,id:32,4,1.0
2025-07-08,777194,7,Kauffman Stadium,id:7,7,1.0
2025-07-08,777195,2394,Comerica Park,id:2394,6,1.0
2025-07-08,777196,3,Fenway Park,id:3,12,1.0
2025-07-08,777197,2602,Great American Ball Park,id:2602,14,0.0
2025-07-08,777198,2,Oriole Park at Camden Yards,id:2,13,0.0
2025-07-09,777162,2680,Petco Park,id:2680,10,0.0
2025-07-09,777163,2395,Oracle Park,id:2395,13,0.0
2025-07-09,777171,1,Angel Stadium,id:1,19,1.0
2025-07-09,777172,4,Rate Field,id:4,3,1.0
2025-07-09,777173,3312,Target Field,id:3312,6,1.0
2025-07-09,777174,2392,Daikin Park,id:2392,6,0.0
2025-07-09,777175,32,American Family Field,id:32,5,1.0
2025-07-09,777176,2529,Sutter Health Park,id:2529,11,0.0
2025-07-09,777177,7,Kauffman Stadium,id:7,7,1.0
2025-07-09,777178,2889,Busch Stadium,id:2889,10,0.0
2025-07-09,777179,3,Fenway Park,id:3,12,1.0
2025-07-09,777182,2394,Comerica Park,id:2394,10,0.0
2025-07-09,777183,2602,Great American Ball Park,id:2602,9,1.0
2025-07-09,777184,3313,Yankee Stadium,id:3313,15,1.0
2025-07-10,777156,2529,Sutter Health Park,id:2529,9,1.0
2025-07-10,777158,2680,Petco Park,id:2680,7,1.0
2025-07-10,777159,1,Angel Stadium,id:1,15,0.0
2025-07-10,777165,2,Oriole Park at Camden Yards,id:2,4,1.0
2025-07-10,777166,3312,Target Field,id:3312,9,0.0
2025-07-10,777167,2889,Busch Stadium,id:2889,9,1.0
2025-07-10,777168,2602,Great American Ball Park,id:2602,6,1.0
2025-07-10,777169,3313,Yankee Stadium,id:3313,11,1.0
2025-07-10,777170,3,Fenway Park,id:3,7,1.0
2025-07-10,777181,2,Oriole Park at Camden Yards,id:2,10,1.0
2025-07-11,777139,2680,Petco Park,id:2680,6,1.0
2025-07-11,777143,2395,Oracle Park,id:2395,15,1.0
2025-07-11,777146,4,Rate Field,id:4,9,1.0
2025-07-11,777147,2889,Busch Stadium,id:2889,11,0.0
2025-07-11,777148,3312,Target Field,id:3312,3,1.0
2025-07-11,777149,32,American Family Field,id:32,11,1.0
2025-07-11,777150,1,Angel Stadium,id:1,11,1.0
2025-07-11,777151,7,Kauffman Stadium,id:7,11,0.0
2025-07-11,777152,2529,Sutter Health Park,id:2529,13,0.0
2025-07-11,777153,3313,Yankee Stadium,id:3313,11,1.0
2025-07-11,777154,2392,Daikin Park,id:2392,10,0.0
2025-07-11,777155,3,Fenway Park,id:3,9,1.0
2025-07-11,777157,2,Oriole Park at Camden Yards,id:2,7,1.0
2025-07-11,777160,2602,Great American Ball Park,id:2602,5,0.0
2025-07-11,777161,2394,Comerica Park,id:2394,15,0.0
2025-07-11,777164,4,Rate Field,id:4,6,0.0
2025-07-12,777126,2680,Petco Park,id:2680,9,1.0
2025-07-12,777127,2395,Oracle Park,id:2395,3,0.0
2025-07-12,777131,1,Angel Stadium,id:1,15,1.0
2025-07-12,777132,2529,Sutter Health Park,id:2529,7,1.0
2025-07-12,777133,2889,Busch Stadium,id:2889,13,0.0
2025-07-12,777134,3312,Target Field,id:3312,16,1.0
2025-07-12,777135,32,American Family Field,id:32,11,1.0
2025-07-12,777136,7,Kauffman Stadium,id:7,4,0.0
2025-07-12,777137,2392,Daikin Park,id:2392,9,1.0
2025-07-12,777138,4,Rate Field,id:4,8,0.0
2025-07-12,777140,2602,Great American Ball Park,id:2602,7,1.0
2025-07-12,777141,2,Oriole Park at Camden Yards,id:2,6,0.0
2025-07-12,777142,3313,Yankee Stadium,id:3313,7,0.0
2025-07-12,777144,3,Fenway Park,id:3,1,1.0
2025-07-12,777145,2394,Comerica Park,id:2394,22,0.0
2025-07-13,777113,3312,Target Field,id:3312,3,0.0
2025-07-13,777115,1,Angel Stadium,id:1,6,0.0
2025-07-13,777116,2529,Sutter Health Park,id:2529,9,1.0
2025-07-13,777117,2680,Petco Park,id:2680,3,0.0
2025-07-13,777118,2889,Busch Stadium,id:2889,9,1.0
2025-07-13,777119,2395,Oracle Park,id:2395,7,0.0
2025-07-13,777120,4,Rate Field,id:4,11,0.0
2025-07-13,777121,2394,Comerica Park,id:2394,12,0.0
2025-07-13,777122,3313,Yankee Stadium,id:3313,5,0.0
2025-07-13,777123,32,American Family Field,id:32,9,1.0
2025-07-13,777124,7,Kauffman Stadium,id:7,5,1.0
2025-07-13,777125,2392,Daikin Park,id:2392,6,0.0
2025-07-13,777128,2602,Great American Ball Park,id:2602,6,1.0
2025-07-13,777129,2,Oriole Park at Camden Yards,id:2,12,0.0
2025-07-13,777130,3,Fenway Park,id:3,5,1.0
2025-07-15,778566,2681,Citizens Bank Park,id:2681,13,1.0
2025-07-18,777098,5325,Globe Life Field,id:5325,2,1.0
2025-07-18,777099,680,T-Mobile Park,id:680,7,1.0
2025-07-18,777100,15,Chase Field,id:15,10,1.0
2025-07-18,777101,17,Wrigley Field,id:17,5,1.0
2025-07-18,777102,19,Coors Field,id:19,10,1.0
2025-07-18,777103,22,Dodger Stadium,id:22,2,0.0
2025-07-18,777105,5,Progressive Field,id:5,14,1.0
2025-07-18,777106,2681,Citizens Bank Park,id:2681,11,0.0
2025-07-18,777107,31,PNC Park,id:31,11,0.0
2025-07-18,777108,14,Rogers Centre,id:14,4,1.0
2025-07-18,777109,4169,loanDepot park,id:4169,15,1.0
2025-07-18,777110,2523,George M. Steinbrenner Field,id:2523,12,1.0
2025-07-18,777111,3289,Citi Field,id:3289,12,0.0
2025-07-18,777112,3309,Nationals Park,id:3309,9,0.0
2025-07-18,777114,4705,Truist Park,id:4705,10,1.0
2025-07-19,777080,19,Coors Field,id:19,16,1.0
2025-07-19,777081,15,Chase Field,id:15,11,1.0
2025-07-19,777085,22,Dodger Stadium,id:22,15,0.0
2025-07-19,777086,680,T-Mobile Park,id:680,13,1.0
2025-07-19,777088,5325,Globe Life Field,id:5325,5,1.0
2025-07-19,777089,2681,Citizens Bank Park,id:2681,14,1.0
2025-07-19,777090,31,PNC Park,id:31,14,0.0
2025-07-19,777091,3309,Nationals Park,id:3309,6,1.0
2025-07-19,777092,3289,Citi Field,id:3289,7,0.0
2025-07-19,777093,4169,loanDepot park,id:4169,4,1.0
2025-07-19,777094,14,Rogers Centre,id:14,9,1.0
2025-07-19,777095,2523,George M. Steinbrenner Field,id:2523,7,1.0
2025-07-19,777096,17,Wrigley Field,id:17,6,1.0
2025-07-19,777097,4705,Truist Park,id:4705,21,0.0
2025-07-19,777104,5,Progressive Field,id:5,10,0.0
2025-07-20,777067,680,T-Mobile Park,id:680,14,0.0
2025-07-20,777070,22,Dodger Stadium,id:22,11,0.0
2025-07-20,777071,15,Chase Field,id:15,8,1.0
2025-07-20,777072,19,Coors Field,id:19,8,0.0
2025-07-20,777073,5325,Globe Life Field,id:5325,3,0.0
2025-07-20,777074,31,PNC Park,id:31,9,0.0
2025-07-20,777075,17,Wrigley Field,id:17,7,0.0
2025-07-20,777076,2523,George M. Steinbrenner Field,id:2523,8,0.0
2025-07-20,777077,3309,Nationals Park,id:3309,9,0.0
2025-07-20,777078,2681,Citizens Bank Park,id:2681,10,0.0
2025-07-20,777079,14,Rogers Centre,id:14,14,1.0
2025-07-20,777082,4169,loanDepot park,id:4169,11,0.0
2025-07-20,777083,4705,Truist Park,id:4705,6,0.0
2025-07-20,777084,5,Progressive Field,id:5,10,1.0
2025-07-20,777087,3289,Citi Field,id:3289,5,1.0
2025-07-21,777050,680,T-Mobile Park,id:680,6,0.0
2025-07-21,777051,22,Dodger Stadium,id:22,7,1.0
2025-07-21,777053,19,Coors Field,id:19,8,0.0
2025-07-21,777055,15,Chase Field,id:15,9,0.0
2025-07-21,777057,5325,Globe Life Field,id:5325,9,1.0
2025-07-21,777059,2523,George M. Steinbrenner Field,id:2523,11,0.0
2025-07-21,777060,31,PNC Park,id:31,3,1.0
2025-07-21,777061,3289,Citi Field,id:3289,12,1.0
2025-07-21,777062,4169,loanDepot park,id:4169,3,0.0
2025-07-21,777063,2681,Citizens Bank Park,id:2681,5,1.0
2025-07-21,777064,3309,Nationals Park,id:3309,18,1.0
2025-07-21,777065,17,Wrigley Field,id:17,16,0.0
2025-07-21,777066,14,Rogers Centre,id:14,5,1.0
2025-07-21,777068,5,Progressive Field,id:5,15,1.0
2025-07-21,777069,4705,Truist Park,id:4705,14,1.0
2025-07-22,777035,680,T-Mobile Park,id:680,1,1.0
2025-07-22,777039,22,Dodger Stadium,id:22,17,0.0
2025-07-22,777040,15,Chase Field,id:15,4,0.0
2025-07-22,777042,3309,Nationals Park,id:3309,7,1.0
2025-07-22,777043,5325,Globe Life Field,id:5325,8,1.0
2025-07-22,777044,31,PNC Park,id:31,13,1.0
2025-07-22,777045,2681,Citizens Bank Park,id:2681,5,1.0
2025-07-22,777046,14,Rogers Centre,id:14,9,0.0
2025-07-22,777047,17,Wrigley Field,id:17,6,1.0
2025-07-22,777048,2523,George M. Steinbrenner Field,id:2523,7,1.0
2025-07-22,777049,19,Coors Field,id:19,12,1.0
2025-07-22,777052,4169,loanDepot park,id:4169,7,1.0
2025-07-22,777054,3289,Citi Field,id:3289,5,1.0
2025-07-22,777056,5,Progressive Field,id:5,9,1.0
2025-07-22,777058,4705,Truist Park,id:4705,9,0.0
2025-07-23,777022,22,Dodger Stadium,id:22,7,1.0
2025-07-23,777024,680,T-Mobile Park,id:680,12,0.0
2025-07-23,777026,3309,Nationals Park,id:3309,5,0.0
2025-07-23,777027,14,Rogers Centre,id:14,12,1.0
2025-07-23,777028,19,Coors Field,id:19,6,1.0
2025-07-23,777029,31,PNC Park,id:31,7,1.0
2025-07-23,777030,2523,George M. Steinbrenner Field,id:2523,20,0.0
2025-07-23,777031,17,Wrigley Field,id:17,12,0.0
2025-07-23,777032,15,Chase Field,id:15,7,0.0
2025-07-23,777033,5325,Globe Life Field,id:5325,3,1.0
2025-07-23,777034,3289,Citi Field,id:3289,9,1.0
2025-07-23,777036,5,Progressive Field,id:5,5,1.0
2025-07-23,777037,4169,loanDepot park,id:4169,5,1.0
2025-07-23,777038,2681,Citizens Bank Park,id:2681,17,0.0
2025-07-23,777041,4705,Truist Park,id:4705,12,0.0
2025-07-24,777018,1,Angel Stadium,id:1,6,0.0
2025-07-24,777019,5,Progressive Field,id:5,7,0.0
2025-07-24,777021,2394,Comerica Park,id:2394,15,0.0
2025-07-24,777023,2889,Busch Stadium,id:2889,16,1.0
2025-07-24,777025,2392,Daikin Park,id:2392,7,0.0
2025-07-25,777004,2395,Oracle Park,id:2395,9,0.0
2025-07-25,777005,2889,Busch Stadium,id:2889,3,1.0
2025-07-25,777006,1,Angel Stadium,id:1,5,1.0
2025-07-25,777007,2392,Daikin Park,id:2392,18,0.0
2025-07-25,777008,32,American Family Field,id:32,6,0.0
2025-07-25,777009,5325,Globe Life Field,id:5325,11,1.0
2025-07-25,777011,3312,Target Field,id:3312,1,1.0
2025-07-25,777012,3,Fenway Park,id:3,7,0.0
2025-07-25,777013,2602,Great American Ball Park,id:2602,9,1.0
2025-07-25,777014,31,PNC Park,id:31,1,0.0
2025-07-25,777015,3313,Yankee Stadium,id:3313,17,0.0
2025-07-25,777016,2394,Comerica Park,id:2394,8,0.0
2025-07-25,777017,4,Rate Field,id:4,17,1.0
2025-07-25,777020,2,Oriole Park at Camden Yards,id:2,11,0.0
2025-07-26,776985,2395,Oracle Park,id:2395,3,0.0
2025-07-26,776990,7,Kauffman Stadium,id:7,10,0.0
2025-07-26,776991,2392,Daikin Park,id:2392,6,0.0
2025-07-26,776992,2889,Busch Stadium,id:2889,4,0.0
2025-07-26,776993,5325,Globe Life Field,id:5325,11,1.0
2025-07-26,776994,4,Rate Field,id:4,7,0.0
2025-07-26,776995,1,Angel Stadium,id:1,9,0.0
2025-07-26,776996,32,American Family Field,id:32,11,0.0
2025-07-26,776997,3312,Target Field,id:3312,12,0.0
2025-07-26,776998,3,Fenway Park,id:3,6,1.0
2025-07-26,776999,2,Oriole Park at Camden Yards,id:2,18,1.0
2025-07-26,777000,2602,Great American Ball Park,id:2602,8,1.0
2025-07-26,777001,3313,Yankee Stadium,id:3313,13,0.0
2025-07-26,777002,31,PNC Park,id:31,2,1.0
2025-07-26,777003,2394,Comerica Park,id:2394,7,0.0
2025-07-26,777010,7,Kauffman Stadium,id:7,8,1.0
2025-07-27,776974,2395,Oracle Park,id:2395,8,0.0
2025-07-27,776975,7,Kauffman Stadium,id:7,5,1.0
2025-07-27,776976,2392,Daikin Park,id:2392,8,0.0
2025-07-27,776977,1,Angel Stadium,id:1,5,1.0
2025-07-27,776978,32,American Family Field,id:32,5,1.0
2025-07-27,776979,3312,Target Field,id:3312,9,0.0
2025-07-27,776980,2889,Busch Stadium,id:2889,11,0.0
2025-07-27,776981,5325,Globe Life Field,id:5325,9,1.0
2025-07-27,776982,2602,Great American Ball Park,id:2602,3,1.0
2025-07-27,776983,3,Fenway Park,id:3,7,1.0
2025-07-27,776984,31,PNC Park,id:31,6,1.0
2025-07-27,776986,2,Oriole Park at Camden Yards,id:2,6,1.0
2025-07-27,776987,2394,Comerica Park,id:2394,14,1.0
2025-07-27,776988,3313,Yankee Stadium,id:3313,7,1.0
2025-07-27,776989,4,Rate Field,id:4,9,0.0
2025-07-28,776957,2529,Sutter Health Park,id:2529,4,0.0
2025-07-28,776958,1,Angel Stadium,id:1,10,1.0
2025-07-28,776959,2680,Petco Park,id:2680,13,1.0
2025-07-28,776960,2889,Busch Stadium,id:2889,8,1.0
2025-07-28,776961,3312,Target Field,id:3312,9,1.0
2025-07-28,776964,2395,Oracle Park,id:2395,11,0.0
2025-07-28,776965,32,American Family Field,id:32,12,1.0
2025-07-28,776966,2,Oriole Park at Camden Yards,id:2,15,1.0
2025-07-28,776967,2602,Great American Ball Park,id:2602,7,0.0
2025-07-28,776968,5,Progressive Field,id:5,14,0.0
2025-07-28,776969,2392,Daikin Park,id:2392,3,0.0
2025-07-28,776970,3313,Yankee Stadium,id:3313,6,0.0
2025-07-28,776971,7,Kauffman Stadium,id:7,17,0.0
2025-07-28,776972,4,Rate Field,id:4,8,1.0
2025-07-28,776973,2394,Comerica Park,id:2394,6,1.0
2025-07-29,776943,2395,Oracle Park,id:2395,4,0.0
2025-07-29,776944,2529,Sutter Health Park,id:2529,7,1.0
2025-07-29,776945,1,Angel Stadium,id:1,13,1.0
2025-07-29,776946,2889,Busch Stadium,id:2889,5,0.0
2025-07-29,776947,2680,Petco Park,id:2680,8,1.0
2025-07-29,776949,3313,Yankee Stadium,id:3313,12,1.0
2025-07-29,776950,2392,Daikin Park,id:2392,11,1.0
2025-07-29,776951,5,Progressive Field,id:5,14,1.0
2025-07-29,776952,4,Rate Field,id:4,9,0.0
2025-07-29,776953,2394,Comerica Park,id:2394,14,1.0
2025-07-29,776954,3312,Target Field,id:3312,13,0.0
2025-07-29,776955,7,Kauffman Stadium,id:7,15,1.0
2025-07-29,776956,32,American Family Field,id:32,12,1.0
2025-07-29,776962,2,Oriole Park at Camden Yards,id:2,5,1.0
2025-07-29,776963,2602,Great American Ball Park,id:2602,9,0.0
2025-07-29,778372,2,Oriole Park at Camden Yards,id:2,20,1.0
2025-07-30,776929,32,American Family Field,id:32,13,0.0
2025-07-30,776930,2529,Sutter Health Park,id:2529,9,1.0
2025-07-30,776931,2680,Petco Park,id:2680,5,1.0
2025-07-30,776932,1,Angel Stadium,id:1,9,0.0
2025-07-30,776933,2395,Oracle Park,id:2395,3,0.0
2025-07-30,776934,2889,Busch Stadium,id:2889,2,0.0
2025-07-30,776935,3312,Target Field,id:3312,14,0.0
2025-07-30,776936,7,Kauffman Stadium,id:7,1,1.0
2025-07-30,776937,2392,Daikin Park,id:2392,10,1.0
2025-07-30,776938,3313,Yankee Stadium,id:3313,9,1.0
2025-07-30,776939,4,Rate Field,id:4,12,1.0
2025-07-30,776940,2394,Comerica Park,id:2394,9,1.0
2025-07-30,776941,2602,Great American Ball Park,id:2602,7,1.0
2025-07-30,776942,5,Progressive Field,id:5,5,1.0
2025-07-30,776948,2,Oriole Park at Camden Yards,id:2,17,0.0
2025-07-31,776923,680,T-Mobile Park,id:680,6,1.0
2025-07-31,776927,3313,Yankee Stadium,id:3313,11,1.0
2025-07-31,776928,2602,Great American Ball Park,id:2602,23,0.0
2025-08-01,776906,2680,Petco Park,id:2680,5,1.0
2025-08-01,776908,680,T-Mobile Park,id:680,7,1.0
2025-08-01,776913,2681,Citizens Bank Park,id:2681,9,1.0
2025-08-01,776914,2529,Sutter Health Park,id:2529,6,1.0
2025-08-01,776915,17,Wrigley Field,id:17,1,1.0
2025-08-01,776916,1,Angel Stadium,id:1,9,0.0
2025-08-01,776917,3309,Nationals Park,id:3309,25,0.0
2025-08-01,776918,2523,George M. Steinbrenner Field,id:2523,5,0.0
2025-08-01,776919,19,Coors Field,id:19,33,1.0
2025-08-01,776920,14,Rogers Centre,id:14,12,0.0
2025-08-01,776921,2602,Great American Ball Park,id:2602,5,1.0
2025-08-01,776922,3,Fenway Park,id:3,3,1.0
2025-08-01,776924,5,Progressive Field,id:5,5,1.0
2025-08-01,776925,4169,loanDepot park,id:4169,25,1.0
2025-08-01,776926,3289,Citi Field,id:3289,7,0.0
2025-08-02,776896,2680,Petco Park,id:2680,13,0.0
2025-08-02,776897,680,T-Mobile Park,id:680,10,0.0
2025-08-02,776898,1,Angel Stadium,id:1,1,0.0
2025-08-02,776899,2529,Sutter Health Park,id:2529,9,0.0
2025-08-02,776900,14,Rogers Centre,id:14,6,1.0
2025-08-02,776901,2523,George M. Steinbrenner Field,id:2523,4,1.0
2025-08-02,776902,17,Wrigley Field,id:17,7,0.0
2025-08-02,776903,3309,Nationals Park,id:3309,10,0.0
2025-08-02,776904,19,Coors Field,id:19,13,1.0
2025-08-02,776905,5,Progressive Field,id:5,9,1.0
2025-08-02,776909,3,Fenway Park,id:3,10,1.0
2025-08-02,776910,4169,loanDepot park,id:4169,2,1.0
2025-08-02,776911,3289,Citi Field,id:3289,18,1.0
2025-08-02,776912,2681,Citizens Bank Park,id:2681,12,0.0
2025-08-03,776881,2529,Sutter Health Park,id:2529,10,0.0
2025-08-03,776883,680,T-Mobile Park,id:680,9,1.0
2025-08-03,776884,2680,Petco Park,id:2680,10,1.0
2025-08-03,776885,1,Angel Stadium,id:1,13,1.0
2025-08-03,776886,19,Coors Field,id:19,14,0.0
2025-08-03,776887,3289,Citi Field,id:3289,16,0.0
2025-08-03,776888,17,Wrigley Field,id:17,8,1.0
2025-08-03,776889,2523,George M. Steinbrenner Field,id:2523,3,0.0
2025-08-03,776890,2681,Citizens Bank Park,id:2681,2,1.0
2025-08-03,776891,4169,loanDepot park,id:4169,10,1.0
2025-08-03,776892,5,Progressive Field,id:5,9,0.0
2025-08-03,776893,14,Rogers Centre,id:14,11,0.0
2025-08-03,776894,3309,Nationals Park,id:3309,17,0.0
2025-08-03,776895,3,Fenway Park,id:3,7,1.0
2025-08-03,776907,2602,Great American Ball Park,id:2602,6,0.0
2025-08-04,776867,1,Angel Stadium,id:1,6,1.0
2025-08-04,776870,22,Dodger Stadium,id:22,5,0.0
2025-08-04,776871,5325,Globe Life Field,id:5325,13,1.0
2025-08-04,776872,19,Coors Field,id:19,16,0.0
2025-08-04,776873,15,Chase Field,id:15,8,1.0
2025-08-04,776874,2394,Comerica Park,id:2394,9,1.0
2025-08-04,776875,4169,loanDepot park,id:4169,10,0.0
2025-08-04,776876,3289,Citi Field,id:3289,13,0.0
2025-08-04,776877,2681,Citizens Bank Park,id:2681,16,1.0
2025-08-04,776878,17,Wrigley Field,id:17,5,0.0
2025-08-04,776879,31,PNC Park,id:31,9,1.0
2025-08-04,776880,3,Fenway Park,id:3,13,1.0
2025-08-04,776882,4705,Truist Park,id:4705,4,0.0
2025-08-05,776848,1,Angel Stadium,id:1,10,0.0
2025-08-05,776852,15,Chase Field,id:15,15,0.0
2025-08-05,776854,19,Coors Field,id:19,14,0.0
2025-08-05,776855,5325,Globe Life Field,id:5325,2,1.0
2025-08-05,776857,680,T-Mobile Park,id:680,11,1.0
2025-08-05,776858,22,Dodger Stadium,id:22,18,1.0
2025-08-05,776860,17,Wrigley Field,id:17,6,0.0
2025-08-05,776861,2394,Comerica Park,id:2394,9,0.0
2025-08-05,776862,4169,loanDepot park,id:4169,10,0.0
2025-08-05,776863,3289,Citi Field,id:3289,5,0.0
2025-08-05,776864,3,Fenway Park,id:3,8,1.0
2025-08-05,776865,3309,Nationals Park,id:3309,23,0.0
2025-08-05,776866,31,PNC Park,id:31,9,0.0
2025-08-05,776868,2681,Citizens Bank Park,id:2681,5,1.0
2025-08-05,776869,4705,Truist Park,id:4705,9,0.0
2025-08-06,776836,19,Coors Field,id:19,21,0.0
2025-08-06,776838,15,Chase Field,id:15,5,0.0
2025-08-06,776839,22,Dodger Stadium,id:22,8,0.0
2025-08-06,776841,680,T-Mobile Park,id:680,14,1.0
2025-08-06,776843,1,Angel Stadium,id:1,9,0.0
2025-08-06,776844,31,PNC Park,id:31,6,0.0
2025-08-06,776845,5325,Globe Life Field,id:5325,5,0.0
2025-08-06,776846,3289,Citi Field,id:3289,5,0.0
2025-08-06,776847,17,Wrigley Field,id:17,7,1.0
2025-08-06,776849,4169,loanDepot park,id:4169,10,1.0
2025-08-06,776850,3309,Nationals Park,id:3309,3,1.0
2025-08-06,776851,2681,Citizens Bank Park,id:2681,6,0.0
2025-08-06,776853,4705,Truist Park,id:4705,9,0.0
2025-08-06,776856,3,Fenway Park,id:3,10,0.0
2025-08-06,776859,2394,Comerica Park,id:2394,13,0.0
2025-08-07,776830,680,T-Mobile Park,id:680,7,1.0
2025-08-07,776837,3309,Nationals Park,id:3309,6,0.0
2025-08-07,776840,31,PNC Park,id:31,7,1.0
2025-08-07,776842,4705,Truist Park,id:4705,14,1.0
2025-08-08,776820,2680,Petco Park,id:2680,12,0.0
2025-08-08,776821,5325,Globe Life Field,id:5325,10,0.0
2025-08-08,776822,2395,Oracle Park,id:2395,5,1.0
2025-08-08,776823,22,Dodger Stadium,id:22,6,1.0
2025-08-08,776824,680,T-Mobile Park,id:680,5,1.0
2025-08-08,776825,15,Chase Field,id:15,7,1.0
2025-08-08,776826,2889,Busch Stadium,id:2889,5,1.0
2025-08-08,776827,3312,Target Field,id:3312,13,1.0
2025-08-08,776828,32,American Family Field,id:32,5,1.0
2025-08-08,776829,31,PNC Park,id:31,5,1.0
2025-08-08,776831,2,Oriole Park at Camden Yards,id:2,5,1.0
2025-08-08,776832,2394,Comerica Park,id:2394,11,1.0
2025-08-08,776833,4,Rate Field,id:4,14,0.0
2025-08-08,776834,4705,Truist Park,id:4705,6,0.0
2025-08-08,776835,3313,Yankee Stadium,id:3313,8,0.0
2025-08-09,776802,2395,Oracle Park,id:2395,6,0.0
2025-08-09,776805,680,T-Mobile Park,id:680,11,1.0
2025-08-09,776807,2680,Petco Park,id:2680,9,1.0
2025-08-09,776808,22,Dodger Stadium,id:22,10,1.0
2025-08-09,776809,15,Chase Field,id:15,11,1.0
2025-08-09,776810,5325,Globe Life Field,id:5325,5,0.0
2025-08-09,776811,2,Oriole Park at Camden Yards,id:2,14,0.0
2025-08-09,776812,31,PNC Park,id:31,3,0.0
2025-08-09,776813,2394,Comerica Park,id:2394,11,0.0
2025-08-09,776814,4,Rate Field,id:4,4,0.0
2025-08-09,776815,3313,Yankee Stadium,id:3313,9,1.0
2025-08-09,776816,3312,Target Field,id:3312,2,0.0
2025-08-09,776817,32,American Family Field,id:32,11,1.0
2025-08-09,776818,2889,Busch Stadium,id:2889,10,0.0
2025-08-09,776819,4705,Truist Park,id:4705,14,1.0
2025-08-09,778431,4705,Truist Park,id:4705,8,1.0
2025-08-10,776788,22,Dodger Stadium,id:22,9,0.0
2025-08-10,776789,2680,Petco Park,id:2680,8,1.0
2025-08-10,776791,680,T-Mobile Park,id:680,9,1.0
2025-08-10,776793,2395,Oracle Park,id:2395,8,0.0
2025-08-10,776794,15,Chase Field,id:15,19,1.0
2025-08-10,776795,2889,Busch Stadium,id:2889,5,1.0
2025-08-10,776796,3312,Target Field,id:3312,8,1.0
2025-08-10,776797,3313,Yankee Stadium,id:3313,8,0.0
2025-08-10,776798,4,Rate Field,id:4,10,1.0
2025-08-10,776799,32,American Family Field,id:32,13,1.0
2025-08-10,776800,5325,Globe Life Field,id:5325,6,0.0
2025-08-10,776801,31,PNC Park,id:31,22,0.0
2025-08-10,776803,4705,Truist Park,id:4705,8,1.0
2025-08-10,776804,2,Oriole Park at Camden Yards,id:2,5,0.0
2025-08-10,776806,2394,Comerica Park,id:2394,14,1.0
2025-08-11,776779,1,Angel Stadium,id:1,11,1.0
2025-08-11,776780,2395,Oracle Park,id:2395,5,0.0
2025-08-11,776781,4,Rate Field,id:4,3,0.0
2025-08-11,776782,2392,Daikin Park,id:2392,13,1.0
2025-08-11,776783,2889,Busch Stadium,id:2889,5,1.0
2025-08-11,776784,7,Kauffman Stadium,id:7,11,1.0
2025-08-11,776785,5325,Globe Life Field,id:5325,13,1.0
2025-08-11,776786,32,American Family Field,id:32,8,1.0
2025-08-11,776787,2529,Sutter Health Park,id:2529,11,0.0
2025-08-11,776790,3313,Yankee Stadium,id:3313,8,1.0
2025-08-11,776792,2602,Great American Ball Park,id:2602,5,0.0
2025-08-12,776762,2529,Sutter Health Park,id:2529,6,1.0
2025-08-12,776763,1,Angel Stadium,id:1,13,1.0
2025-08-12,776764,5325,Globe Life Field,id:5325,5,0.0
2025-08-12,776767,2395,Oracle Park,id:2395,6,0.0
2025-08-12,776768,14,Rogers Centre,id:14,6,1.0
2025-08-12,776769,2392,Daikin Park,id:2392,15,0.0
2025-08-12,776770,7,Kauffman Stadium,id:7,13,1.0
2025-08-12,776771,32,American Family Field,id:32,14,1.0
2025-08-12,776772,3289,Citi Field,id:3289,18,1.0
2025-08-12,776773,4,Rate Field,id:4,15,1.0
2025-08-12,776774,3313,Yankee Stadium,id:3313,10,1.0
2025-08-12,776775,2889,Busch Stadium,id:2889,3,0.0
2025-08-12,776776,2,Oriole Park at Camden Yards,id:2,1,0.0
2025-08-12,776777,2602,Great American Ball Park,id:2602,7,1.0
2025-08-12,776778,5,Progressive Field,id:5,7,1.0
2025-08-13,776746,5325,Globe Life Field,id:5325,10,0.0
2025-08-13,776749,2395,Oracle Park,id:2395,12,0.0
2025-08-13,776751,2529,Sutter Health Park,id:2529,10,0.0
2025-08-13,776752,1,Angel Stadium,id:1,11,1.0
2025-08-13,776753,2392,Daikin Park,id:2392,5,1.0
2025-08-13,776754,4,Rate Field,id:4,1,0.0
2025-08-13,776755,32,American Family Field,id:32,17,1.0
2025-08-13,776756,3289,Citi Field,id:3289,17,0.0
2025-08-13,776757,14,Rogers Centre,id:14,5,0.0
2025-08-13,776758,2889,Busch Stadium,id:2889,11,0.0
2025-08-13,776759,7,Kauffman Stadium,id:7,15,0.0
2025-08-13,776760,3313,Yankee Stadium,id:3313,5,0.0
2025-08-13,776761,2,Oriole Park at Camden Yards,id:2,7,1.0
2025-08-13,776765,2602,Great American Ball Park,id:2602,8,1.0
2025-08-13,776766,5,Progressive Field,id:5,17,0.0
2025-08-14,776742,19,Coors Field,id:19,10,0.0
2025-08-14,776743,3309,Nationals Park,id:3309,5,1.0
2025-08-14,776744,3312,Target Field,id:3312,7,0.0
2025-08-14,776745,5,Progressive Field,id:5,13,1.0
2025-08-14,776747,14,Rogers Centre,id:14,3,1.0
2025-08-14,776748,3289,Citi Field,id:3289,7,0.0
2025-08-14,776750,2,Oriole Park at Camden Yards,id:2,8,1.0
2025-08-15,776727,22,Dodger Stadium,id:22,5,1.0
2025-08-15,776728,7,Kauffman Stadium,id:7,4,1.0
2025-08-15,776729,2395,Oracle Park,id:2395,13,0.0
2025-08-15,776730,19,Coors Field,id:19,7,1.0
2025-08-15,776731,2889,Busch Stadium,id:2889,7,0.0
2025-08-15,776732,3312,Target Field,id:3312,7,0.0
2025-08-15,776733,2392,Daikin Park,id:2392,7,0.0
2025-08-15,776734,2529,Sutter Health Park,id:2529,13,1.0
2025-08-15,776735,14,Rogers Centre,id:14,11,1.0
2025-08-15,776736,3289,Citi Field,id:3289,20,0.0
2025-08-15,776737,17,Wrigley Field,id:17,5,0.0
2025-08-15,776738,5,Progressive Field,id:5,2,0.0
2025-08-15,776739,3309,Nationals Park,id:3309,8,0.0
2025-08-15,776740,2602,Great American Ball Park,id:2602,18,0.0
2025-08-15,776741,3,Fenway Park,id:3,3,1.0
2025-08-16,776711,2395,Oracle Park,id:2395,3,0.0
2025-08-16,776712,7,Kauffman Stadium,id:7,8,1.0
2025-08-16,776713,2889,Busch Stadium,id:2889,20,0.0
2025-08-16,776715,19,Coors Field,id:19,17,1.0
2025-08-16,776716,3312,Target Field,id:3312,13,0.0
2025-08-16,776717,22,Dodger Stadium,id:22,6,1.0
2025-08-16,776718,2529,Sutter Health Park,id:2529,9,1.0
2025-08-16,776719,17,Wrigley Field,id:17,4,1.0
2025-08-16,776720,5,Progressive Field,id:5,11,0.0
2025-08-16,776721,2602,Great American Ball Park,id:2602,11,0.0
2025-08-16,776722,2392,Daikin Park,id:2392,9,1.0
2025-08-16,776723,14,Rogers Centre,id:14,16,1.0
2025-08-16,776724,3,Fenway Park,id:3,12,1.0
2025-08-16,776725,3309,Nationals Park,id:3309,2,1.0
2025-08-16,776726,3289,Citi Field,id:3289,4,1.0
2025-08-17,776697,22,Dodger Stadium,id:22,9,1.0
2025-08-17,776698,2889,Busch Stadium,id:2889,12,0.0
2025-08-17,776699,2529,Sutter Health Park,id:2529,16,0.0
2025-08-17,776700,3312,Target Field,id:3312,9,1.0
2025-08-17,776701,19,Coors Field,id:19,11,1.0
2025-08-17,776702,7,Kauffman Stadium,id:7,8,1.0
2025-08-17,776703,2395,Oracle Park,id:2395,8,1.0
2025-08-17,776704,17,Wrigley Field,id:17,7,1.0
2025-08-17,776705,2392,Daikin Park,id:2392,12,0.0
2025-08-17,776706,5,Progressive Field,id:5,9,0.0
2025-08-17,776707,3289,Citi Field,id:3289,10,1.0
2025-08-17,776708,3309,Nationals Park,id:3309,20,0.0
2025-08-17,776709,2602,Great American Ball Park,id:2602,5,1.0
2025-08-17,776710,14,Rogers Centre,id:14,14,0.0
2025-08-17,776714,3,Fenway Park,id:3,8,0.0
2025-08-18,776681,1,Angel Stadium,id:1,5,0.0
2025-08-18,776682,15,Chase Field,id:15,4,0.0
2025-08-18,776683,2680,Petco Park,id:2680,7,0.0
2025-08-18,776688,4169,loanDepot park,id:4169,11,0.0
2025-08-18,776689,2681,Citizens Bank Park,id:2681,19,1.0
2025-08-18,776690,7,Kauffman Stadium,id:7,7,1.0
2025-08-18,776692,2394,Comerica Park,id:2394,10,1.0
2025-08-18,776693,19,Coors Field,id:19,7,1.0
2025-08-18,776694,31,PNC Park,id:31,7,1.0
2025-08-18,776695,3,Fenway Park,id:3,9,0.0
2025-08-18,776696,4705,Truist Park,id:4705,22,0.0
2025-08-18,777459,17,Wrigley Field,id:17,7,0.0
2025-08-19,776667,2680,Petco Park,id:2680,6,1.0
2025-08-19,776668,1,Angel Stadium,id:1,10,0.0
2025-08-19,776671,19,Coors Field,id:19,15,0.0
2025-08-19,776672,15,Chase Field,id:15,11,1.0
2025-08-19,776674,3312,Target Field,id:3312,9,0.0
2025-08-19,776675,7,Kauffman Stadium,id:7,7,1.0
2025-08-19,776676,17,Wrigley Field,id:17,5,1.0
2025-08-19,776677,2523,George M. Steinbrenner Field,id:2523,16,0.0
2025-08-19,776678,3309,Nationals Park,id:3309,9,0.0
2025-08-19,776679,31,PNC Park,id:31,10,0.0
2025-08-19,776680,2681,Citizens Bank Park,id:2681,10,1.0
2025-08-19,776684,3,Fenway Park,id:3,7,0.0
2025-08-19,776685,2394,Comerica Park,id:2394,1,1.0
2025-08-19,776686,4169,loanDepot park,id:4169,11,0.0
2025-08-19,776687,4705,Truist Park,id:4705,21,1.0
2025-08-19,776691,17,Wrigley Field,id:17,10,1.0
2025-08-20,776652,1,Angel Stadium,id:1,3,1.0
2025-08-20,776656,2680,Petco Park,id:2680,9,1.0
2025-08-20,776658,15,Chase Field,id:15,5,1.0
2025-08-20,776659,3309,Nationals Park,id:3309,9,1.0
2025-08-20,776660,19,Coors Field,id:19,11,1.0
2025-08-20,776661,31,PNC Park,id:31,3,1.0
2025-08-20,776662,2681,Citizens Bank Park,id:2681,13,1.0
2025-08-20,776663,17,Wrigley Field,id:17,7,1.0
2025-08-20,776664,2523,George M. Steinbrenner Field,id:2523,10,0.0
2025-08-20,776665,3312,Target Field,id:3312,6,0.0
2025-08-20,776666,7,Kauffman Stadium,id:7,9,0.0
2025-08-20,776669,4705,Truist Park,id:4705,1,1.0
2025-08-20,776670,4169,loanDepot park,id:4169,8,1.0
2025-08-20,776673,2394,Comerica Park,id:2394,9,1.0
2025-08-21,776631,2523,George M. Steinbrenner Field,id:2523,11,0.0
2025-08-21,776642,2680,Petco Park,id:2680,12,1.0
2025-08-21,776644,19,Coors Field,id:19,14,0.0
2025-08-21,776650,3309,Nationals Park,id:3309,12,1.0
2025-08-21,776651,17,Wrigley Field,id:17,5,0.0
2025-08-21,776653,3312,Target Field,id:3312,11,0.0
2025-08-21,776654,3313,Yankee Stadium,id:3313,9,0.0
2025-08-21,776655,2,Oriole Park at Camden Yards,id:2,9,0.0
2025-08-21,776657,7,Kauffman Stadium,id:7,10,1.0
2025-08-22,776633,2523,George M. Steinbrenner Field,id:2523,16,1.0
2025-08-22,776634,32,American Family Field,id:32,9,1.0
2025-08-22,776635,15,Chase Field,id:15,11,1.0
2025-08-22,776636,2680,Petco Park,id:2680,3,1.0
2025-08-22,776637,31,PNC Park,id:31,9,1.0
2025-08-22,776638,680,T-Mobile Park,id:680,5,1.0
2025-08-22,776639,4,Rate Field,id:4,16,0.0
2025-08-22,776640,1,Angel Stadium,id:1,5,0.0
2025-08-22,776641,5325,Globe Life Field,id:5325,7,1.0
2025-08-22,776643,2,Oriole Park at Camden Yards,id:2,17,0.0
2025-08-22,776645,4705,Truist Park,id:4705,19,0.0
2025-08-22,776646,4169,loanDepot park,id:4169,7,0.0
2025-08-22,776647,3313,Yankee Stadium,id:3313,1,0.0
2025-08-22,776648,2681,Citizens Bank Park,id:2681,9,0.0
2025-08-22,776649,2394,Comerica Park,id:2394,12,1.0
2025-08-23,776617,2680,Petco Park,id:2680,6,1.0
2025-08-23,776618,1,Angel Stadium,id:1,13,0.0
2025-08-23,776619,4,Rate Field,id:4,10,1.0
2025-08-23,776620,680,T-Mobile Park,id:680,3,0.0
2025-08-23,776621,32,American Family Field,id:32,8,0.0
2025-08-23,776622,15,Chase Field,id:15,11,1.0
2025-08-23,776623,5325,Globe Life Field,id:5325,10,1.0
2025-08-23,776625,2394,Comerica Park,id:2394,6,1.0
2025-08-23,776626,4705,Truist Park,id:4705,11,0.0
2025-08-23,776627,3313,Yankee Stadium,id:3313,13,0.0
2025-08-23,776628,2681,Citizens Bank Park,id:2681,10,1.0
2025-08-23,776629,2,Oriole Park at Camden Yards,id:2,17,0.0
2025-08-23,776630,4169,loanDepot park,id:4169,13,0.0
2025-08-23,776632,31,PNC Park,id:31,6,1.0
2025-08-24,776602,680,T-Mobile Park,id:680,15,1.0
2025-08-24,776603,2680,Petco Park,id:2680,10,0.0
2025-08-24,776605,1,Angel Stadium,id:1,7,0.0
2025-08-24,776606,2523,George M. Steinbrenner Field,id:2523,9,1.0
2025-08-24,776607,4,Rate Field,id:4,8,1.0
2025-08-24,776608,32,American Family Field,id:32,7,0.0
2025-08-24,776609,15,Chase Field,id:15,7,0.0
2025-08-24,776610,31,PNC Park,id:31,4,1.0
2025-08-24,776611,5325,Globe Life Field,id:5325,5,1.0
2025-08-24,776612,2,Oriole Park at Camden Yards,id:2,5,1.0
2025-08-24,776613,2681,Citizens Bank Park,id:2681,5,1.0
2025-08-24,776614,4169,loanDepot park,id:4169,8,1.0
2025-08-24,776615,2394,Comerica Park,id:2394,18,0.0
2025-08-24,776616,3313,Yankee Stadium,id:3313,9,1.0
2025-08-24,776624,4705,Truist Park,id:4705,7,1.0
2025-08-25,776589,2889,Busch Stadium,id:2889,13,1.0
2025-08-25,776590,2529,Sutter Health Park,id:2529,11,1.0
2025-08-25,776592,5325,Globe Life Field,id:5325,4,0.0
2025-08-25,776593,32,American Family Field,id:32,12,1.0
2025-08-25,776594,22,Dodger Stadium,id:22,7,1.0
2025-08-25,776595,680,T-Mobile Park,id:680,15,1.0
2025-08-25,776596,14,Rogers Centre,id:14,14,1.0
2025-08-25,776597,3313,Yankee Stadium,id:3313,15,1.0
2025-08-25,776598,3289,Citi Field,id:3289,16,1.0
2025-08-25,776599,4,Rate Field,id:4,7,1.0
2025-08-25,776600,4169,loanDepot park,id:4169,3,1.0
2025-08-25,776601,5,Progressive Field,id:5,9,0.0
2025-08-25,776604,2,Oriole Park at Camden Yards,id:2,7,0.0
2025-08-26,776573,2529,Sutter Health Park,id:2529,13,1.0
2025-08-26,776574,22,Dodger Stadium,id:22,9,1.0
2025-08-26,776575,5325,Globe Life Field,id:5325,10,1.0
2025-08-26,776576,2395,Oracle Park,id:2395,7,1.0
2025-08-26,776577,680,T-Mobile Park,id:680,13,0.0
2025-08-26,776578,2889,Busch Stadium,id:2889,11,0.0
2025-08-26,776581,4169,loanDepot park,id:4169,13,0.0
2025-08-26,776582,14,Rogers Centre,id:14,12,0.0
2025-08-26,776583,4,Rate Field,id:4,9,0.0
2025-08-26,776584,5,Progressive Field,id:5,3,1.0
2025-08-26,776585,3289,Citi Field,id:3289,11,1.0
2025-08-26,776586,32,American Family Field,id:32,17,1.0
2025-08-26,776587,2392,Daikin Park,id:2392,7,0.0
2025-08-26,776588,3313,Yankee Stadium,id:3313,6,1.0
2025-08-26,776591,2,Oriole Park at Camden Yards,id:2,5,0.0
2025-08-27,776557,2395,Oracle Park,id:2395,15,1.0
2025-08-27,776559,2529,Sutter Health Park,id:2529,7,1.0
2025-08-27,776561,680,T-Mobile Park,id:680,7,1.0
2025-08-27,776562,22,Dodger Stadium,id:22,6,1.0
2025-08-27,776563,5325,Globe Life Field,id:5325,23,1.0
2025-08-27,776565,4169,loanDepot park,id:4169,13,0.0
2025-08-27,776566,3289,Citi Field,id:3289,6,1.0
2025-08-27,776567,14,Rogers Centre,id:14,17,1.0
2025-08-27,776568,2889,Busch Stadium,id:2889,3,0.0
2025-08-27,776569,4,Rate Field,id:4,13,0.0
2025-08-27,776570,3313,Yankee Stadium,id:3313,13,1.0
2025-08-27,776571,2392,Daikin Park,id:2392,4,1.0
2025-08-27,776572,32,American Family Field,id:32,5,0.0
2025-08-27,776579,2,Oriole Park at Camden Yards,id:2,5,0.0
2025-08-27,776580,5,Progressive Field,id:5,7,1.0
2025-08-28,776550,2395,Oracle Park,id:2395,7,1.0
2025-08-28,776553,32,American Family Field,id:32,10,0.0
2025-08-28,776554,2889,Busch Stadium,id:2889,5,1.0
2025-08-28,776555,2392,Daikin Park,id:2392,7,1.0
2025-08-28,776556,4,Rate Field,id:4,14,0.0
2025-08-28,776558,3289,Citi Field,id:3289,11,0.0
2025-08-28,776560,2681,Citizens Bank Park,id:2681,23,1.0
2025-08-28,776564,2,Oriole Park at Camden Yards,id:2,5,0.0
2025-08-29,776533,2395,Oracle Park,id:2395,23,1.0
2025-08-29,776534,22,Dodger Stadium,id:22,3,0.0
2025-08-29,776538,2529,Sutter Health Park,id:2529,7,0.0
2025-08-29,776540,7,Kauffman Stadium,id:7,8,0.0
2025-08-29,776541,3312,Target Field,id:3312,11,1.0
2025-08-29,776542,19,Coors Field,id:19,18,0.0
2025-08-29,776543,2392,Daikin Park,id:2392,2,1.0
2025-08-29,776544,4,Rate Field,id:4,12,0.0
2025-08-29,776545,3309,Nationals Park,id:3309,5,0.0
2025-08-29,776546,14,Rogers Centre,id:14,9,0.0
2025-08-29,776547,5,Progressive Field,id:5,9,1.0
2025-08-29,776548,3289,Citi Field,id:3289,28,1.0
2025-08-29,776549,3,Fenway Park,id:3,6,0.0
2025-08-29,776551,2602,Great American Ball Park,id:2602,12,0.0
2025-08-29,776552,2681,Citizens Bank Park,id:2681,3,1.0
2025-08-30,776516,2395,Oracle Park,id:2395,12,0.0
2025-08-30,776523,22,Dodger Stadium,id:22,7,0.0
2025-08-30,776524,2529,Sutter Health Park,id:2529,12,0.0
2025-08-30,776525,3309,Nationals Park,id:3309,5,0.0
2025-08-30,776526,19,Coors Field,id:19,7,0.0
2025-08-30,776527,14,Rogers Centre,id:14,5,0.0
2025-08-30,776528,7,Kauffman Stadium,id:7,4,1.0
2025-08-30,776529,4,Rate Field,id:4,8,0.0
2025-08-30,776530,3312,Target Field,id:3312,15,0.0
2025-08-30,776531,2392,Daikin Park,id:2392,5,0.0
2025-08-30,776532,2681,Citizens Bank Park,id:2681,5,1.0
2025-08-30,776535,3289,Citi Field,id:3289,19,0.0
2025-08-30,776536,2602,Great American Ball Park,id:2602,6,0.0
2025-08-30,776537,5,Progressive Field,id:5,7,1.0
2025-08-30,776539,3,Fenway Park,id:3,13,0.0
2025-08-31,776507,2395,Oracle Park,id:2395,15,1.0
2025-08-31,776508,2529,Sutter Health Park,id:2529,15,0.0
2025-08-31,776509,22,Dodger Stadium,id:22,9,1.0
2025-08-31,776510,2392,Daikin Park,id:2392,3,0.0
2025-08-31,776511,19,Coors Field,id:19,11,1.0
2025-08-31,776512,7,Kauffman Stadium,id:7,5,0.0
2025-08-31,776513,3312,Target Field,id:3312,9,1.0
2025-08-31,776514,4,Rate Field,id:4,5,1.0
2025-08-31,776515,14,Rogers Centre,id:14,12,1.0
2025-08-31,776517,3,Fenway Park,id:3,7,1.0
2025-08-31,776518,2602,Great American Ball Park,id:2602,11,1.0
2025-08-31,776519,3289,Citi Field,id:3289,6,0.0
2025-08-31,776520,3309,Nationals Park,id:3309,11,0.0
2025-08-31,776521,5,Progressive Field,id:5,6,0.0
2025-08-31,776522,2681,Citizens Bank Park,id:2681,4,0.0
2025-09-01,776492,19,Coors Field,id:19,10,0.0
2025-09-01,776494,2680,Petco Park,id:2680,7,0.0
2025-09-01,776495,15,Chase Field,id:15,12,0.0
2025-09-01,776497,2889,Busch Stadium,id:2889,14,0.0
2025-09-01,776498,3309,Nationals Park,id:3309,2,1.0
2025-09-01,776499,2392,Daikin Park,id:2392,11,1.0
2025-09-01,776500,32,American Family Field,id:32,18,0.0
2025-09-01,776501,2394,Comerica Park,id:2394,18,0.0
2025-09-01,776502,3312,Target Field,id:3312,11,0.0
2025-09-01,776503,2602,Great American Ball Park,id:2602,9,1.0
2025-09-01,776504,2523,George M. Steinbrenner Field,id:2523,12,1.0
2025-09-01,776505,3,Fenway Park,id:3,10,1.0
2025-09-01,776506,17,Wrigley Field,id:17,13,1.0
2025-09-02,776480,2680,Petco Park,id:2680,8,0.0
2025-09-02,776481,15,Chase Field,id:15,8,1.0
2025-09-02,776482,3309,Nationals Park,id:3309,7,1.0
2025-09-02,776483,2889,Busch Stadium,id:2889,3,1.0
2025-09-02,776484,3312,Target Field,id:3312,15,0.0
2025-09-02,776485,2523,George M. Steinbrenner Field,id:2523,11,1.0
2025-09-02,776486,19,Coors Field,id:19,11,0.0
2025-09-02,776487,17,Wrigley Field,id:17,7,1.0
2025-09-02,776488,7,Kauffman Stadium,id:7,6,0.0
2025-09-02,776489,2392,Daikin Park,id:2392,8,0.0
2025-09-02,776490,2394,Comerica Park,id:2394,17,0.0
2025-09-02,776491,2602,Great American Ball Park,id:2602,21,0.0
2025-09-02,776493,3,Fenway Park,id:3,18,1.0
2025-09-02,776496,31,PNC Park,id:31,16,1.0
2025-09-03,776465,2680,Petco Park,id:2680,12,0.0
2025-09-03,776466,7,Kauffman Stadium,id:7,7,0.0
2025-09-03,776467,19,Coors Field,id:19,18,0.0
2025-09-03,776468,15,Chase Field,id:15,2,1.0
2025-09-03,776469,3312,Target Field,id:3312,7,0.0
2025-09-03,776470,2889,Busch Stadium,id:2889,6,1.0
2025-09-03,776471,32,American Family Field,id:32,9,1.0
2025-09-03,776472,2392,Daikin Park,id:2392,15,1.0
2025-09-03,776473,17,Wrigley Field,id:17,6,0.0
2025-09-03,776474,3,Fenway Park,id:3,9,0.0
2025-09-03,776475,2602,Great American Ball Park,id:2602,22,0.0
2025-09-03,776476,2523,George M. Steinbrenner Field,id:2523,13,1.0
2025-09-03,776477,3309,Nationals Park,id:3309,15,1.0
2025-09-03,776478,2394,Comerica Park,id:2394,8,1.0
2025-09-03,776479,31,PNC Park,id:31,3,1.0
2025-09-04,776458,2523,George M. Steinbrenner Field,id:2523,6,1.0
2025-09-04,776459,32,American Family Field,id:32,2,0.0
2025-09-04,776461,31,PNC Park,id:31,8,1.0
2025-09-04,776462,3312,Target Field,id:3312,19,0.0
2025-09-04,776463,7,Kauffman Stadium,id:7,7,1.0
2025-09-04,776464,2392,Daikin Park,id:2392,12,0.0
2025-09-05,776442,19,Coors Field,id:19,3,1.0
2025-09-05,776444,1,Angel Stadium,id:1,14,0.0
2025-09-05,776445,2889,Busch Stadium,id:2889,10,0.0
2025-09-05,776446,7,Kauffman Stadium,id:7,3,1.0
2025-09-05,776448,15,Chase Field,id:15,15,1.0
2025-09-05,776449,5325,Globe Life Field,id:5325,7,1.0
2025-09-05,776450,2602,Great American Ball Park,id:2602,9,0.0
2025-09-05,776451,2523,George M. Steinbrenner Field,id:2523,8,0.0
2025-09-05,776452,2394,Comerica Park,id:2394,12,0.0
2025-09-05,776453,31,PNC Park,id:31,7,0.0
2025-09-05,776454,2,Oriole Park at Camden Yards,id:2,3,1.0
2025-09-05,776455,17,Wrigley Field,id:17,16,1.0
2025-09-05,776456,4169,loanDepot park,id:4169,12,0.0
2025-09-05,776457,3313,Yankee Stadium,id:3313,8,0.0
2025-09-05,776460,4705,Truist Park,id:4705,5,1.0
2025-09-06,776424,15,Chase Field,id:15,6,1.0
2025-09-06,776430,1,Angel Stadium,id:1,21,0.0
2025-09-06,776431,19,Coors Field,id:19,18,0.0
2025-09-06,776432,5325,Globe Life Field,id:5325,11,0.0
2025-09-06,776433,4169,loanDepot park,id:4169,6,0.0
2025-09-06,776434,7,Kauffman Stadium,id:7,13,1.0
2025-09-06,776435,2394,Comerica Park,id:2394,6,1.0
2025-09-06,776436,3313,Yankee Stadium,id:3313,4,1.0
2025-09-06,776437,2889,Busch Stadium,id:2889,5,1.0
2025-09-06,776438,2523,George M. Steinbrenner Field,id:2523,5,0.0
2025-09-06,776439,2602,Great American Ball Park,id:2602,9,1.0
2025-09-06,776440,17,Wrigley Field,id:17,3,0.0
2025-09-06,776441,31,PNC Park,id:31,5,0.0
2025-09-06,776443,2,Oriole Park at Camden Yards,id:2,7,1.0
2025-09-06,776447,4705,Truist Park,id:4705,12,0.0
2025-09-07,776414,1,Angel Stadium,id:1,7,1.0
2025-09-07,776415,15,Chase Field,id:15,11,0.0
2025-09-07,776416,2889,Busch Stadium,id:2889,7,1.0
2025-09-07,776417,19,Coors Field,id:19,9,0.0
2025-09-07,776418,5325,Globe Life Field,id:5325,6,1.0
2025-09-07,776419,31,PNC Park,id:31,12,0.0
2025-09-07,776420,17,Wrigley Field,id:17,9,0.0
2025-09-07,776421,2523,George M. Steinbrenner Field,id:2523,3,0.0
2025-09-07,776422,7,Kauffman Stadium,id:7,6,0.0
2025-09-07,776423,3313,Yankee Stadium,id:3313,7,1.0
2025-09-07,776425,2394,Comerica Park,id:2394,10,0.0
2025-09-07,776426,4169,loanDepot park,id:4169,9,1.0
2025-09-07,776427,2,Oriole Park at Camden Yards,id:2,7,0.0
2025-09-07,776428,4705,Truist Park,id:4705,20,0.0
2025-09-07,776429,2602,Great American Ball Park,id:2602,5,1.0
2025-09-08,776399,2395,Oracle Park,id:2395,16,1.0
2025-09-08,776400,680,T-Mobile Park,id:680,6,1.0
2025-09-08,776405,2681,Citizens Bank Park,id:2681,1,1.0
2025-09-08,776406,5325,Globe Life Field,id:5325,5,1.0
2025-09-08,776407,2680,Petco Park,id:2680,7,1.0
2025-09-08,776408,22,Dodger Stadium,id:22,4,1.0
2025-09-08,776409,4169,loanDepot park,id:4169,22,0.0
2025-09-08,776410,2529,Sutter Health Park,id:2529,7,0.0
2025-09-08,776411,1,Angel Stadium,id:1,15,0.0
2025-09-08,776412,4705,Truist Park,id:4705,5,1.0
2025-09-08,776413,5,Progressive Field,id:5,12,1.0
2025-09-09,776388,4,Rate Field,id:4,9,0.0
2025-09-09,776389,22,Dodger Stadium,id:22,9,1.0
2025-09-09,776390,1,Angel Stadium,id:1,14,1.0
2025-09-09,776391,680,T-Mobile Park,id:680,8,1.0
2025-09-09,776392,2680,Petco Park,id:2680,6,0.0
2025-09-09,776393,14,Rogers Centre,id:14,7,1.0
2025-09-09,776394,2395,Oracle Park,id:2395,8,1.0
2025-09-09,776395,5325,Globe Life Field,id:5325,9,1.0
2025-09-09,776396,2529,Sutter Health Park,id:2529,6,0.0
2025-09-09,776397,4169,loanDepot park,id:4169,12,0.0
2025-09-09,776398,3313,Yankee Stadium,id:3313,14,0.0
2025-09-09,776401,2,Oriole Park at Camden Yards,id:2,5,1.0
2025-09-09,776402,4705,Truist Park,id:4705,7,0.0
2025-09-09,776403,5,Progressive Field,id:5,2,1.0
2025-09-09,776404,2681,Citizens Bank Park,id:2681,12,1.0
2025-09-10,776373,680,T-Mobile Park,id:680,6,1.0
2025-09-10,776374,2395,Oracle Park,id:2395,8,0.0
2025-09-10,776375,5325,Globe Life Field,id:5325,9,1.0
2025-09-10,776376,1,Angel Stadium,id:1,7,1.0
2025-09-10,776377,2680,Petco Park,id:2680,3,0.0
2025-09-10,776378,4,Rate Field,id:4,11,1.0
2025-09-10,776379,2529,Sutter Health Park,id:2529,9,1.0
2025-09-10,776380,22,Dodger Stadium,id:22,9,1.0
2025-09-10,776381,4705,Truist Park,id:4705,5,0.0
2025-09-10,776382,5,Progressive Field,id:5,7,0.0
2025-09-10,776383,3313,Yankee Stadium,id:3313,12,0.0
2025-09-10,776384,2681,Citizens Bank Park,id:2681,14,1.0
2025-09-10,776385,14,Rogers Centre,id:14,5,0.0
2025-09-10,776386,4169,loanDepot park,id:4169,11,1.0
2025-09-10,776387,2,Oriole Park at Camden Yards,id:2,3,1.0
2025-09-11,776362,680,T-Mobile Park,id:680,13,1.0
2025-09-11,776364,4,Rate Field,id:4,6,1.0
2025-09-11,776365,2680,Petco Park,id:2680,2,1.0
2025-09-11,776367,4169,loanDepot park,id:4169,5,1.0
2025-09-11,776368,3313,Yankee Stadium,id:3313,12,1.0
2025-09-11,776369,14,Rogers Centre,id:14,6,1.0
2025-09-11,776370,5,Progressive Field,id:5,5,1.0
2025-09-11,776371,2681,Citizens Bank Park,id:2681,10,1.0
2025-09-11,776372,2,Oriole Park at Camden Yards,id:2,5,1.0
2025-09-12,776345,680,T-Mobile Park,id:680,3,1.0
2025-09-12,776350,2395,Oracle Park,id:2395,6,1.0
2025-09-12,776351,3309,Nationals Park,id:3309,11,1.0
2025-09-12,776352,17,Wrigley Field,id:17,10,1.0
2025-09-12,776353,14,Rogers Centre,id:14,7,1.0
2025-09-12,776354,2681,Citizens Bank Park,id:2681,10,1.0
2025-09-12,776355,3312,Target Field,id:3312,17,1.0
2025-09-12,776356,32,American Family Field,id:32,10,1.0
2025-09-12,776357,2680,Petco Park,id:2680,6,0.0
2025-09-12,776358,2529,Sutter Health Park,id:2529,3,1.0
2025-09-12,776359,3289,Citi Field,id:3289,11,0.0
2025-09-12,776360,4705,Truist Park,id:4705,14,0.0
2025-09-12,776361,5,Progressive Field,id:5,4,1.0
2025-09-12,776363,3,Fenway Park,id:3,5,0.0
2025-09-12,776366,4169,loanDepot park,id:4169,10,1.0
2025-09-13,776328,2395,Oracle Park,id:2395,20,0.0
2025-09-13,776333,680,T-Mobile Park,id:680,8,1.0
2025-09-13,776336,3309,Nationals Park,id:3309,6,0.0
2025-09-13,776337,3312,Target Field,id:3312,7,0.0
2025-09-13,776338,17,Wrigley Field,id:17,9,0.0
2025-09-13,776339,32,American Family Field,id:32,17,1.0
2025-09-13,776340,2529,Sutter Health Park,id:2529,16,1.0
2025-09-13,776341,2680,Petco Park,id:2680,14,1.0
2025-09-13,776342,2681,Citizens Bank Park,id:2681,14,1.0
2025-09-13,776343,14,Rogers Centre,id:14,9,1.0
2025-09-13,776344,3,Fenway Park,id:3,8,0.0
2025-09-13,776346,4705,Truist Park,id:4705,8,0.0
2025-09-13,776347,4169,loanDepot park,id:4169,10,1.0
2025-09-13,776348,5,Progressive Field,id:5,4,1.0
2025-09-13,776349,3289,Citi Field,id:3289,5,0.0
2025-09-14,776317,680,T-Mobile Park,id:680,13,1.0
2025-09-14,776320,3309,Nationals Park,id:3309,7,1.0
2025-09-14,776321,17,Wrigley Field,id:17,7,1.0
2025-09-14,776322,14,Rogers Centre,id:14,13,1.0
2025-09-14,776323,2680,Petco Park,id:2680,15,1.0
2025-09-14,776324,3312,Target Field,id:3312,10,0.0
2025-09-14,776325,2395,Oracle Park,id:2395,12,0.0
2025-09-14,776326,32,American Family Field,id:32,5,0.0
2025-09-14,776327,2529,Sutter Health Park,id:2529,11,1.0
2025-09-14,776329,4705,Truist Park,id:4705,11,1.0
2025-09-14,776330,3,Fenway Park,id:3,10,1.0
2025-09-14,776331,5,Progressive Field,id:5,5,1.0
2025-09-14,776332,4169,loanDepot park,id:4169,2,0.0
2025-09-14,776334,2681,Citizens Bank Park,id:2681,13,0.0
2025-09-14,776335,3289,Citi Field,id:3289,7,1.0
2025-09-15,776309,15,Chase Field,id:15,9,1.0
2025-09-15,776311,22,Dodger Stadium,id:22,11,0.0
2025-09-15,776312,2889,Busch Stadium,id:2889,17,0.0
2025-09-15,776313,3312,Target Field,id:3312,7,1.0
2025-09-15,776314,4,Rate Field,id:4,5,0.0
2025-09-15,776315,3309,Nationals Park,id:3309,14,0.0
2025-09-15,776316,2523,George M. Steinbrenner Field,id:2523,3,0.0
2025-09-15,776318,31,PNC Park,id:31,4,0.0
2025-09-15,776319,2392,Daikin Park,id:2392,9,1.0
2025-09-16,776293,19,Coors Field,id:19,11,0.0
2025-09-16,776294,15,Chase Field,id:15,11,1.0
2025-09-16,776295,32,American Family Field,id:32,11,1.0
2025-09-16,776297,22,Dodger Stadium,id:22,15,0.0
2025-09-16,776298,3312,Target Field,id:3312,19,0.0
2025-09-16,776300,2889,Busch Stadium,id:2889,3,1.0
2025-09-16,776301,2392,Daikin Park,id:2392,11,1.0
2025-09-16,776302,7,Kauffman Stadium,id:7,17,0.0
2025-09-16,776303,2394,Comerica Park,id:2394,12,0.0
2025-09-16,776304,3289,Citi Field,id:3289,11,1.0
2025-09-16,776305,2523,George M. Steinbrenner Field,id:2523,11,0.0
2025-09-16,776306,4,Rate Field,id:4,15,0.0
2025-09-16,776307,3309,Nationals Park,id:3309,5,0.0
2025-09-16,776308,31,PNC Park,id:31,5,0.0
2025-09-16,776310,3,Fenway Park,id:3,3,0.0
2025-09-16,777825,3309,Nationals Park,id:3309,9,0.0
2025-09-17,776277,19,Coors Field,id:19,12,0.0
2025-09-17,776279,15,Chase Field,id:15,6,0.0
2025-09-17,776280,22,Dodger Stadium,id:22,5,1.0
2025-09-17,776283,2889,Busch Stadium,id:2889,8,0.0
2025-09-17,776284,3312,Target Field,id:3312,15,0.0
2025-09-17,776285,4,Rate Field,id:4,4,0.0
2025-09-17,776286,3309,Nationals Park,id:3309,13,0.0
2025-09-17,776287,31,PNC Park,id:31,12,0.0
2025-09-17,776288,3289,Citi Field,id:3289,11,0.0
2025-09-17,776289,7,Kauffman Stadium,id:7,12,1.0
2025-09-17,776290,2523,George M. Steinbrenner Field,id:2523,3,1.0
2025-09-17,776291,32,American Family Field,id:32,11,1.0
2025-09-17,776292,2392,Daikin Park,id:2392,7,1.0
2025-09-17,776296,2394,Comerica Park,id:2394,4,0.0
2025-09-17,776299,3,Fenway Park,id:3,9,1.0
2025-09-18,776269,2523,George M. Steinbrenner Field,id:2523,4,1.0
2025-09-18,776270,19,Coors Field,id:19,16,0.0
2025-09-18,776271,22,Dodger Stadium,id:22,3,1.0
2025-09-18,776272,7,Kauffman Stadium,id:7,2,0.0
2025-09-18,776274,32,American Family Field,id:32,7,1.0
2025-09-18,776275,2394,Comerica Park,id:2394,4,0.0
2025-09-18,776276,3289,Citi Field,id:3289,7,1.0
2025-09-18,776278,2,Oriole Park at Camden Yards,id:2,7,0.0
2025-09-18,776281,3,Fenway Park,id:3,8,0.0
2025-09-18,776282,2602,Great American Ball Park,id:2602,1,1.0
2025-09-19,776251,5325,Globe Life Field,id:5325,10,0.0
2025-09-19,776253,19,Coors Field,id:19,13,1.0
2025-09-19,776255,15,Chase Field,id:15,10,0.0
2025-09-19,776256,22,Dodger Stadium,id:22,9,1.0
2025-09-19,776259,3289,Citi Field,id:3289,18,1.0
2025-09-19,776260,7,Kauffman Stadium,id:7,21,1.0
2025-09-19,776261,2523,George M. Steinbrenner Field,id:2523,18,0.0
2025-09-19,776262,2392,Daikin Park,id:2392,4,0.0
2025-09-19,776263,3312,Target Field,id:3312,8,0.0
2025-09-19,776264,4,Rate Field,id:4,7,1.0
2025-09-19,776265,2889,Busch Stadium,id:2889,8,1.0
2025-09-19,776266,31,PNC Park,id:31,7,0.0
2025-09-19,776267,2602,Great American Ball Park,id:2602,11,1.0
2025-09-19,776268,2394,Comerica Park,id:2394,11,0.0
2025-09-19,776273,2,Oriole Park at Camden Yards,id:2,6,1.0
2025-09-20,776233,22,Dodger Stadium,id:22,12,1.0
2025-09-20,776241,19,Coors Field,id:19,3,0.0
2025-09-20,776242,5325,Globe Life Field,id:5325,7,0.0
2025-09-20,776243,3312,Target Field,id:3312,8,0.0
2025-09-20,776244,2889,Busch Stadium,id:2889,5,0.0
2025-09-20,776245,7,Kauffman Stadium,id:7,3,1.0
2025-09-20,776246,15,Chase Field,id:15,7,1.0
2025-09-20,776247,2523,George M. Steinbrenner Field,id:2523,9,0.0
2025-09-20,776248,2392,Daikin Park,id:2392,10,0.0
2025-09-20,776249,31,PNC Park,id:31,2,1.0
2025-09-20,776250,4,Rate Field,id:4,10,0.0
2025-09-20,776252,3289,Citi Field,id:3289,8,0.0
2025-09-20,776254,2602,Great American Ball Park,id:2602,9,1.0
2025-09-20,776257,2,Oriole Park at Camden Yards,id:2,7,0.0
2025-09-20,776258,2394,Comerica Park,id:2394,11,0.0
2025-09-20,777839,3312,Target Field,id:3312,6,0.0
2025-09-21,776225,3312,Target Field,id:3312,8,1.0
2025-09-21,776226,5325,Globe Life Field,id:5325,6,0.0
2025-09-21,776227,22,Dodger Stadium,id:22,4,0.0
2025-09-21,776228,2392,Daikin Park,id:2392,10,0.0
2025-09-21,776229,7,Kauffman Stadium,id:7,13,0.0
2025-09-21,776230,15,Chase Field,id:15,11,1.0
2025-09-21,776231,2889,Busch Stadium,id:2889,6,1.0
2025-09-21,776232,19,Coors Field,id:19,4,1.0
2025-09-21,776234,31,PNC Park,id:31,11,1.0
2025-09-21,776235,4,Rate Field,id:4,5,0.0
2025-09-21,776236,2523,George M. Steinbrenner Field,id:2523,10,1.0
2025-09-21,776237,3289,Citi Field,id:3289,5,0.0
2025-09-21,776238,2394,Comerica Park,id:2394,8,0.0
2025-09-21,776239,2602,Great American Ball Park,id:2602,1,1.0
2025-09-21,776240,2,Oriole Park at Camden Yards,id:2,8,0.0
2025-09-22,776220,2395,Oracle Park,id:2395,11,0.0
2025-09-22,776221,4705,Truist Park,id:4705,16,1.0
2025-09-22,776222,2680,Petco Park,id:2680,9,1.0
2025-09-23,776207,1,Angel Stadium,id:1,12,0.0
2025-09-23,776208,2529,Sutter Health Park,id:2529,6,1.0
2025-09-23,776209,17,Wrigley Field,id:17,16,0.0
2025-09-23,776210,5325,Globe Life Field,id:5325,5,0.0
2025-09-23,776211,2395,Oracle Park,id:2395,17,0.0
2025-09-23,776212,680,T-Mobile Park,id:680,7,1.0
2025-09-23,776213,15,Chase Field,id:15,9,1.0
2025-09-23,776214,2680,Petco Park,id:2680,7,1.0
2025-09-23,776215,2681,Citizens Bank Park,id:2681,11,0.0
2025-09-23,776216,3313,Yankee Stadium,id:3313,5,1.0
2025-09-23,776217,14,Rogers Centre,id:14,5,0.0
2025-09-23,776218,5,Progressive Field,id:5,7,1.0
2025-09-23,776219,4705,Truist Park,id:4705,5,1.0
2025-09-23,776223,2,Oriole Park at Camden Yards,id:2,6,1.0
2025-09-23,776224,2602,Great American Ball Park,id:2602,6,0.0
2025-09-24,776192,5325,Globe Life Field,id:5325,6,1.0
2025-09-24,776193,15,Chase Field,id:15,9,0.0
2025-09-24,776194,680,T-Mobile Park,id:680,11,1.0
2025-09-24,776195,2529,Sutter Health Park,id:2529,6,1.0
2025-09-24,776196,2395,Oracle Park,id:2395,7,1.0
2025-09-24,776197,1,Angel Stadium,id:1,5,1.0
2025-09-24,776198,2680,Petco Park,id:2680,4,0.0
2025-09-24,776199,3313,Yankee Stadium,id:3313,9,1.0
2025-09-24,776200,4705,Truist Park,id:4705,7,0.0
2025-09-24,776201,2681,Citizens Bank Park,id:2681,12,1.0
2025-09-24,776202,2602,Great American Ball Park,id:2602,7,0.0
2025-09-24,776203,2,Oriole Park at Camden Yards,id:2,8,0.0
2025-09-24,776204,5,Progressive Field,id:5,6,1.0
2025-09-24,776205,17,Wrigley Field,id:17,13,1.0
2025-09-24,776206,14,Rogers Centre,id:14,8,0.0
2025-09-25,776178,1,Angel Stadium,id:1,13,0.0
2025-09-25,776179,680,T-Mobile Park,id:680,8,1.0
2025-09-25,776182,2529,Sutter Health Park,id:2529,16,0.0
2025-09-25,776183,5325,Globe Life Field,id:5325,4,0.0
2025-09-25,776184,3313,Yankee Stadium,id:3313,8,1.0
2025-09-25,776185,15,Chase Field,id:15,8,0.0
2025-09-25,776186,14,Rogers Centre,id:14,7,1.0
2025-09-25,776187,17,Wrigley Field,id:17,13,0.0
2025-09-25,776188,2681,Citizens Bank Park,id:2681,1,1.0
2025-09-25,776189,5,Progressive Field,id:5,6,0.0
2025-09-25,776190,2602,Great American Ball Park,id:2602,3,1.0
2025-09-25,776191,2,Oriole Park at Camden Yards,id:2,11,1.0
2025-09-26,776165,3309,Nationals Park,id:3309,19,0.0
2025-09-26,776166,2395,Oracle Park,id:2395,9,1.0
2025-09-26,776167,17,Wrigley Field,id:17,13,1.0
2025-09-26,776168,680,T-Mobile Park,id:680,5,0.0
2025-09-26,776169,1,Angel Stadium,id:1,7,1.0
2025-09-26,776170,2680,Petco Park,id:2680,11,1.0
2025-09-26,776171,32,American Family Field,id:32,4,0.0
2025-09-26,776172,2529,Sutter Health Park,id:2529,7,1.0
2025-09-26,776173,4169,loanDepot park,id:4169,8,1.0
2025-09-26,776174,3313,Yankee Stadium,id:3313,12,1.0
2025-09-26,776175,5,Progressive Field,id:5,10,0.0
2025-09-26,776176,2681,Citizens Bank Park,id:2681,4,1.0
2025-09-26,776177,14,Rogers Centre,id:14,6,1.0
2025-09-26,776180,4705,Truist Park,id:4705,12,0.0
2025-09-26,776181,3,Fenway Park,id:3,7,1.0
2025-09-27,776146,2395,Oracle Park,id:2395,7,1.0
2025-09-27,776150,680,T-Mobile Park,id:680,8,0.0
2025-09-27,776152,2680,Petco Park,id:2680,6,1.0
2025-09-27,776153,32,American Family Field,id:32,11,0.0
2025-09-27,776154,2529,Sutter Health Park,id:2529,6,0.0
2025-09-27,776155,1,Angel Stadium,id:1,7,0.0
2025-09-27,776156,4705,Truist Park,id:4705,4,0.0
2025-09-27,776157,3,Fenway Park,id:3,3,0.0
2025-09-27,776158,5,Progressive Field,id:5,5,1.0
2025-09-27,776159,14,Rogers Centre,id:14,6,1.0
2025-09-27,776160,3309,Nationals Park,id:3309,11,1.0
2025-09-27,776161,4169,loanDepot park,id:4169,5,0.0
2025-09-27,776162,3313,Yankee Stadium,id:3313,7,1.0
2025-09-27,776163,2681,Citizens Bank Park,id:2681,5,0.0
2025-09-27,776164,17,Wrigley Field,id:17,10,1.0
2025-09-28,776135,1,Angel Stadium,id:1,8,0.0
2025-09-28,776136,2680,Petco Park,id:2680,16,1.0
2025-09-28,776137,2395,Oracle Park,id:2395,4,1.0
2025-09-28,776138,2529,Sutter Health Park,id:2529,11,0.0
2025-09-28,776139,680,T-Mobile Park,id:680,7,0.0
2025-09-28,776140,3313,Yankee Stadium,id:3313,5,1.0
2025-09-28,776141,2681,Citizens Bank Park,id:2681,3,1.0
2025-09-28,776142,17,Wrigley Field,id:17,2,1.0
2025-09-28,776143,3309,Nationals Park,id:3309,8,0.0
2025-09-28,776144,32,American Family Field,id:32,6,1.0
2025-09-28,776145,14,Rogers Centre,id:14,17,1.0
2025-09-28,776147,5,Progressive Field,id:5,17,1.0
2025-09-28,776148,4169,loanDepot park,id:4169,4,1.0
2025-09-28,776149,4705,Truist Park,id:4705,5,1.0
2025-09-28,776151,3,Fenway Park,id:3,7,1.0
2025-09-30,813066,17,Wrigley Field,id:17,4,1.0
2025-09-30,813069,22,Dodger Stadium,id:22,15,1.0
2025-09-30,813072,5,Progressive Field,id:5,3,0.0
2025-09-30,813074,3313,Yankee Stadium,id:3313,4,0.0
2025-10-01,813064,17,Wrigley Field,id:17,3,0.0
2025-10-01,813068,22,Dodger Stadium,id:22,12,1.0
2025-10-01,813070,3313,Yankee Stadium,id:3313,7,1.0
2025-10-01,813071,5,Progressive Field,id:5,7,1.0
2025-10-02,813059,17,Wrigley Field,id:17,4,1.0
2025-10-02,813065,3313,Yankee Stadium,id:3313,4,1.0
2025-10-02,813073,5,Progressive Field,id:5,9,0.0
2025-10-04,813047,32,American Family Field,id:32,12,1.0
2025-10-04,813051,2681,Citizens Bank Park,id:2681,8,0.0
2025-10-04,813058,680,T-Mobile Park,id:680,5,0.0
2025-10-04,813063,14,Rogers Centre,id:14,11,1.0
2025-10-05,813057,680,T-Mobile Park,id:680,5,1.0
2025-10-05,813062,14,Rogers Centre,id:14,20,1.0
2025-10-06,813048,32,American Family Field,id:32,10,1.0
2025-10-06,813052,2681,Citizens Bank Park,id:2681,7,0.0
2025-10-07,813056,2394,Comerica Park,id:2394,12,0.0
2025-10-07,813061,3313,Yankee Stadium,id:3313,15,1.0
2025-10-08,813041,22,Dodger Stadium,id:22,10,0.0
2025-10-08,813049,17,Wrigley Field,id:17,7,1.0
2025-10-08,813055,2394,Comerica Park,id:2394,12,1.0
2025-10-08,813060,3313,Yankee Stadium,id:3313,7,0.0
2025-10-09,813042,22,Dodger Stadium,id:22,3,1.0
2025-10-09,813050,17,Wrigley Field,id:17,6,1.0
2025-10-10,813054,680,T-Mobile Park,id:680,5,1.0
2025-10-11,813046,32,American Family Field,id:32,4,1.0
2025-10-12,813040,14,Rogers Centre,id:14,4,0.0
2025-10-13,813036,32,American Family Field,id:32,3,0.0
2025-10-13,813044,14,Rogers Centre,id:14,13,0.0
2025-10-14,813034,32,American Family Field,id:32,6,0.0
2025-10-15,813043,680,T-Mobile Park,id:680,17,0.0
2025-10-16,813033,22,Dodger Stadium,id:22,4,1.0
2025-10-16,813035,680,T-Mobile Park,id:680,10,0.0
2025-10-17,813031,22,Dodger Stadium,id:22,6,1.0
2025-10-17,813039,680,T-Mobile Park,id:680,8,1.0
2025-10-19,813038,14,Rogers Centre,id:14,8,1.0
2025-10-20,813037,14,Rogers Centre,id:14,7,1.0
2025-10-24,813027,14,Rogers Centre,id:14,15,1.0
2025-10-25,813026,14,Rogers Centre,id:14,6,0.0
2025-10-27,813032,22,Dodger Stadium,id:22,11,1.0
2025-10-28,813023,22,Dodger Stadium,id:22,8,0.0
2025-10-29,813022,22,Dodger Stadium,id:22,7,0.0
2025-10-31,813025,14,Rogers Centre,id:14,4,0.0
2025-11-01,813024,14,Rogers Centre,id:14,9,0.0
2026-02-20,831764,680,T-Mobile Park,id:680,11,1.0
2026-02-20,831829,5325,Globe Life Field,id:5325,10,0.0
2026-02-20,831959,19,Coors Field,id:19,5,0.0
2026-02-20,832033,3,Fenway Park,id:3,21,1.0
2026-02-20,832034,2,Oriole Park at Camden Yards,id:2,2,1.0
2026-02-20,832042,17,Wrigley Field,id:17,9,0.0
2026-02-20,832043,3312,Target Field,id:3312,13,1.0
2026-02-21,831494,2889,Busch Stadium,id:2889,8,0.0
2026-02-21,831497,3289,Citi Field,id:3289,3,0.0
2026-02-21,831542,14,Rogers Centre,id:14,3,1.0
2026-02-21,831543,12,Tropicana Field,id:12,6,0.0
2026-02-21,831544,2,Oriole Park at Camden Yards,id:2,10,0.0
2026-02-21,831598,3309,Nationals Park,id:3309,3,1.0
2026-02-21,831654,3312,Target Field,id:3312,9,0.0
2026-02-21,831655,3313,Yankee Stadium,id:3313,23,1.0
2026-02-21,831732,17,Wrigley Field,id:17,5,0.0
2026-02-21,831750,680,T-Mobile Park,id:680,15,0.0
2026-02-21,831775,7,Kauffman Stadium,id:7,13,0.0
2026-02-21,831872,15,Chase Field,id:15,17,0.0
2026-02-21,831878,32,American Family Field,id:32,15,0.0
2026-02-21,831900,5,Progressive Field,id:5,6,1.0
2026-02-21,831948,4,Rate Field,id:4,13,1.0
2026-02-21,832063,1,Angel Stadium,id:1,17,0.0
2026-02-22,831484,2681,Citizens Bank Park,id:2681,7,0.0
2026-02-22,831495,4169,loanDepot park,id:4169,24,0.0
2026-02-22,831537,3313,Yankee Stadium,id:3313,10,0.0
2026-02-22,831548,2392,Daikin Park,id:2392,11,0.0
2026-02-22,831596,31,PNC Park,id:31,11,1.0
2026-02-22,831597,4705,Truist Park,id:4705,9,0.0
2026-02-22,831656,3,Fenway Park,id:3,21,1.0
2026-02-22,831657,2394,Comerica Park,id:2394,8,0.5
2026-02-22,831744,2602,Great American Ball Park,id:2602,22,0.0
2026-02-22,831790,4,Rate Field,id:4,7,1.0
2026-02-22,831803,2680,Petco Park,id:2680,6,0.0
2026-02-22,831830,15,Chase Field,id:15,19,0.0
2026-02-22,831841,32,American Family Field,id:32,10,0.0
2026-02-22,831859,5325,Globe Life Field,id:5325,14,1.0
2026-02-22,831886,2529,Sutter Health Park,id:2529,6,0.0
2026-02-22,831922,2395,Oracle Park,id:2395,6,1.0
2026-02-23,831483,3309,Nationals Park,id:3309,10,0.5
2026-02-23,831485,2889,Busch Stadium,id:2889,9,1.0
2026-02-23,831539,14,Rogers Centre,id:14,7,0.0
2026-02-23,831540,2,Oriole Park at Camden Yards,id:2,17,0.0
2026-02-23,831595,31,PNC Park,id:31,8,0.0
2026-02-23,831652,12,Tropicana Field,id:12,3,1.0
2026-02-23,831658,2394,Comerica Park,id:2394,3,0.0
2026-02-23,831724,1,Angel Stadium,id:1,6,0.0
2026-02-23,831745,22,Dodger Stadium,id:22,3,1.0
2026-02-23,831783,2680,Petco Park,id:2680,12,1.0
2026-02-23,831912,19,Coors Field,id:19,9,1.0
2026-02-23,831927,7,Kauffman Stadium,id:7,5,0.0
2026-02-23,831939,2395,Oracle Park,id:2395,8,1.0
2026-02-23,831955,5,Progressive Field,id:5,14,1.0
2026-02-24,831489,4169,loanDepot park,id:4169,7,1.0
2026-02-24,831491,3309,Nationals Park,id:3309,7,1.0
2026-02-24,831534,3,Fenway Park,id:3,23,0.0
2026-02-24,831593,3289,Citi Field,id:3289,12,0.5
2026-02-24,831594,4705,Truist Park,id:4705,9,1.0
2026-02-24,831649,14,Rogers Centre,id:14,15,0.0
2026-02-24,831650,12,Tropicana Field,id:12,13,1.0
2026-02-24,831651,3312,Target Field,id:3312,15,0.0
2026-02-24,831781,17,Wrigley Field,id:17,11,1.0
2026-02-24,831797,2529,Sutter Health Park,id:2529,10,0.0
2026-02-24,831825,19,Coors Field,id:19,12,1.0
2026-02-24,831847,2602,Great American Ball Park,id:2602,9,1.0
2026-02-24,831876,22,Dodger Stadium,id:22,14,1.0
2026-02-24,831906,680,T-Mobile Park,id:680,22,0.0
2026-02-24,831951,5325,Globe Life Field,id:5325,10,0.0
2026-02-24,832060,1,Angel Stadium,id:1,5,0.0
2026-02-25,831488,3289,Citi Field,id:3289,6,0.0
2026-02-25,831490,4705,Truist Park,id:4705,4,1.0
2026-02-25,831538,3313,Yankee Stadium,id:3313,7,1.0
2026-02-25,831584,4169,loanDepot park,id:4169,5,0.0
2026-02-25,831591,2681,Citizens Bank Park,id:2681,8,1.0
2026-02-25,831645,3312,Target Field,id:3312,8,0.0
2026-02-25,831647,2394,Comerica Park,id:2394,8,0.5
2026-02-25,831653,2,Oriole Park at Camden Yards,id:2,7,1.0
2026-02-25,831730,5,Progressive Field,id:5,15,0.0
2026-02-25,831741,7,Kauffman Stadium,id:7,16,0.5
2026-02-25,831753,32,American Family Field,id:32,25,1.0
2026-02-25,831815,15,Chase Field,id:15,17,0.0
2026-02-25,831819,2680,Petco Park,id:2680,10,1.0
2026-02-25,831870,17,Wrigley Field,id:17,21,0.0
2026-02-25,831901,4,Rate Field,id:4,5,0.0
2026-02-26,831487,2681,Citizens Bank Park,id:2681,10,1.0
2026-02-26,831535,2392,Daikin Park,id:2392,5,0.0
2026-02-26,831536,3313,Yankee Stadium,id:3313,10,1.0
2026-02-26,831541,14,Rogers Centre,id:14,15,0.0
2026-02-26,831589,2889,Busch Stadium,id:2889,13,1.0
2026-02-26,831590,31,PNC Park,id:31,10,1.0
2026-02-26,831643,3,Fenway Park,id:3,12,1.0
2026-02-26,831644,2,Oriole Park at Camden Yards,id:2,11,1.0
2026-02-26,831736,2529,Sutter Health Park,id:2529,10,1.0
2026-02-26,831773,2602,Great American Ball Park,id:2602,21,1.0
2026-02-26,831788,5325,Globe Life Field,id:5325,6,0.0
2026-02-26,831843,15,Chase Field,id:15,23,1.0
2026-02-26,831862,2395,Oracle Park,id:2395,14,0.0
2026-02-26,831875,680,T-Mobile Park,id:680,15,1.0
2026-02-26,831911,22,Dodger Stadium,id:22,13,1.0
2026-02-26,831926,1,Angel Stadium,id:1,9,1.0
2026-02-27,831482,2889,Busch Stadium,id:2889,17,0.0
2026-02-27,831486,2681,Citizens Bank Park,id:2681,12,1.0
2026-02-27,831528,2394,Comerica Park,id:2394,24,1.0
2026-02-27,831586,3309,Nationals Park,id:3309,8,0.5
2026-02-27,831587,31,PNC Park,id:31,7,1.0
2026-02-27,831588,4705,Truist Park,id:4705,23,1.0
2026-02-27,831646,12,Tropicana Field,id:12,11,1.0
2026-02-27,831648,3312,Target Field,id:3312,22,0.0
2026-02-27,831729,4,Rate Field,id:4,4,1.0
2026-02-27,831776,19,Coors Field,id:19,5,1.0
2026-02-27,831805,2395,Oracle Park,id:2395,16,1.0
2026-02-27,831823,2602,Great American Ball Park,id:2602,7,0.0
2026-02-27,831884,17,Wrigley Field,id:17,14,1.0
2026-02-27,831909,32,American Family Field,id:32,7,1.0
2026-02-27,831946,7,Kauffman Stadium,id:7,13,1.0
2026-02-27,831952,680,T-Mobile Park,id:680,4,0.0
2026-02-28,831474,4169,loanDepot park,id:4169,12,0.0
2026-02-28,831481,3289,Citi Field,id:3289,5,0.0
2026-02-28,831526,2392,Daikin Park,id:2392,7,0.0
2026-02-28,831530,2,Oriole Park at Camden Yards,id:2,12,0.0
2026-02-28,831533,14,Rogers Centre,id:14,12,1.0
2026-02-28,831635,3,Fenway Park,id:3,21,1.0
2026-02-28,831636,3313,Yankee Stadium,id:3313,6,1.0
2026-02-28,831637,12,Tropicana Field,id:12,15,0.0
2026-02-28,831738,2680,Petco Park,id:2680,8,1.0
2026-02-28,831763,2529,Sutter Health Park,id:2529,10,0.0
2026-02-28,831798,5325,Globe Life Field,id:5325,13,1.0
2026-02-28,831845,19,Coors Field,id:19,19,0.0
2026-02-28,831893,32,American Family Field,id:32,16,0.0
2026-02-28,831917,5,Progressive Field,id:5,12,0.0
2026-02-28,831925,22,Dodger Stadium,id:22,8,0.0
2026-02-28,831957,1,Angel Stadium,id:1,13,0.0
2026-03-01,831475,3309,Nationals Park,id:3309,3,0.0
2026-03-01,831477,2889,Busch Stadium,id:2889,7,0.0
2026-03-01,831531,3312,Target Field,id:3312,4,0.5
2026-03-01,831578,2681,Citizens Bank Park,id:2681,8,0.0
2026-03-01,831579,3289,Citi Field,id:3289,7,1.0
2026-03-01,831585,4705,Truist Park,id:4705,8,1.0
2026-03-01,831638,3,Fenway Park,id:3,15,0.0
2026-03-01,831639,2394,Comerica Park,id:2394,8,0.5
2026-03-01,831721,680,T-Mobile Park,id:680,13,0.0
2026-03-01,831768,2395,Oracle Park,id:2395,10,1.0
2026-03-01,831794,7,Kauffman Stadium,id:7,4,1.0
2026-03-01,831827,22,Dodger Stadium,id:22,7,1.0
2026-03-01,831867,5,Progressive Field,id:5,11,1.0
2026-03-01,831888,15,Chase Field,id:15,15,1.0
2026-03-01,831899,2529,Sutter Health Park,id:2529,16,1.0
2026-03-01,831914,17,Wrigley Field,id:17,6,0.0
2026-03-02,831476,2889,Busch Stadium,id:2889,5,1.0
2026-03-02,831527,2394,Comerica Park,id:2394,7,0.0
2026-03-02,831529,2392,Daikin Park,id:2392,6,0.5
2026-03-02,831577,31,PNC Park,id:31,5,1.0
2026-03-02,831640,14,Rogers Centre,id:14,13,0.0
2026-03-02,831760,4,Rate Field,id:4,11,0.0
2026-03-02,831808,19,Coors Field,id:19,12,0.0
2026-03-02,831840,1,Angel Stadium,id:1,9,1.0
2026-03-02,831874,5325,Globe Life Field,id:5325,4,1.0
2026-03-02,831930,2602,Great American Ball Park,id:2602,26,1.0
2026-03-02,831934,2680,Petco Park,id:2680,9,0.0
2026-03-03,831430,31,PNC Park,id:31,8,1.0
2026-03-03,831434,3289,Citi Field,id:3289,9,1.0
2026-03-03,831436,4169,loanDepot park,id:4169,1,0.0
2026-03-03,831437,14,Rogers Centre,id:14,17,1.0
2026-03-03,831439,3,Fenway Park,id:3,8,0.0
2026-03-03,831440,2392,Daikin Park,id:2392,4,1.0
2026-03-03,831444,3313,Yankee Stadium,id:3313,12,1.0
2026-03-03,831445,2,Oriole Park at Camden Yards,id:2,13,0.0
2026-03-03,831532,12,Tropicana Field,id:12,4,1.0
2026-03-03,831641,3312,Target Field,id:3312,8,0.0
2026-03-03,831720,2395,Oracle Park,id:2395,16,0.0
2026-03-03,831772,4,Rate Field,id:4,7,0.0
2026-03-03,831800,15,Chase Field,id:15,9,0.0
2026-03-03,831811,5,Progressive Field,id:5,9,0.0
2026-03-03,831817,680,T-Mobile Park,id:680,13,0.0
2026-03-03,831851,7,Kauffman Stadium,id:7,4,1.0
2026-03-03,831853,17,Wrigley Field,id:17,13,0.0
2026-03-03,831855,32,American Family Field,id:32,10,0.0
2026-03-03,831940,2529,Sutter Health Park,id:2529,18,1.0
2026-03-03,836149,4169,loanDepot park,id:4169,16,1.0
2026-03-04,831427,2681,Citizens Bank Park,id:2681,8,0.0
2026-03-04,831428,3309,Nationals Park,id:3309,6,1.0
2026-03-04,831429,2889,Busch Stadium,id:2889,3,0.0
2026-03-04,831431,3289,Citi Field,id:3289,7,1.0
2026-03-04,831432,12,Tropicana Field,id:12,19,0.0
2026-03-04,831433,2394,Comerica Park,id:2394,3,1.0
2026-03-04,831435,3312,Target Field,id:3312,9,1.0
2026-03-04,831438,4705,Truist Park,id:4705,10,1.0
2026-03-04,831634,3,Fenway Park,id:3,4,0.0
2026-03-04,831642,2,Oriole Park at Camden Yards,id:2,6,0.0
2026-03-04,831723,19,Coors Field,id:19,18,0.0
2026-03-04,831739,2395,Oracle Park,id:2395,13,1.0
2026-03-04,831799,22,Dodger Stadium,id:22,12,1.0
2026-03-04,831844,1,Angel Stadium,id:1,7,1.0
2026-03-04,831852,2535,Hiram Bithorn Stadium,id:2535,21,0.0
2026-03-04,831854,2680,Petco Park,id:2680,4,0.5
2026-03-04,831929,32,American Family Field,id:32,5,0.0
2026-03-04,831938,5325,Globe Life Field,id:5325,15,1.0
2026-03-04,831963,2529,Sutter Health Park,id:2529,4,0.0
2026-03-04,836150,4169,loanDepot park,id:4169,8,0.5
2026-03-05,831478,31,PNC Park,id:31,5,0.0
2026-03-05,831479,3309,Nationals Park,id:3309,11,1.0
2026-03-05,831581,2681,Citizens Bank Park,id:2681,8,1.0
2026-03-05,831582,4169,loanDepot park,id:4169,2,1.0
2026-03-05,831583,4705,Truist Park,id:4705,14,1.0
2026-03-05,831632,3313,Yankee Stadium,id:3313,15,0.0
2026-03-05,831633,12,Tropicana Field,id:12,7,0.0
2026-03-05,831733,7,Kauffman Stadium,id:7,24,0.0
2026-03-05,831765,680,T-Mobile Park,id:680,33,0.0
2026-03-05,831792,19,Coors Field,id:19,18,0.0
2026-03-05,831810,2602,Great American Ball Park,id:2602,27,1.0
2026-03-05,831880,4,Rate Field,id:4,15,0.0
2026-03-05,831941,1,Angel Stadium,id:1,27,0.0
2026-03-05,831961,17,Wrigley Field,id:17,9,1.0
2026-03-06,831470,31,PNC Park,id:31,24,0.0
2026-03-06,831480,4169,loanDepot park,id:4169,2,1.0
2026-03-06,831519,2,Oriole Park at Camden Yards,id:2,12,0.0
2026-03-06,831521,3312,Target Field,id:3312,5,0.0
2026-03-06,831524,2392,Daikin Park,id:2392,8,1.0
2026-03-06,831525,14,Rogers Centre,id:14,11,1.0
2026-03-06,831624,3313,Yankee Stadium,id:3313,3,1.0
2026-03-06,831631,2394,Comerica Park,id:2394,14,1.0
2026-03-06,831737,5325,Globe Life Field,id:5325,6,0.0
2026-03-06,831826,5,Progressive Field,id:5,8,1.0
2026-03-06,831842,22,Dodger Stadium,id:22,6,1.0
2026-03-06,831871,2529,Sutter Health Park,id:2529,17,0.0
2026-03-06,831889,2395,Oracle Park,id:2395,9,1.0
2026-03-06,831919,15,Chase Field,id:15,6,0.0
2026-03-06,831921,2680,Petco Park,id:2680,3,1.0
2026-03-06,831954,32,American Family Field,id:32,8,1.0
2026-03-07,831469,2889,Busch Stadium,id:2889,5,0.0
2026-03-07,831518,2394,Comerica Park,id:2394,8,0.0
2026-03-07,831523,2392,Daikin Park,id:2392,9,1.0
2026-03-07,831568,3309,Nationals Park,id:3309,3,1.0
2026-03-07,831576,2681,Citizens Bank Park,id:2681,1,0.0
2026-03-07,831580,4705,Truist Park,id:4705,4,0.5
2026-03-07,831629,3,Fenway Park,id:3,2,1.0
2026-03-07,831630,2,Oriole Park at Camden Yards,id:2,5,1.0
2026-03-07,831726,2395,Oracle Park,id:2395,12,1.0
2026-03-07,831774,5,Progressive Field,id:5,8,1.0
2026-03-07,831795,1,Angel Stadium,id:1,8,0.0
2026-03-07,831828,2529,Sutter Health Park,id:2529,3,0.0
2026-03-07,831863,22,Dodger Stadium,id:22,10,0.0
2026-03-07,831897,7,Kauffman Stadium,id:7,8,1.0
2026-03-07,831904,680,T-Mobile Park,id:680,6,0.0
2026-03-07,831949,17,Wrigley Field,id:17,7,1.0
2026-03-07,832862,15,Chase Field,id:15,11,0.0
2026-03-08,831467,4169,loanDepot park,id:4169,4,0.5
2026-03-08,831520,12,Tropicana Field,id:12,17,1.0
2026-03-08,831522,3312,Target Field,id:3312,13,1.0
2026-03-08,831571,31,PNC Park,id:31,16,1.0
2026-03-08,831572,3309,Nationals Park,id:3309,4,1.0
2026-03-08,831575,3289,Citi Field,id:3289,14,1.0
2026-03-08,831627,14,Rogers Centre,id:14,5,1.0
2026-03-08,831628,2,Oriole Park at Camden Yards,id:2,1,0.0
2026-03-08,831740,32,American Family Field,id:32,9,1.0
2026-03-08,831757,17,Wrigley Field,id:17,14,0.0
2026-03-08,831812,2529,Sutter Health Park,id:2529,18,1.0
2026-03-08,831813,5325,Globe Life Field,id:5325,17,0.0
2026-03-08,831832,2529,Sutter Health Park,id:2529,11,1.0
2026-03-08,831848,4,Rate Field,id:4,9,1.0
2026-03-08,831882,19,Coors Field,id:19,8,0.5
2026-03-08,831892,2680,Petco Park,id:2680,17,1.0
2026-03-08,831960,2602,Great American Ball Park,id:2602,17,1.0
2026-03-09,831468,3289,Citi Field,id:3289,9,1.0
2026-03-09,831515,3,Fenway Park,id:3,8,1.0
2026-03-09,831516,2392,Daikin Park,id:2392,13,1.0
2026-03-09,831517,3313,Yankee Stadium,id:3313,8,0.0
2026-03-09,831569,4705,Truist Park,id:4705,17,1.0
2026-03-09,831570,2889,Busch Stadium,id:2889,9,1.0
2026-03-09,831626,2394,Comerica Park,id:2394,8,0.5
2026-03-09,831725,2680,Petco Park,id:2680,5,0.0
2026-03-09,831748,15,Chase Field,id:15,3,1.0
2026-03-09,831802,32,American Family Field,id:32,7,0.0
2026-03-09,831816,2395,Oracle Park,id:2395,2,0.0
2026-03-09,831865,4,Rate Field,id:4,15,1.0
2026-03-09,831881,7,Kauffman Stadium,id:7,8,0.0
2026-03-09,831943,2602,Great American Ball Park,id:2602,16,0.0
2026-03-10,831471,4169,loanDepot park,id:4169,12,0.0
2026-03-10,831473,3289,Citi Field,id:3289,7,1.0
2026-03-10,831513,14,Rogers Centre,id:14,7,1.0
2026-03-10,831573,2681,Citizens Bank Park,id:2681,6,0.0
2026-03-10,831617,2392,Daikin Park,id:2392,13,1.0
2026-03-10,831618,12,Tropicana Field,id:12,11,0.0
2026-03-10,831625,3,Fenway Park,id:3,9,0.0
2026-03-10,831758,5,Progressive Field,id:5,9,0.0
2026-03-10,831771,1,Angel Stadium,id:1,12,0.0
2026-03-10,831836,680,T-Mobile Park,id:680,7,1.0
2026-03-10,831898,19,Coors Field,id:19,9,0.0
2026-03-10,831918,2529,Sutter Health Park,id:2529,18,1.0
2026-03-10,831920,5325,Globe Life Field,id:5325,11,1.0
2026-03-10,831956,22,Dodger Stadium,id:22,5,1.0
2026-03-11,831465,3309,Nationals Park,id:3309,4,1.0
2026-03-11,831507,2,Oriole Park at Camden Yards,id:2,9,1.0
2026-03-11,831561,4169,loanDepot park,id:4169,5,0.0
2026-03-11,831574,4705,Truist Park,id:4705,8,1.0
2026-03-11,831619,3312,Target Field,id:3312,3,1.0
2026-03-11,831620,3313,Yankee Stadium,id:3313,9,1.0
2026-03-11,831762,7,Kauffman Stadium,id:7,7,0.0
2026-03-11,831793,2602,Great American Ball Park,id:2602,9,1.0
2026-03-11,831824,4,Rate Field,id:4,12,0.0
2026-03-11,831849,17,Wrigley Field,id:17,17,1.0
2026-03-11,831861,680,T-Mobile Park,id:680,18,0.0
2026-03-11,831950,15,Chase Field,id:15,16,0.0
2026-03-12,831466,31,PNC Park,id:31,7,1.0
2026-03-12,831472,2889,Busch Stadium,id:2889,4,1.0
2026-03-12,831510,2392,Daikin Park,id:2392,5,0.0
2026-03-12,831564,2681,Citizens Bank Park,id:2681,13,1.0
2026-03-12,831621,2394,Comerica Park,id:2394,7,0.0
2026-03-12,831622,3312,Target Field,id:3312,13,1.0
2026-03-12,831754,17,Wrigley Field,id:17,11,1.0
2026-03-12,831791,5,Progressive Field,id:5,1,1.0
2026-03-12,831839,2680,Petco Park,id:2680,11,0.0
2026-03-12,831869,15,Chase Field,id:15,15,0.0
2026-03-12,831894,22,Dodger Stadium,id:22,14,1.0
2026-03-12,831908,2395,Oracle Park,id:2395,6,0.5
2026-03-12,831936,5325,Globe Life Field,id:5325,13,1.0
2026-03-13,831462,3289,Citi Field,id:3289,1,0.0
2026-03-13,831464,3309,Nationals Park,id:3309,11,0.0
2026-03-13,831512,2394,Comerica Park,id:2394,12,0.0
2026-03-13,831563,4705,Truist Park,id:4705,13,1.0
2026-03-13,831565,2681,Citizens Bank Park,id:2681,19,1.0
2026-03-13,831567,2889,Busch Stadium,id:2889,9,1.0
2026-03-13,831616,3,Fenway Park,id:3,13,1.0
2026-03-13,831623,14,Rogers Centre,id:14,7,1.0
2026-03-13,831731,19,Coors Field,id:19,13,0.0
2026-03-13,831759,2602,Great American Ball Park,id:2602,1,1.0
2026-03-13,831778,2529,Sutter Health Park,id:2529,22,0.0
2026-03-13,831801,680,T-Mobile Park,id:680,17,0.0
2026-03-13,831879,1,Angel Stadium,id:1,7,1.0
2026-03-13,831891,2395,Oracle Park,id:2395,7,0.0
2026-03-13,831933,4,Rate Field,id:4,6,1.0
2026-03-13,831935,32,American Family Field,id:32,17,0.0
2026-03-13,831958,7,Kauffman Stadium,id:7,16,0.0
2026-03-14,831459,3309,Nationals Park,id:3309,5,0.0
2026-03-14,831460,4169,loanDepot park,id:4169,14,0.5
2026-03-14,831508,2392,Daikin Park,id:2392,10,1.0
2026-03-14,831514,3313,Yankee Stadium,id:3313,10,0.0
2026-03-14,831562,31,PNC Park,id:31,14,1.0
2026-03-14,831566,4705,Truist Park,id:4705,11,1.0
2026-03-14,831613,3312,Target Field,id:3312,15,0.0
2026-03-14,831614,14,Rogers Centre,id:14,7,0.0
2026-03-14,831728,2602,Great American Ball Park,id:2602,7,1.0
2026-03-14,831747,1,Angel Stadium,id:1,8,1.0
2026-03-14,831770,5325,Globe Life Field,id:5325,24,1.0
2026-03-14,831809,4,Rate Field,id:4,9,1.0
2026-03-14,831850,2529,Sutter Health Park,id:2529,13,1.0
2026-03-14,831860,32,American Family Field,id:32,12,1.0
2026-03-14,831877,2680,Petco Park,id:2680,13,1.0
2026-03-14,831928,19,Coors Field,id:19,7,1.0
2026-03-14,831953,2395,Oracle Park,id:2395,15,0.0
